path,label
Train_Set/Aman/Aman_08000.jpg,Aman
Train_Set/Rusak/Rusak_01717.jpg,Rusak
Train_Set/Aman/Aman_01978.jpg,Aman
Train_Set/Aman/Aman_05498.jpg,Aman
Train_Set/Aman/Aman_04204.jpg,Aman
Train_Set/Aman/Aman_02301.jpg,Aman
Train_Set/Lainnya/Lainnya_00197.jpg,Lainnya
Train_Set/Rusak/Rusak_01601.jpg,Rusak
Train_Set/Aman/Aman_07153.jpg,Aman
Train_Set/Aman/Aman_00528.jpg,Aman
Train_Set/Aman/Aman_05218.jpg,Aman
Train_Set/Aman/Aman_08199.jpg,Aman
Train_Set/Rusak/Rusak_02838.jpg,Rusak
Train_Set/Aman/Aman_07292.jpg,Aman
Train_Set/Aman/Aman_06765.jpg,Aman
Train_Set/Rusak/Rusak_02310.jpg,Rusak
Train_Set/Rusak/Rusak_01362.jpg,Rusak
Train_Set/Aman/Aman_04702.jpg,Aman
Train_Set/Aman/Aman_07594.jpg,Aman
Train_Set/Aman/Aman_03987.jpg,Aman
Train_Set/Aman/Aman_01683.jpg,Aman
Train_Set/Rusak/Rusak_02695.jpg,Rusak
Train_Set/Aman/Aman_05086.jpg,Aman
Train_Set/Aman/Aman_08711.jpg,Aman
Train_Set/Rusak/Rusak_01743.jpg,Rusak
Train_Set/Aman/Aman_08602.jpg,Aman
Train_Set/Aman/Aman_00213.jpg,Aman
Train_Set/Aman/Aman_00019.jpg,Aman
Train_Set/Rusak/Rusak_02525.jpg,Rusak
Train_Set/Rusak/Rusak_00901.jpg,Rusak
Train_Set/Aman/Aman_08172.jpg,Aman
Train_Set/Aman/Aman_02550.jpg,Aman
Train_Set/Aman/Aman_01692.jpg,Aman
Train_Set/Aman/Aman_04538.jpg,Aman
Train_Set/Rusak/Rusak_02073.jpg,Rusak
Train_Set/Aman/Aman_03143.jpg,Aman
Train_Set/Aman/Aman_05513.jpg,Aman
Train_Set/Rusak/Rusak_01489.jpg,Rusak
Train_Set/Aman/Aman_07773.jpg,Aman
Train_Set/Aman/Aman_03396.jpg,Aman
Train_Set/Aman/Aman_01922.jpg,Aman
Train_Set/Aman/Aman_04137.jpg,Aman
Train_Set/Aman/Aman_02498.jpg,Aman
Train_Set/Aman/Aman_07087.jpg,Aman
Train_Set/Rusak/Rusak_01847.jpg,Rusak
Train_Set/Aman/Aman_03117.jpg,Aman
Train_Set/Rusak/Rusak_01984.jpg,Rusak
Train_Set/Aman/Aman_01704.jpg,Aman
Train_Set/Lainnya/Lainnya_00004.jpg,Lainnya
Train_Set/Aman/Aman_02990.jpg,Aman
Train_Set/Rusak/Rusak_00309.jpg,Rusak
Train_Set/Aman/Aman_02897.jpg,Aman
Train_Set/Rusak/Rusak_00045.jpg,Rusak
Train_Set/Aman/Aman_06080.jpg,Aman
Train_Set/Aman/Aman_01923.jpg,Aman
Train_Set/Aman/Aman_05455.jpg,Aman
Train_Set/Rusak/Rusak_01797.jpg,Rusak
Train_Set/Aman/Aman_06430.jpg,Aman
Train_Set/Rusak/Rusak_02545.jpg,Rusak
Train_Set/Aman/Aman_07663.jpg,Aman
Train_Set/Rusak/Rusak_01274.jpg,Rusak
Train_Set/Rusak/Rusak_02780.jpg,Rusak
Train_Set/Aman/Aman_03272.jpg,Aman
Train_Set/Aman/Aman_07442.jpg,Aman
Train_Set/Aman/Aman_06983.jpg,Aman
Train_Set/Lainnya/Lainnya_00401.jpg,Lainnya
Train_Set/Aman/Aman_06952.jpg,Aman
Train_Set/Aman/Aman_01904.jpg,Aman
Train_Set/Aman/Aman_08025.jpg,Aman
Train_Set/Aman/Aman_04337.png,Aman
Train_Set/Aman/Aman_00316.jpg,Aman
Train_Set/Rusak/Rusak_02650.jpg,Rusak
Train_Set/Rusak/Rusak_02049.jpg,Rusak
Train_Set/Aman/Aman_01870.jpg,Aman
Train_Set/Aman/Aman_04600.jpg,Aman
Train_Set/Aman/Aman_00931.jpg,Aman
Train_Set/Aman/Aman_04164.jpg,Aman
Train_Set/Lainnya/Lainnya_00233.jpg,Lainnya
Train_Set/Aman/Aman_02847.jpg,Aman
Train_Set/Rusak/Rusak_01942.jpg,Rusak
Train_Set/Aman/Aman_01002.jpg,Aman
Train_Set/Rusak/Rusak_02251.jpg,Rusak
Train_Set/Aman/Aman_02251.jpg,Aman
Train_Set/Lainnya/Lainnya_00360.jpg,Lainnya
Train_Set/Aman/Aman_08543.jpg,Aman
Train_Set/Aman/Aman_04317.jpg,Aman
Train_Set/Aman/Aman_02400.jpg,Aman
Train_Set/Aman/Aman_00149.jpg,Aman
Train_Set/Aman/Aman_08348.jpg,Aman
Train_Set/Aman/Aman_08776.jpg,Aman
Train_Set/Aman/Aman_06502.jpg,Aman
Train_Set/Lainnya/Lainnya_00391.jpg,Lainnya
Train_Set/Rusak/Rusak_00698.jpg,Rusak
Train_Set/Rusak/Rusak_01293.jpg,Rusak
Train_Set/Aman/Aman_01581.jpg,Aman
Train_Set/Aman/Aman_00036.jpg,Aman
Train_Set/Aman/Aman_00715.jpg,Aman
Train_Set/Aman/Aman_00506.jpg,Aman
Train_Set/Aman/Aman_04050.jpg,Aman
Train_Set/Aman/Aman_01535.jpg,Aman
Train_Set/Aman/Aman_00678.jpg,Aman
Train_Set/Rusak/Rusak_02480.jpg,Rusak
Train_Set/Aman/Aman_02139.jpg,Aman
Train_Set/Aman/Aman_03500.jpg,Aman
Train_Set/Aman/Aman_08442.jpg,Aman
Train_Set/Aman/Aman_04909.jpg,Aman
Train_Set/Rusak/Rusak_01963.jpg,Rusak
Train_Set/Aman/Aman_03045.jpg,Aman
Train_Set/Aman/Aman_06558.jpg,Aman
Train_Set/Rusak/Rusak_00562.jpg,Rusak
Train_Set/Aman/Aman_07789.jpg,Aman
Train_Set/Aman/Aman_07748.jpg,Aman
Train_Set/Aman/Aman_00146.jpg,Aman
Train_Set/Rusak/Rusak_02391.jpg,Rusak
Train_Set/Aman/Aman_05230.jpg,Aman
Train_Set/Aman/Aman_00626.jpg,Aman
Train_Set/Aman/Aman_02367.jpg,Aman
Train_Set/Aman/Aman_00334.jpg,Aman
Train_Set/Aman/Aman_08604.jpg,Aman
Train_Set/Aman/Aman_07770.jpg,Aman
Train_Set/Aman/Aman_02822.jpg,Aman
Train_Set/Aman/Aman_03047.jpg,Aman
Train_Set/Aman/Aman_06484.jpg,Aman
Train_Set/Aman/Aman_00625.jpg,Aman
Train_Set/Aman/Aman_02011.jpg,Aman
Train_Set/Aman/Aman_07161.jpg,Aman
Train_Set/Aman/Aman_00466.jpg,Aman
Train_Set/Aman/Aman_06402.jpg,Aman
Train_Set/Aman/Aman_00569.jpg,Aman
Train_Set/Aman/Aman_05269.jpg,Aman
Train_Set/Rusak/Rusak_01058.jpg,Rusak
Train_Set/Aman/Aman_03943.jpg,Aman
Train_Set/Rusak/Rusak_02430.jpg,Rusak
Train_Set/Aman/Aman_04344.png,Aman
Train_Set/Rusak/Rusak_02294.jpg,Rusak
Train_Set/Aman/Aman_05059.jpg,Aman
Train_Set/Aman/Aman_04787.jpg,Aman
Train_Set/Rusak/Rusak_00435.jpg,Rusak
Train_Set/Aman/Aman_04509.jpg,Aman
Train_Set/Aman/Aman_07845.jpg,Aman
Train_Set/Rusak/Rusak_00998.jpg,Rusak
Train_Set/Aman/Aman_03812.jpg,Aman
Train_Set/Aman/Aman_08749.jpg,Aman
Train_Set/Aman/Aman_01986.jpg,Aman
Train_Set/Rusak/Rusak_00125.jpg,Rusak
Train_Set/Rusak/Rusak_02334.jpg,Rusak
Train_Set/Aman/Aman_08283.jpg,Aman
Train_Set/Aman/Aman_08498.jpg,Aman
Train_Set/Aman/Aman_03133.jpg,Aman
Train_Set/Aman/Aman_07118.jpg,Aman
Train_Set/Aman/Aman_06855.jpg,Aman
Train_Set/Rusak/Rusak_02052.jpg,Rusak
Train_Set/Aman/Aman_01423.jpg,Aman
Train_Set/Aman/Aman_04349.jpg,Aman
Train_Set/Rusak/Rusak_02133.jpg,Rusak
Train_Set/Aman/Aman_00066.jpg,Aman
Train_Set/Aman/Aman_08397.jpg,Aman
Train_Set/Aman/Aman_04021.jpg,Aman
Train_Set/Aman/Aman_00430.jpg,Aman
Train_Set/Aman/Aman_08678.jpg,Aman
Train_Set/Rusak/Rusak_00675.jpg,Rusak
Train_Set/Aman/Aman_03734.jpg,Aman
Train_Set/Aman/Aman_07899.jpg,Aman
Train_Set/Aman/Aman_03237.jpg,Aman
Train_Set/Aman/Aman_08291.jpg,Aman
Train_Set/Aman/Aman_06665.jpg,Aman
Train_Set/Aman/Aman_08429.jpg,Aman
Train_Set/Aman/Aman_03803.jpg,Aman
Train_Set/Aman/Aman_04040.jpg,Aman
Train_Set/Aman/Aman_04651.jpg,Aman
Train_Set/Rusak/Rusak_02832.jpg,Rusak
Train_Set/Aman/Aman_03922.jpg,Aman
Train_Set/Lainnya/Lainnya_00157.jpg,Lainnya
Train_Set/Aman/Aman_07035.jpg,Aman
Train_Set/Aman/Aman_01055.jpg,Aman
Train_Set/Aman/Aman_08632.jpg,Aman
Train_Set/Aman/Aman_00753.jpg,Aman
Train_Set/Aman/Aman_00211.jpg,Aman
Train_Set/Aman/Aman_02176.jpg,Aman
Train_Set/Aman/Aman_01130.jpg,Aman
Train_Set/Rusak/Rusak_00008.png,Rusak
Train_Set/Lainnya/Lainnya_00061.jpg,Lainnya
Train_Set/Aman/Aman_05191.jpg,Aman
Train_Set/Aman/Aman_05438.jpg,Aman
Train_Set/Aman/Aman_07206.jpeg,Aman
Train_Set/Aman/Aman_01810.jpg,Aman
Train_Set/Rusak/Rusak_01591.jpg,Rusak
Train_Set/Aman/Aman_04801.jpg,Aman
Train_Set/Aman/Aman_08796.jpg,Aman
Train_Set/Rusak/Rusak_01143.jpg,Rusak
Train_Set/Rusak/Rusak_02451.jpg,Rusak
Train_Set/Aman/Aman_08549.jpg,Aman
Train_Set/Aman/Aman_03093.jpg,Aman
Train_Set/Aman/Aman_04231.png,Aman
Train_Set/Rusak/Rusak_00812.jpg,Rusak
Train_Set/Aman/Aman_04480.jpg,Aman
Train_Set/Aman/Aman_00049.jpg,Aman
Train_Set/Aman/Aman_06837.jpg,Aman
Train_Set/Aman/Aman_01272.jpg,Aman
Train_Set/Aman/Aman_04029.jpg,Aman
Train_Set/Aman/Aman_03514.jpg,Aman
Train_Set/Aman/Aman_06627.jpg,Aman
Train_Set/Aman/Aman_02993.jpg,Aman
Train_Set/Aman/Aman_03910.jpg,Aman
Train_Set/Rusak/Rusak_01741.jpg,Rusak
Train_Set/Aman/Aman_01138.jpg,Aman
Train_Set/Aman/Aman_05901.jpg,Aman
Train_Set/Rusak/Rusak_01838.jpg,Rusak
Train_Set/Aman/Aman_08158.jpg,Aman
Train_Set/Rusak/Rusak_02131.jpg,Rusak
Train_Set/Rusak/Rusak_00181.jpg,Rusak
Train_Set/Lainnya/Lainnya_00256.jpg,Lainnya
Train_Set/Aman/Aman_03772.jpg,Aman
Train_Set/Aman/Aman_08117.jpg,Aman
Train_Set/Aman/Aman_05993.jpg,Aman
Train_Set/Aman/Aman_05983.jpg,Aman
Train_Set/Aman/Aman_03281.jpg,Aman
Train_Set/Aman/Aman_02479.jpg,Aman
Train_Set/Rusak/Rusak_00704.jpg,Rusak
Train_Set/Aman/Aman_07658.jpg,Aman
Train_Set/Aman/Aman_02170.jpg,Aman
Train_Set/Rusak/Rusak_01423.jpg,Rusak
Train_Set/Aman/Aman_08154.jpg,Aman
Train_Set/Aman/Aman_07871.jpg,Aman
Train_Set/Aman/Aman_04510.jpg,Aman
Train_Set/Aman/Aman_02611.jpg,Aman
Train_Set/Aman/Aman_03609.jpg,Aman
Train_Set/Aman/Aman_05820.jpg,Aman
Train_Set/Aman/Aman_04245.png,Aman
Train_Set/Rusak/Rusak_01328.jpg,Rusak
Train_Set/Aman/Aman_07946.jpg,Aman
Train_Set/Aman/Aman_02554.jpg,Aman
Train_Set/Aman/Aman_07015.jpg,Aman
Train_Set/Rusak/Rusak_02113.jpg,Rusak
Train_Set/Lainnya/Lainnya_00423.jpg,Lainnya
Train_Set/Aman/Aman_01160.jpg,Aman
Train_Set/Aman/Aman_05356.jpg,Aman
Train_Set/Aman/Aman_07814.jpg,Aman
Train_Set/Rusak/Rusak_00294.jpg,Rusak
Train_Set/Aman/Aman_00145.jpg,Aman
Train_Set/Rusak/Rusak_00322.jpg,Rusak
Train_Set/Aman/Aman_08253.jpg,Aman
Train_Set/Aman/Aman_01930.jpg,Aman
Train_Set/Aman/Aman_08609.jpg,Aman
Train_Set/Aman/Aman_03541.jpg,Aman
Train_Set/Rusak/Rusak_00261.jpg,Rusak
Train_Set/Rusak/Rusak_01972.jpg,Rusak
Train_Set/Aman/Aman_05382.jpg,Aman
Train_Set/Aman/Aman_07570.jpg,Aman
Train_Set/Aman/Aman_06840.jpg,Aman
Train_Set/Aman/Aman_04272.jpg,Aman
Train_Set/Aman/Aman_04727.jpg,Aman
Train_Set/Aman/Aman_08438.jpg,Aman
Train_Set/Aman/Aman_02708.jpg,Aman
Train_Set/Aman/Aman_06062.jpg,Aman
Train_Set/Aman/Aman_04181.jpg,Aman
Train_Set/Aman/Aman_04937.jpg,Aman
Train_Set/Rusak/Rusak_01848.jpg,Rusak
Train_Set/Aman/Aman_05569.jpg,Aman
Train_Set/Aman/Aman_03970.jpg,Aman
Train_Set/Aman/Aman_07708.jpg,Aman
Train_Set/Lainnya/Lainnya_00240.jpg,Lainnya
Train_Set/Rusak/Rusak_00361.jpg,Rusak
Train_Set/Rusak/Rusak_02169.jpg,Rusak
Train_Set/Aman/Aman_01614.jpg,Aman
Train_Set/Aman/Aman_02282.jpg,Aman
Train_Set/Aman/Aman_03064.jpg,Aman
Train_Set/Lainnya/Lainnya_00269.jpg,Lainnya
Train_Set/Lainnya/Lainnya_00228.jpg,Lainnya
Train_Set/Aman/Aman_05966.jpg,Aman
Train_Set/Aman/Aman_03299.jpg,Aman
Train_Set/Rusak/Rusak_02573.jpg,Rusak
Train_Set/Aman/Aman_01840.jpg,Aman
Train_Set/Rusak/Rusak_01435.jpg,Rusak
Train_Set/Rusak/Rusak_02239.jpg,Rusak
Train_Set/Rusak/Rusak_00103.jpg,Rusak
Train_Set/Aman/Aman_04799.jpg,Aman
Train_Set/Aman/Aman_02678.jpg,Aman
Train_Set/Aman/Aman_00032.jpg,Aman
Train_Set/Aman/Aman_02294.jpg,Aman
Train_Set/Aman/Aman_06420.jpg,Aman
Train_Set/Aman/Aman_01771.jpg,Aman
Train_Set/Aman/Aman_04652.jpg,Aman
Train_Set/Aman/Aman_02463.jpg,Aman
Train_Set/Lainnya/Lainnya_00277.jpg,Lainnya
Train_Set/Aman/Aman_03337.jpg,Aman
Train_Set/Aman/Aman_07247.jpg,Aman
Train_Set/Aman/Aman_02296.jpg,Aman
Train_Set/Rusak/Rusak_02781.jpg,Rusak
Train_Set/Rusak/Rusak_02416.jpg,Rusak
Train_Set/Aman/Aman_02656.jpg,Aman
Train_Set/Lainnya/Lainnya_00042.jpg,Lainnya
Train_Set/Aman/Aman_03626.jpg,Aman
Train_Set/Aman/Aman_02484.jpg,Aman
Train_Set/Lainnya/Lainnya_00351.jpg,Lainnya
Train_Set/Aman/Aman_02701.jpg,Aman
Train_Set/Rusak/Rusak_02792.jpg,Rusak
Train_Set/Aman/Aman_07597.jpg,Aman
Train_Set/Aman/Aman_07492.jpg,Aman
Train_Set/Aman/Aman_00786.jpg,Aman
Train_Set/Rusak/Rusak_00108.jpg,Rusak
Train_Set/Aman/Aman_05285.jpg,Aman
Train_Set/Rusak/Rusak_00019.jpg,Rusak
Train_Set/Aman/Aman_04047.jpg,Aman
Train_Set/Aman/Aman_00377.jpg,Aman
Train_Set/Rusak/Rusak_02585.jpg,Rusak
Train_Set/Rusak/Rusak_01146.jpg,Rusak
Train_Set/Rusak/Rusak_02862.jpg,Rusak
Train_Set/Aman/Aman_04102.jpg,Aman
Train_Set/Rusak/Rusak_00667.jpg,Rusak
Train_Set/Aman/Aman_05838.jpg,Aman
Train_Set/Aman/Aman_01656.jpg,Aman
Train_Set/Aman/Aman_07190.jpeg,Aman
Train_Set/Aman/Aman_03780.jpg,Aman
Train_Set/Aman/Aman_05155.jpg,Aman
Train_Set/Aman/Aman_04370.jpg,Aman
Train_Set/Aman/Aman_02818.jpg,Aman
Train_Set/Aman/Aman_08411.jpg,Aman
Train_Set/Rusak/Rusak_00841.jpg,Rusak
Train_Set/Aman/Aman_05805.jpg,Aman
Train_Set/Rusak/Rusak_00439.jpg,Rusak
Train_Set/Aman/Aman_02515.jpg,Aman
Train_Set/Aman/Aman_04858.jpg,Aman
Train_Set/Rusak/Rusak_02498.jpg,Rusak
Train_Set/Aman/Aman_00028.jpg,Aman
Train_Set/Rusak/Rusak_01535.jpg,Rusak
Train_Set/Aman/Aman_02662.jpg,Aman
Train_Set/Aman/Aman_05898.jpg,Aman
Train_Set/Aman/Aman_05799.jpg,Aman
Train_Set/Aman/Aman_00255.jpg,Aman
Train_Set/Rusak/Rusak_01087.jpg,Rusak
Train_Set/Aman/Aman_07411.jpg,Aman
Train_Set/Aman/Aman_03012.jpg,Aman
Train_Set/Aman/Aman_04491.jpg,Aman
Train_Set/Rusak/Rusak_02460.jpg,Rusak
Train_Set/Aman/Aman_03830.jpg,Aman
Train_Set/Rusak/Rusak_00473.jpg,Rusak
Train_Set/Rusak/Rusak_00433.jpg,Rusak
Train_Set/Rusak/Rusak_02988.jpg,Rusak
Train_Set/Aman/Aman_05958.jpg,Aman
Train_Set/Aman/Aman_02111.jpg,Aman
Train_Set/Aman/Aman_07518.jpg,Aman
Train_Set/Aman/Aman_02921.jpg,Aman
Train_Set/Rusak/Rusak_02439.jpg,Rusak
Train_Set/Aman/Aman_03857.jpg,Aman
Train_Set/Aman/Aman_05811.jpg,Aman
Train_Set/Lainnya/Lainnya_00357.jpg,Lainnya
Train_Set/Aman/Aman_07123.jpg,Aman
Train_Set/Aman/Aman_04708.jpg,Aman
Train_Set/Aman/Aman_05265.jpg,Aman
Train_Set/Aman/Aman_06406.jpg,Aman
Train_Set/Aman/Aman_02062.jpg,Aman
Train_Set/Aman/Aman_05501.jpg,Aman
Train_Set/Aman/Aman_06577.jpg,Aman
Train_Set/Aman/Aman_08079.jpg,Aman
Train_Set/Aman/Aman_08076.jpg,Aman
Train_Set/Aman/Aman_02187.jpg,Aman
Train_Set/Aman/Aman_05211.jpg,Aman
Train_Set/Aman/Aman_07867.jpg,Aman
Train_Set/Aman/Aman_00449.png,Aman
Train_Set/Aman/Aman_02565.jpg,Aman
Train_Set/Lainnya/Lainnya_00153.jpg,Lainnya
Train_Set/Rusak/Rusak_00279.jpg,Rusak
Train_Set/Aman/Aman_03660.jpg,Aman
Train_Set/Rusak/Rusak_00891.jpg,Rusak
Train_Set/Aman/Aman_00379.jpg,Aman
Train_Set/Aman/Aman_04118.jpg,Aman
Train_Set/Rusak/Rusak_00486.jpg,Rusak
Train_Set/Aman/Aman_01083.jpg,Aman
Train_Set/Lainnya/Lainnya_00180.jpg,Lainnya
Train_Set/Aman/Aman_07172.jpg,Aman
Train_Set/Aman/Aman_00492.jpg,Aman
Train_Set/Rusak/Rusak_02001.jpg,Rusak
Train_Set/Aman/Aman_02445.jpg,Aman
Train_Set/Aman/Aman_04248.png,Aman
Train_Set/Aman/Aman_06473.jpg,Aman
Train_Set/Rusak/Rusak_00180.jpg,Rusak
Train_Set/Aman/Aman_04291.jpg,Aman
Train_Set/Aman/Aman_07290.jpg,Aman
Train_Set/Aman/Aman_00483.jpg,Aman
Train_Set/Rusak/Rusak_01791.jpg,Rusak
Train_Set/Rusak/Rusak_02539.jpg,Rusak
Train_Set/Aman/Aman_02424.jpg,Aman
Train_Set/Aman/Aman_03993.jpg,Aman
Train_Set/Aman/Aman_07325.jpg,Aman
Train_Set/Aman/Aman_00846.jpg,Aman
Train_Set/Aman/Aman_02967.jpg,Aman
Train_Set/Aman/Aman_05228.jpg,Aman
Train_Set/Aman/Aman_01583.jpg,Aman
Train_Set/Aman/Aman_01075.jpg,Aman
Train_Set/Rusak/Rusak_02326.jpg,Rusak
Train_Set/Rusak/Rusak_01950.jpg,Rusak
Train_Set/Aman/Aman_04654.jpg,Aman
Train_Set/Rusak/Rusak_01598.jpg,Rusak
Train_Set/Aman/Aman_03419.jpg,Aman
Train_Set/Aman/Aman_01805.jpg,Aman
Train_Set/Rusak/Rusak_00097.jpg,Rusak
Train_Set/Aman/Aman_07280.jpg,Aman
Train_Set/Aman/Aman_00045.png,Aman
Train_Set/Aman/Aman_02642.jpg,Aman
Train_Set/Aman/Aman_00796.jpg,Aman
Train_Set/Lainnya/Lainnya_00365.jpg,Lainnya
Train_Set/Rusak/Rusak_01202.jpg,Rusak
Train_Set/Rusak/Rusak_00972.jpg,Rusak
Train_Set/Aman/Aman_08207.jpg,Aman
Train_Set/Aman/Aman_04809.jpg,Aman
Train_Set/Aman/Aman_02047.jpg,Aman
Train_Set/Aman/Aman_08468.jpg,Aman
Train_Set/Aman/Aman_05873.jpg,Aman
Train_Set/Rusak/Rusak_02513.jpg,Rusak
Train_Set/Aman/Aman_05310.jpg,Aman
Train_Set/Rusak/Rusak_03001.jpg,Rusak
Train_Set/Aman/Aman_02578.jpg,Aman
Train_Set/Aman/Aman_05658.jpg,Aman
Train_Set/Aman/Aman_03883.jpg,Aman
Train_Set/Aman/Aman_08589.png,Aman
Train_Set/Aman/Aman_04378.jpg,Aman
Train_Set/Aman/Aman_07826.jpg,Aman
Train_Set/Aman/Aman_05355.jpg,Aman
Train_Set/Rusak/Rusak_01121.jpg,Rusak
Train_Set/Aman/Aman_08575.jpg,Aman
Train_Set/Aman/Aman_08257.jpg,Aman
Train_Set/Aman/Aman_02691.jpg,Aman
Train_Set/Rusak/Rusak_02015.jpg,Rusak
Train_Set/Rusak/Rusak_02468.jpg,Rusak
Train_Set/Lainnya/Lainnya_00392.jpg,Lainnya
Train_Set/Aman/Aman_02923.jpg,Aman
Train_Set/Aman/Aman_02430.jpg,Aman
Train_Set/Rusak/Rusak_00712.jpg,Rusak
Train_Set/Aman/Aman_02607.jpg,Aman
Train_Set/Rusak/Rusak_00977.jpg,Rusak
Train_Set/Aman/Aman_07976.jpg,Aman
Train_Set/Aman/Aman_00959.jpg,Aman
Train_Set/Aman/Aman_01287.jpg,Aman
Train_Set/Aman/Aman_05489.jpg,Aman
Train_Set/Aman/Aman_01073.jpg,Aman
Train_Set/Rusak/Rusak_02889.jpg,Rusak
Train_Set/Aman/Aman_02970.jpg,Aman
Train_Set/Rusak/Rusak_01133.jpg,Rusak
Train_Set/Aman/Aman_06369.jpg,Aman
Train_Set/Rusak/Rusak_02106.jpg,Rusak
Train_Set/Aman/Aman_04221.png,Aman
Train_Set/Aman/Aman_03078.jpg,Aman
Train_Set/Lainnya/Lainnya_00314.jpg,Lainnya
Train_Set/Aman/Aman_00926.jpg,Aman
Train_Set/Aman/Aman_02513.jpg,Aman
Train_Set/Rusak/Rusak_02252.jpg,Rusak
Train_Set/Aman/Aman_08790.jpg,Aman
Train_Set/Lainnya/Lainnya_00209.jpg,Lainnya
Train_Set/Aman/Aman_05709.jpg,Aman
Train_Set/Aman/Aman_01405.jpg,Aman
Train_Set/Aman/Aman_04227.png,Aman
Train_Set/Aman/Aman_05632.jpg,Aman
Train_Set/Aman/Aman_06907.jpg,Aman
Train_Set/Aman/Aman_05054.jpg,Aman
Train_Set/Rusak/Rusak_02544.jpg,Rusak
Train_Set/Rusak/Rusak_01343.jpg,Rusak
Train_Set/Aman/Aman_03204.jpg,Aman
Train_Set/Aman/Aman_00151.jpg,Aman
Train_Set/Rusak/Rusak_01061.jpg,Rusak
Train_Set/Rusak/Rusak_01682.jpg,Rusak
Train_Set/Aman/Aman_07309.jpg,Aman
Train_Set/Rusak/Rusak_02202.jpg,Rusak
Train_Set/Aman/Aman_08493.jpg,Aman
Train_Set/Rusak/Rusak_00420.jpg,Rusak
Train_Set/Rusak/Rusak_00373.jpg,Rusak
Train_Set/Aman/Aman_02947.jpg,Aman
Train_Set/Aman/Aman_01293.jpg,Aman
Train_Set/Rusak/Rusak_01763.jpg,Rusak
Train_Set/Aman/Aman_03687.jpg,Aman
Train_Set/Rusak/Rusak_01990.jpg,Rusak
Train_Set/Aman/Aman_06264.jpg,Aman
Train_Set/Aman/Aman_06922.jpg,Aman
Train_Set/Aman/Aman_06936.jpg,Aman
Train_Set/Rusak/Rusak_02739.jpg,Rusak
Train_Set/Aman/Aman_01109.jpg,Aman
Train_Set/Aman/Aman_00586.jpg,Aman
Train_Set/Rusak/Rusak_01264.jpg,Rusak
Train_Set/Aman/Aman_08017.jpg,Aman
Train_Set/Aman/Aman_06192.jpg,Aman
Train_Set/Aman/Aman_03494.jpg,Aman
Train_Set/Aman/Aman_03680.jpg,Aman
Train_Set/Aman/Aman_06337.jpg,Aman
Train_Set/Aman/Aman_02407.jpg,Aman
Train_Set/Aman/Aman_01757.jpg,Aman
Train_Set/Aman/Aman_08476.jpg,Aman
Train_Set/Rusak/Rusak_02952.jpg,Rusak
Train_Set/Aman/Aman_01350.jpg,Aman
Train_Set/Aman/Aman_06852.jpg,Aman
Train_Set/Aman/Aman_05522.jpg,Aman
Train_Set/Aman/Aman_01348.jpg,Aman
Train_Set/Aman/Aman_05276.jpg,Aman
Train_Set/Aman/Aman_06222.jpg,Aman
Train_Set/Aman/Aman_05600.jpg,Aman
Train_Set/Aman/Aman_03425.jpg,Aman
Train_Set/Aman/Aman_04572.jpg,Aman
Train_Set/Aman/Aman_05305.jpg,Aman
Train_Set/Aman/Aman_07583.jpg,Aman
Train_Set/Aman/Aman_02281.jpg,Aman
Train_Set/Aman/Aman_04691.jpg,Aman
Train_Set/Aman/Aman_01271.jpg,Aman
Train_Set/Rusak/Rusak_01375.jpg,Rusak
Train_Set/Rusak/Rusak_02581.jpg,Rusak
Train_Set/Rusak/Rusak_00480.jpg,Rusak
Train_Set/Aman/Aman_04744.jpg,Aman
Train_Set/Rusak/Rusak_00070.jpg,Rusak
Train_Set/Rusak/Rusak_01215.jpg,Rusak
Train_Set/Rusak/Rusak_01271.jpg,Rusak
Train_Set/Aman/Aman_08547.jpg,Aman
Train_Set/Aman/Aman_03371.jpg,Aman
Train_Set/Aman/Aman_01007.jpg,Aman
Train_Set/Aman/Aman_08039.jpg,Aman
Train_Set/Rusak/Rusak_02077.jpg,Rusak
Train_Set/Lainnya/Lainnya_00016.jpg,Lainnya
Train_Set/Aman/Aman_08360.jpg,Aman
Train_Set/Aman/Aman_00267.jpg,Aman
Train_Set/Aman/Aman_03062.jpg,Aman
Train_Set/Aman/Aman_07181.jpeg,Aman
Train_Set/Aman/Aman_04647.jpg,Aman
Train_Set/Rusak/Rusak_02874.jpg,Rusak
Train_Set/Aman/Aman_06396.jpg,Aman
Train_Set/Aman/Aman_07037.jpg,Aman
Train_Set/Aman/Aman_06591.jpg,Aman
Train_Set/Rusak/Rusak_02241.jpg,Rusak
Train_Set/Aman/Aman_06605.jpg,Aman
Train_Set/Aman/Aman_07000.jpg,Aman
Train_Set/Aman/Aman_06155.jpg,Aman
Train_Set/Rusak/Rusak_02835.jpg,Rusak
Train_Set/Rusak/Rusak_01959.jpg,Rusak
Train_Set/Aman/Aman_00129.jpg,Aman
Train_Set/Aman/Aman_04156.jpg,Aman
Train_Set/Aman/Aman_01893.jpg,Aman
Train_Set/Rusak/Rusak_01538.jpg,Rusak
Train_Set/Aman/Aman_01478.jpg,Aman
Train_Set/Aman/Aman_00179.jpg,Aman
Train_Set/Aman/Aman_04772.jpg,Aman
Train_Set/Aman/Aman_06082.jpg,Aman
Train_Set/Aman/Aman_05532.jpg,Aman
Train_Set/Aman/Aman_08591.jpg,Aman
Train_Set/Aman/Aman_00802.jpg,Aman
Train_Set/Aman/Aman_06714.jpg,Aman
Train_Set/Rusak/Rusak_00276.jpg,Rusak
Train_Set/Aman/Aman_01195.jpg,Aman
Train_Set/Aman/Aman_07316.jpg,Aman
Train_Set/Aman/Aman_07245.jpg,Aman
Train_Set/Rusak/Rusak_00074.jpg,Rusak
Train_Set/Aman/Aman_08428.jpg,Aman
Train_Set/Aman/Aman_02459.jpg,Aman
Train_Set/Aman/Aman_05509.jpg,Aman
Train_Set/Aman/Aman_01658.jpg,Aman
Train_Set/Aman/Aman_01677.jpg,Aman
Train_Set/Aman/Aman_08002.jpg,Aman
Train_Set/Aman/Aman_07863.jpg,Aman
Train_Set/Aman/Aman_01877.jpg,Aman
Train_Set/Lainnya/Lainnya_00076.jpg,Lainnya
Train_Set/Aman/Aman_03175.jpg,Aman
Train_Set/Aman/Aman_07615.jpg,Aman
Train_Set/Rusak/Rusak_02258.jpg,Rusak
Train_Set/Aman/Aman_00400.jpg,Aman
Train_Set/Aman/Aman_06433.jpg,Aman
Train_Set/Aman/Aman_07874.jpg,Aman
Train_Set/Aman/Aman_04206.jpg,Aman
Train_Set/Aman/Aman_02041.jpg,Aman
Train_Set/Aman/Aman_02112.jpg,Aman
Train_Set/Rusak/Rusak_01149.jpg,Rusak
Train_Set/Aman/Aman_00841.jpg,Aman
Train_Set/Rusak/Rusak_01171.jpg,Rusak
Train_Set/Rusak/Rusak_01302.jpg,Rusak
Train_Set/Aman/Aman_06856.jpg,Aman
Train_Set/Aman/Aman_06435.jpg,Aman
Train_Set/Aman/Aman_06916.jpg,Aman
Train_Set/Rusak/Rusak_01636.jpg,Rusak
Train_Set/Rusak/Rusak_00188.jpg,Rusak
Train_Set/Rusak/Rusak_02994.jpg,Rusak
Train_Set/Aman/Aman_08646.jpg,Aman
Train_Set/Aman/Aman_07736.jpg,Aman
Train_Set/Rusak/Rusak_00050.jpg,Rusak
Train_Set/Aman/Aman_02572.jpg,Aman
Train_Set/Aman/Aman_06404.jpg,Aman
Train_Set/Aman/Aman_02054.jpg,Aman
Train_Set/Aman/Aman_00958.jpg,Aman
Train_Set/Aman/Aman_07752.jpg,Aman
Train_Set/Aman/Aman_07896.jpg,Aman
Train_Set/Aman/Aman_06250.jpg,Aman
Train_Set/Aman/Aman_08407.jpg,Aman
Train_Set/Aman/Aman_05175.jpeg,Aman
Train_Set/Aman/Aman_02148.jpg,Aman
Train_Set/Rusak/Rusak_02531.jpg,Rusak
Train_Set/Rusak/Rusak_01057.jpg,Rusak
Train_Set/Aman/Aman_00935.jpg,Aman
Train_Set/Lainnya/Lainnya_00379.jpg,Lainnya
Train_Set/Rusak/Rusak_02413.jpg,Rusak
Train_Set/Aman/Aman_04404.jpg,Aman
Train_Set/Aman/Aman_06212.jpg,Aman
Train_Set/Aman/Aman_04072.jpg,Aman
Train_Set/Aman/Aman_01181.jpg,Aman
Train_Set/Aman/Aman_05286.jpg,Aman
Train_Set/Aman/Aman_04848.jpg,Aman
Train_Set/Aman/Aman_04126.jpg,Aman
Train_Set/Rusak/Rusak_02319.jpg,Rusak
Train_Set/Aman/Aman_07001.jpg,Aman
Train_Set/Aman/Aman_01230.jpg,Aman
Train_Set/Aman/Aman_02681.jpg,Aman
Train_Set/Lainnya/Lainnya_00059.jpg,Lainnya
Train_Set/Aman/Aman_04096.jpg,Aman
Train_Set/Lainnya/Lainnya_00304.jpg,Lainnya
Train_Set/Aman/Aman_08272.jpg,Aman
Train_Set/Aman/Aman_00317.jpg,Aman
Train_Set/Rusak/Rusak_00787.jpg,Rusak
Train_Set/Rusak/Rusak_00275.jpg,Rusak
Train_Set/Aman/Aman_05386.jpg,Aman
Train_Set/Aman/Aman_01062.jpg,Aman
Train_Set/Aman/Aman_07083.jpg,Aman
Train_Set/Aman/Aman_04035.jpg,Aman
Train_Set/Aman/Aman_04166.jpg,Aman
Train_Set/Aman/Aman_07017.jpg,Aman
Train_Set/Aman/Aman_07886.jpg,Aman
Train_Set/Aman/Aman_00452.jpg,Aman
Train_Set/Aman/Aman_05707.jpg,Aman
Train_Set/Lainnya/Lainnya_00122.jpg,Lainnya
Train_Set/Aman/Aman_03809.jpg,Aman
Train_Set/Rusak/Rusak_01744.jpg,Rusak
Train_Set/Rusak/Rusak_02331.jpg,Rusak
Train_Set/Lainnya/Lainnya_00377.jpg,Lainnya
Train_Set/Aman/Aman_07627.jpg,Aman
Train_Set/Aman/Aman_06042.jpg,Aman
Train_Set/Aman/Aman_06280.jpg,Aman
Train_Set/Aman/Aman_01098.jpg,Aman
Train_Set/Aman/Aman_06224.jpg,Aman
Train_Set/Aman/Aman_07573.jpg,Aman
Train_Set/Aman/Aman_00283.jpg,Aman
Train_Set/Aman/Aman_08593.jpg,Aman
Train_Set/Aman/Aman_06009.jpg,Aman
Train_Set/Aman/Aman_00525.jpg,Aman
Train_Set/Aman/Aman_04733.jpg,Aman
Train_Set/Aman/Aman_01807.jpg,Aman
Train_Set/Aman/Aman_00921.jpg,Aman
Train_Set/Aman/Aman_01486.jpg,Aman
Train_Set/Rusak/Rusak_00450.jpg,Rusak
Train_Set/Aman/Aman_03469.jpg,Aman
Train_Set/Aman/Aman_05776.jpg,Aman
Train_Set/Rusak/Rusak_02253.jpg,Rusak
Train_Set/Aman/Aman_01834.jpg,Aman
Train_Set/Rusak/Rusak_00259.jpg,Rusak
Train_Set/Aman/Aman_02025.jpg,Aman
Train_Set/Aman/Aman_02385.jpg,Aman
Train_Set/Aman/Aman_04715.jpg,Aman
Train_Set/Aman/Aman_07145.jpg,Aman
Train_Set/Aman/Aman_00265.jpg,Aman
Train_Set/Aman/Aman_03777.jpg,Aman
Train_Set/Aman/Aman_08797.jpg,Aman
Train_Set/Aman/Aman_05292.jpg,Aman
Train_Set/Rusak/Rusak_01138.jpg,Rusak
Train_Set/Aman/Aman_06489.jpg,Aman
Train_Set/Aman/Aman_01788.jpg,Aman
Train_Set/Aman/Aman_03493.jpg,Aman
Train_Set/Aman/Aman_00348.jpg,Aman
Train_Set/Aman/Aman_02886.jpg,Aman
Train_Set/Rusak/Rusak_02284.jpg,Rusak
Train_Set/Aman/Aman_05823.jpg,Aman
Train_Set/Rusak/Rusak_00093.jpg,Rusak
Train_Set/Aman/Aman_06460.jpg,Aman
Train_Set/Aman/Aman_05365.jpg,Aman
Train_Set/Lainnya/Lainnya_00077.jpg,Lainnya
Train_Set/Aman/Aman_05320.jpg,Aman
Train_Set/Aman/Aman_00995.jpg,Aman
Train_Set/Aman/Aman_01369.jpg,Aman
Train_Set/Aman/Aman_02477.jpg,Aman
Train_Set/Rusak/Rusak_02286.jpg,Rusak
Train_Set/Aman/Aman_08542.jpg,Aman
Train_Set/Aman/Aman_05637.jpg,Aman
Train_Set/Rusak/Rusak_00215.jpg,Rusak
Train_Set/Aman/Aman_06651.jpg,Aman
Train_Set/Aman/Aman_03872.jpg,Aman
Train_Set/Rusak/Rusak_00547.jpg,Rusak
Train_Set/Rusak/Rusak_01075.jpg,Rusak
Train_Set/Aman/Aman_07977.jpg,Aman
Train_Set/Aman/Aman_00750.jpg,Aman
Train_Set/Aman/Aman_08517.jpg,Aman
Train_Set/Aman/Aman_05519.jpg,Aman
Train_Set/Aman/Aman_00875.jpg,Aman
Train_Set/Rusak/Rusak_02571.jpg,Rusak
Train_Set/Aman/Aman_01947.jpg,Aman
Train_Set/Aman/Aman_03729.jpg,Aman
Train_Set/Aman/Aman_02221.jpg,Aman
Train_Set/Aman/Aman_04997.jpg,Aman
Train_Set/Rusak/Rusak_01049.jpg,Rusak
Train_Set/Aman/Aman_05939.jpg,Aman
Train_Set/Aman/Aman_02335.jpg,Aman
Train_Set/Aman/Aman_02277.jpg,Aman
Train_Set/Aman/Aman_05078.jpg,Aman
Train_Set/Aman/Aman_05214.jpg,Aman
Train_Set/Rusak/Rusak_02508.jpg,Rusak
Train_Set/Aman/Aman_02468.jpg,Aman
Train_Set/Lainnya/Lainnya_00155.jpg,Lainnya
Train_Set/Aman/Aman_06585.jpg,Aman
Train_Set/Rusak/Rusak_02068.jpg,Rusak
Train_Set/Aman/Aman_01413.jpg,Aman
Train_Set/Aman/Aman_05180.jpeg,Aman
Train_Set/Aman/Aman_00509.jpg,Aman
Train_Set/Aman/Aman_05118.jpg,Aman
Train_Set/Aman/Aman_06630.jpg,Aman
Train_Set/Aman/Aman_04094.jpg,Aman
Train_Set/Aman/Aman_04648.jpg,Aman
Train_Set/Rusak/Rusak_02457.jpg,Rusak
Train_Set/Rusak/Rusak_00246.jpg,Rusak
Train_Set/Aman/Aman_04482.jpg,Aman
Train_Set/Aman/Aman_08108.jpg,Aman
Train_Set/Aman/Aman_02581.jpg,Aman
Train_Set/Rusak/Rusak_00576.jpg,Rusak
Train_Set/Aman/Aman_03539.jpg,Aman
Train_Set/Aman/Aman_07300.jpg,Aman
Train_Set/Rusak/Rusak_01929.jpg,Rusak
Train_Set/Aman/Aman_03277.jpg,Aman
Train_Set/Aman/Aman_00070.jpg,Aman
Train_Set/Aman/Aman_05977.jpg,Aman
Train_Set/Aman/Aman_02712.jpg,Aman
Train_Set/Aman/Aman_01794.jpg,Aman
Train_Set/Rusak/Rusak_02205.jpg,Rusak
Train_Set/Aman/Aman_00730.jpg,Aman
Train_Set/Aman/Aman_00080.jpg,Aman
Train_Set/Aman/Aman_04258.jpg,Aman
Train_Set/Aman/Aman_02816.jpg,Aman
Train_Set/Aman/Aman_07901.jpg,Aman
Train_Set/Aman/Aman_04322.jpg,Aman
Train_Set/Aman/Aman_01521.jpg,Aman
Train_Set/Rusak/Rusak_02726.jpg,Rusak
Train_Set/Aman/Aman_01041.jpg,Aman
Train_Set/Aman/Aman_07740.jpg,Aman
Train_Set/Aman/Aman_05988.jpg,Aman
Train_Set/Aman/Aman_08537.jpg,Aman
Train_Set/Aman/Aman_04208.jpg,Aman
Train_Set/Aman/Aman_08402.jpg,Aman
Train_Set/Rusak/Rusak_00482.jpg,Rusak
Train_Set/Rusak/Rusak_00697.jpg,Rusak
Train_Set/Aman/Aman_03024.jpg,Aman
Train_Set/Aman/Aman_03356.jpg,Aman
Train_Set/Lainnya/Lainnya_00107.jpg,Lainnya
Train_Set/Aman/Aman_05138.jpg,Aman
Train_Set/Aman/Aman_03230.jpg,Aman
Train_Set/Rusak/Rusak_00909.jpg,Rusak
Train_Set/Rusak/Rusak_01425.jpg,Rusak
Train_Set/Aman/Aman_02133.jpg,Aman
Train_Set/Aman/Aman_02134.jpg,Aman
Train_Set/Rusak/Rusak_00120.jpg,Rusak
Train_Set/Aman/Aman_01619.jpg,Aman
Train_Set/Aman/Aman_05440.jpg,Aman
Train_Set/Aman/Aman_08144.jpg,Aman
Train_Set/Rusak/Rusak_00397.jpg,Rusak
Train_Set/Aman/Aman_02803.jpg,Aman
Train_Set/Aman/Aman_03760.jpg,Aman
Train_Set/Aman/Aman_01363.jpg,Aman
Train_Set/Aman/Aman_01721.jpg,Aman
Train_Set/Rusak/Rusak_02982.jpg,Rusak
Train_Set/Aman/Aman_04315.jpg,Aman
Train_Set/Aman/Aman_03116.jpg,Aman
Train_Set/Rusak/Rusak_00052.jpg,Rusak
Train_Set/Lainnya/Lainnya_00347.jpg,Lainnya
Train_Set/Aman/Aman_07269.jpg,Aman
Train_Set/Rusak/Rusak_00539.jpg,Rusak
Train_Set/Aman/Aman_07843.jpg,Aman
Train_Set/Rusak/Rusak_02093.jpg,Rusak
Train_Set/Aman/Aman_05077.jpg,Aman
Train_Set/Aman/Aman_06767.jpg,Aman
Train_Set/Aman/Aman_04217.png,Aman
Train_Set/Rusak/Rusak_01449.jpg,Rusak
Train_Set/Aman/Aman_04418.jpg,Aman
Train_Set/Aman/Aman_01663.jpg,Aman
Train_Set/Aman/Aman_07726.jpg,Aman
Train_Set/Aman/Aman_03954.jpg,Aman
Train_Set/Aman/Aman_08186.jpg,Aman
Train_Set/Aman/Aman_06012.jpg,Aman
Train_Set/Lainnya/Lainnya_00134.jpg,Lainnya
Train_Set/Aman/Aman_05890.jpg,Aman
Train_Set/Rusak/Rusak_00384.jpg,Rusak
Train_Set/Aman/Aman_01019.jpg,Aman
Train_Set/Aman/Aman_04085.jpg,Aman
Train_Set/Aman/Aman_06271.jpg,Aman
Train_Set/Aman/Aman_06694.jpg,Aman
Train_Set/Rusak/Rusak_01012.jpg,Rusak
Train_Set/Aman/Aman_03965.jpg,Aman
Train_Set/Aman/Aman_00827.jpg,Aman
Train_Set/Aman/Aman_06220.jpg,Aman
Train_Set/Rusak/Rusak_01115.jpg,Rusak
Train_Set/Rusak/Rusak_02927.jpg,Rusak
Train_Set/Rusak/Rusak_00999.jpg,Rusak
Train_Set/Aman/Aman_08767.jpg,Aman
Train_Set/Aman/Aman_00231.jpg,Aman
Train_Set/Aman/Aman_00401.jpg,Aman
Train_Set/Aman/Aman_04447.jpg,Aman
Train_Set/Aman/Aman_00318.jpg,Aman
Train_Set/Aman/Aman_04026.jpg,Aman
Train_Set/Aman/Aman_02933.jpg,Aman
Train_Set/Rusak/Rusak_01402.jpg,Rusak
Train_Set/Aman/Aman_06812.jpg,Aman
Train_Set/Aman/Aman_06790.jpg,Aman
Train_Set/Aman/Aman_03315.jpg,Aman
Train_Set/Rusak/Rusak_01082.jpg,Rusak
Train_Set/Aman/Aman_01497.jpg,Aman
Train_Set/Aman/Aman_07380.jpg,Aman
Train_Set/Aman/Aman_03255.jpg,Aman
Train_Set/Aman/Aman_05824.jpg,Aman
Train_Set/Rusak/Rusak_01175.jpg,Rusak
Train_Set/Aman/Aman_00781.jpg,Aman
Train_Set/Aman/Aman_06593.jpg,Aman
Train_Set/Aman/Aman_00814.jpg,Aman
Train_Set/Aman/Aman_03364.jpg,Aman
Train_Set/Aman/Aman_06623.jpg,Aman
Train_Set/Aman/Aman_06685.jpg,Aman
Train_Set/Aman/Aman_06273.jpg,Aman
Train_Set/Rusak/Rusak_00396.jpg,Rusak
Train_Set/Aman/Aman_05200.jpg,Aman
Train_Set/Aman/Aman_05846.jpg,Aman
Train_Set/Rusak/Rusak_01748.jpg,Rusak
Train_Set/Aman/Aman_07698.jpg,Aman
Train_Set/Aman/Aman_03106.jpg,Aman
Train_Set/Aman/Aman_05742.jpg,Aman
Train_Set/Aman/Aman_06005.jpg,Aman
Train_Set/Lainnya/Lainnya_00330.jpg,Lainnya
Train_Set/Rusak/Rusak_00073.jpg,Rusak
Train_Set/Aman/Aman_04608.jpg,Aman
Train_Set/Aman/Aman_05699.jpg,Aman
Train_Set/Rusak/Rusak_02637.jpg,Rusak
Train_Set/Aman/Aman_08094.jpg,Aman
Train_Set/Aman/Aman_06446.jpg,Aman
Train_Set/Aman/Aman_08764.jpg,Aman
Train_Set/Aman/Aman_03196.jpg,Aman
Train_Set/Aman/Aman_06434.jpg,Aman
Train_Set/Aman/Aman_02405.jpg,Aman
Train_Set/Rusak/Rusak_02050.jpg,Rusak
Train_Set/Aman/Aman_03455.jpg,Aman
Train_Set/Aman/Aman_03026.jpg,Aman
Train_Set/Aman/Aman_05514.jpg,Aman
Train_Set/Rusak/Rusak_02339.jpg,Rusak
Train_Set/Rusak/Rusak_02327.jpg,Rusak
Train_Set/Rusak/Rusak_00840.jpg,Rusak
Train_Set/Rusak/Rusak_02066.jpg,Rusak
Train_Set/Aman/Aman_07140.jpg,Aman
Train_Set/Aman/Aman_00706.jpg,Aman
Train_Set/Aman/Aman_03147.jpg,Aman
Train_Set/Aman/Aman_02273.jpg,Aman
Train_Set/Aman/Aman_07049.jpg,Aman
Train_Set/Rusak/Rusak_00205.jpg,Rusak
Train_Set/Aman/Aman_07589.jpg,Aman
Train_Set/Aman/Aman_01948.jpg,Aman
Train_Set/Aman/Aman_00163.jpg,Aman
Train_Set/Aman/Aman_05240.jpg,Aman
Train_Set/Rusak/Rusak_00826.jpg,Rusak
Train_Set/Rusak/Rusak_02752.jpg,Rusak
Train_Set/Aman/Aman_06567.jpg,Aman
Train_Set/Lainnya/Lainnya_00263.jpg,Lainnya
Train_Set/Aman/Aman_04993.jpg,Aman
Train_Set/Aman/Aman_01821.jpg,Aman
Train_Set/Aman/Aman_00180.jpg,Aman
Train_Set/Aman/Aman_05160.jpg,Aman
Train_Set/Aman/Aman_03727.jpg,Aman
Train_Set/Rusak/Rusak_02790.jpg,Rusak
Train_Set/Aman/Aman_04490.jpg,Aman
Train_Set/Rusak/Rusak_01993.jpg,Rusak
Train_Set/Aman/Aman_00865.jpg,Aman
Train_Set/Aman/Aman_03853.jpg,Aman
Train_Set/Rusak/Rusak_02965.jpg,Rusak
Train_Set/Aman/Aman_08380.jpg,Aman
Train_Set/Aman/Aman_00249.jpg,Aman
Train_Set/Rusak/Rusak_01988.jpg,Rusak
Train_Set/Aman/Aman_03438.jpg,Aman
Train_Set/Rusak/Rusak_01954.jpg,Rusak
Train_Set/Rusak/Rusak_01488.jpg,Rusak
Train_Set/Aman/Aman_04596.jpg,Aman
Train_Set/Aman/Aman_03865.jpg,Aman
Train_Set/Aman/Aman_05282.jpg,Aman
Train_Set/Aman/Aman_00037.jpg,Aman
Train_Set/Aman/Aman_05775.jpg,Aman
Train_Set/Aman/Aman_07650.jpg,Aman
Train_Set/Aman/Aman_07164.jpg,Aman
Train_Set/Aman/Aman_00726.jpg,Aman
Train_Set/Aman/Aman_01495.jpg,Aman
Train_Set/Aman/Aman_05716.jpg,Aman
Train_Set/Aman/Aman_07908.jpg,Aman
Train_Set/Aman/Aman_06217.jpg,Aman
Train_Set/Rusak/Rusak_01603.jpg,Rusak
Train_Set/Aman/Aman_02217.jpg,Aman
Train_Set/Aman/Aman_03755.jpg,Aman
Train_Set/Aman/Aman_06869.jpg,Aman
Train_Set/Aman/Aman_03017.jpg,Aman
Train_Set/Rusak/Rusak_02322.jpg,Rusak
Train_Set/Aman/Aman_03071.jpg,Aman
Train_Set/Aman/Aman_03309.jpg,Aman
Train_Set/Aman/Aman_03706.jpg,Aman
Train_Set/Aman/Aman_02677.jpg,Aman
Train_Set/Aman/Aman_02195.jpg,Aman
Train_Set/Rusak/Rusak_02170.jpg,Rusak
Train_Set/Rusak/Rusak_01872.jpg,Rusak
Train_Set/Aman/Aman_06534.jpg,Aman
Train_Set/Aman/Aman_07809.jpg,Aman
Train_Set/Aman/Aman_06413.jpg,Aman
Train_Set/Aman/Aman_06825.jpg,Aman
Train_Set/Lainnya/Lainnya_00115.jpg,Lainnya
Train_Set/Aman/Aman_08296.jpg,Aman
Train_Set/Aman/Aman_04507.jpg,Aman
Train_Set/Rusak/Rusak_02810.jpg,Rusak
Train_Set/Aman/Aman_02449.jpg,Aman
Train_Set/Aman/Aman_07621.jpg,Aman
Train_Set/Aman/Aman_00433.jpg,Aman
Train_Set/Aman/Aman_05457.jpg,Aman
Train_Set/Aman/Aman_02758.jpg,Aman
Train_Set/Aman/Aman_00595.jpg,Aman
Train_Set/Rusak/Rusak_00346.jpg,Rusak
Train_Set/Aman/Aman_06237.jpg,Aman
Train_Set/Aman/Aman_01371.jpg,Aman
Train_Set/Rusak/Rusak_00375.jpg,Rusak
Train_Set/Aman/Aman_00649.jpg,Aman
Train_Set/Aman/Aman_00891.jpg,Aman
Train_Set/Aman/Aman_07534.jpg,Aman
Train_Set/Aman/Aman_06096.jpg,Aman
Train_Set/Aman/Aman_05641.jpg,Aman
Train_Set/Aman/Aman_03019.jpg,Aman
Train_Set/Aman/Aman_00631.jpg,Aman
Train_Set/Aman/Aman_08235.jpg,Aman
Train_Set/Aman/Aman_07482.jpg,Aman
Train_Set/Aman/Aman_07928.jpg,Aman
Train_Set/Aman/Aman_02007.jpg,Aman
Train_Set/Aman/Aman_00966.jpg,Aman
Train_Set/Aman/Aman_08626.jpg,Aman
Train_Set/Aman/Aman_08368.jpg,Aman
Train_Set/Aman/Aman_06272.jpg,Aman
Train_Set/Aman/Aman_07186.jpeg,Aman
Train_Set/Aman/Aman_03001.jpg,Aman
Train_Set/Rusak/Rusak_02053.jpg,Rusak
Train_Set/Rusak/Rusak_01516.jpg,Rusak
Train_Set/Aman/Aman_03065.jpg,Aman
Train_Set/Rusak/Rusak_01932.jpg,Rusak
Train_Set/Aman/Aman_03241.jpg,Aman
Train_Set/Aman/Aman_03280.jpg,Aman
Train_Set/Rusak/Rusak_00327.jpg,Rusak
Train_Set/Aman/Aman_08175.jpg,Aman
Train_Set/Rusak/Rusak_01501.jpg,Rusak
Train_Set/Aman/Aman_07435.jpg,Aman
Train_Set/Aman/Aman_04625.jpg,Aman
Train_Set/Rusak/Rusak_01521.jpg,Rusak
Train_Set/Lainnya/Lainnya_00302.jpg,Lainnya
Train_Set/Aman/Aman_01474.jpg,Aman
Train_Set/Rusak/Rusak_00599.jpg,Rusak
Train_Set/Lainnya/Lainnya_00200.jpg,Lainnya
Train_Set/Aman/Aman_04632.jpg,Aman
Train_Set/Rusak/Rusak_01117.jpg,Rusak
Train_Set/Rusak/Rusak_00248.jpg,Rusak
Train_Set/Aman/Aman_00908.jpg,Aman
Train_Set/Aman/Aman_02950.jpg,Aman
Train_Set/Aman/Aman_02487.jpg,Aman
Train_Set/Rusak/Rusak_02518.jpg,Rusak
Train_Set/Aman/Aman_04125.jpg,Aman
Train_Set/Aman/Aman_02769.jpg,Aman
Train_Set/Aman/Aman_05013.jpg,Aman
Train_Set/Aman/Aman_07032.jpg,Aman
Train_Set/Rusak/Rusak_02891.jpg,Rusak
Train_Set/Aman/Aman_07499.jpg,Aman
Train_Set/Rusak/Rusak_02456.jpg,Rusak
Train_Set/Aman/Aman_01449.jpg,Aman
Train_Set/Aman/Aman_02557.jpg,Aman
Train_Set/Aman/Aman_07178.jpeg,Aman
Train_Set/Aman/Aman_00053.jpg,Aman
Train_Set/Rusak/Rusak_00578.jpg,Rusak
Train_Set/Aman/Aman_01153.jpg,Aman
Train_Set/Aman/Aman_04649.jpg,Aman
Train_Set/Aman/Aman_07719.jpg,Aman
Train_Set/Rusak/Rusak_01706.jpg,Rusak
Train_Set/Rusak/Rusak_02990.jpg,Rusak
Train_Set/Aman/Aman_04991.jpg,Aman
Train_Set/Rusak/Rusak_01221.jpg,Rusak
Train_Set/Aman/Aman_00175.jpg,Aman
Train_Set/Aman/Aman_07491.jpg,Aman
Train_Set/Aman/Aman_06026.jpg,Aman
Train_Set/Aman/Aman_00304.jpg,Aman
Train_Set/Aman/Aman_00245.jpg,Aman
Train_Set/Aman/Aman_03523.jpg,Aman
Train_Set/Aman/Aman_06200.jpg,Aman
Train_Set/Aman/Aman_05782.jpg,Aman
Train_Set/Rusak/Rusak_02083.jpg,Rusak
Train_Set/Aman/Aman_05112.jpg,Aman
Train_Set/Aman/Aman_04986.jpg,Aman
Train_Set/Aman/Aman_05091.jpg,Aman
Train_Set/Rusak/Rusak_00720.jpg,Rusak
Train_Set/Aman/Aman_04591.jpg,Aman
Train_Set/Rusak/Rusak_02145.jpg,Rusak
Train_Set/Rusak/Rusak_02660.jpg,Rusak
Train_Set/Aman/Aman_04606.jpg,Aman
Train_Set/Rusak/Rusak_02358.jpg,Rusak
Train_Set/Rusak/Rusak_01736.jpg,Rusak
Train_Set/Aman/Aman_06761.jpg,Aman
Train_Set/Rusak/Rusak_01670.jpg,Rusak
Train_Set/Aman/Aman_04389.jpg,Aman
Train_Set/Rusak/Rusak_00640.jpg,Rusak
Train_Set/Rusak/Rusak_00564.jpg,Rusak
Train_Set/Aman/Aman_08234.jpg,Aman
Train_Set/Rusak/Rusak_01714.jpg,Rusak
Train_Set/Aman/Aman_08526.jpg,Aman
Train_Set/Rusak/Rusak_02354.jpg,Rusak
Train_Set/Rusak/Rusak_00695.jpg,Rusak
Train_Set/Aman/Aman_07458.jpg,Aman
Train_Set/Aman/Aman_06918.jpg,Aman
Train_Set/Aman/Aman_01427.jpg,Aman
Train_Set/Lainnya/Lainnya_00164.jpg,Lainnya
Train_Set/Aman/Aman_08644.jpg,Aman
Train_Set/Aman/Aman_08225.jpg,Aman
Train_Set/Rusak/Rusak_00989.jpg,Rusak
Train_Set/Aman/Aman_08065.jpg,Aman
Train_Set/Aman/Aman_03304.jpg,Aman
Train_Set/Rusak/Rusak_00618.jpg,Rusak
Train_Set/Aman/Aman_01732.jpg,Aman
Train_Set/Aman/Aman_06125.jpg,Aman
Train_Set/Aman/Aman_07266.jpg,Aman
Train_Set/Aman/Aman_00403.jpg,Aman
Train_Set/Aman/Aman_03225.jpg,Aman
Train_Set/Aman/Aman_07637.jpg,Aman
Train_Set/Aman/Aman_06195.jpg,Aman
Train_Set/Aman/Aman_03694.jpg,Aman
Train_Set/Aman/Aman_02326.jpg,Aman
Train_Set/Rusak/Rusak_02864.jpg,Rusak
Train_Set/Aman/Aman_02413.jpg,Aman
Train_Set/Aman/Aman_00535.jpg,Aman
Train_Set/Rusak/Rusak_01173.jpg,Rusak
Train_Set/Rusak/Rusak_01025.jpg,Rusak
Train_Set/Lainnya/Lainnya_00108.jpg,Lainnya
Train_Set/Aman/Aman_01476.jpg,Aman
Train_Set/Aman/Aman_00523.jpg,Aman
Train_Set/Aman/Aman_02963.jpg,Aman
Train_Set/Aman/Aman_03801.jpg,Aman
Train_Set/Rusak/Rusak_02414.jpg,Rusak
Train_Set/Rusak/Rusak_00257.jpg,Rusak
Train_Set/Aman/Aman_04607.jpg,Aman
Train_Set/Aman/Aman_03950.jpg,Aman
Train_Set/Rusak/Rusak_02677.jpg,Rusak
Train_Set/Rusak/Rusak_00360.jpg,Rusak
Train_Set/Aman/Aman_02105.jpg,Aman
Train_Set/Aman/Aman_06648.jpg,Aman
Train_Set/Aman/Aman_02155.jpg,Aman
Train_Set/Aman/Aman_05122.jpg,Aman
Train_Set/Aman/Aman_03550.jpg,Aman
Train_Set/Rusak/Rusak_02436.jpg,Rusak
Train_Set/Rusak/Rusak_00310.jpg,Rusak
Train_Set/Aman/Aman_07959.jpg,Aman
Train_Set/Rusak/Rusak_02027.jpg,Rusak
Train_Set/Rusak/Rusak_02892.jpg,Rusak
Train_Set/Aman/Aman_08286.jpg,Aman
Train_Set/Aman/Aman_06550.jpg,Aman
Train_Set/Aman/Aman_04030.jpg,Aman
Train_Set/Aman/Aman_04267.jpg,Aman
Train_Set/Rusak/Rusak_00624.jpg,Rusak
Train_Set/Aman/Aman_01235.jpg,Aman
Train_Set/Aman/Aman_04051.jpg,Aman
Train_Set/Aman/Aman_02482.jpg,Aman
Train_Set/Aman/Aman_04742.jpg,Aman
Train_Set/Rusak/Rusak_01767.jpg,Rusak
Train_Set/Aman/Aman_03338.jpg,Aman
Train_Set/Aman/Aman_02278.jpg,Aman
Train_Set/Rusak/Rusak_01399.jpg,Rusak
Train_Set/Aman/Aman_05202.jpg,Aman
Train_Set/Aman/Aman_08611.jpg,Aman
Train_Set/Rusak/Rusak_00507.jpg,Rusak
Train_Set/Aman/Aman_01162.jpg,Aman
Train_Set/Aman/Aman_04953.jpg,Aman
Train_Set/Aman/Aman_03989.jpg,Aman
Train_Set/Aman/Aman_03976.jpg,Aman
Train_Set/Aman/Aman_02546.jpg,Aman
Train_Set/Aman/Aman_05387.jpg,Aman
Train_Set/Aman/Aman_02391.jpg,Aman
Train_Set/Aman/Aman_02861.jpg,Aman
Train_Set/Aman/Aman_04016.jpg,Aman
Train_Set/Aman/Aman_06129.jpg,Aman
Train_Set/Rusak/Rusak_01580.jpg,Rusak
Train_Set/Aman/Aman_01385.jpg,Aman
Train_Set/Aman/Aman_04653.jpg,Aman
Train_Set/Aman/Aman_04075.jpg,Aman
Train_Set/Aman/Aman_08122.jpg,Aman
Train_Set/Aman/Aman_08273.jpg,Aman
Train_Set/Aman/Aman_05612.jpg,Aman
Train_Set/Aman/Aman_04246.png,Aman
Train_Set/Rusak/Rusak_00949.jpg,Rusak
Train_Set/Aman/Aman_01188.jpg,Aman
Train_Set/Rusak/Rusak_01009.jpg,Rusak
Train_Set/Rusak/Rusak_01901.jpg,Rusak
Train_Set/Aman/Aman_05467.jpg,Aman
Train_Set/Aman/Aman_00768.jpg,Aman
Train_Set/Aman/Aman_05340.jpg,Aman
Train_Set/Aman/Aman_02692.jpg,Aman
Train_Set/Aman/Aman_02537.jpg,Aman
Train_Set/Aman/Aman_01908.jpg,Aman
Train_Set/Aman/Aman_08785.jpg,Aman
Train_Set/Rusak/Rusak_00737.jpg,Rusak
Train_Set/Aman/Aman_04198.jpg,Aman
Train_Set/Aman/Aman_01577.jpg,Aman
Train_Set/Aman/Aman_06947.jpg,Aman
Train_Set/Rusak/Rusak_01288.jpg,Rusak
Train_Set/Rusak/Rusak_01042.jpg,Rusak
Train_Set/Rusak/Rusak_02552.jpg,Rusak
Train_Set/Aman/Aman_08467.jpg,Aman
Train_Set/Aman/Aman_00845.jpg,Aman
Train_Set/Aman/Aman_00082.jpg,Aman
Train_Set/Aman/Aman_01409.jpg,Aman
Train_Set/Lainnya/Lainnya_00173.jpg,Lainnya
Train_Set/Aman/Aman_06135.jpg,Aman
Train_Set/Aman/Aman_00556.jpg,Aman
Train_Set/Aman/Aman_07425.jpg,Aman
Train_Set/Rusak/Rusak_02663.jpg,Rusak
Train_Set/Aman/Aman_02082.jpg,Aman
Train_Set/Aman/Aman_04619.jpg,Aman
Train_Set/Rusak/Rusak_02598.jpg,Rusak
Train_Set/Aman/Aman_03410.jpg,Aman
Train_Set/Aman/Aman_06072.jpg,Aman
Train_Set/Aman/Aman_03516.jpg,Aman
Train_Set/Aman/Aman_00294.jpg,Aman
Train_Set/Aman/Aman_00457.jpg,Aman
Train_Set/Rusak/Rusak_01324.jpg,Rusak
Train_Set/Rusak/Rusak_00740.jpg,Rusak
Train_Set/Aman/Aman_05567.jpg,Aman
Train_Set/Aman/Aman_00623.jpg,Aman
Train_Set/Aman/Aman_08050.jpg,Aman
Train_Set/Aman/Aman_03607.jpg,Aman
Train_Set/Rusak/Rusak_00506.jpg,Rusak
Train_Set/Rusak/Rusak_00298.jpg,Rusak
Train_Set/Aman/Aman_07208.jpeg,Aman
Train_Set/Aman/Aman_00089.png,Aman
Train_Set/Aman/Aman_03657.jpg,Aman
Train_Set/Aman/Aman_08319.jpg,Aman
Train_Set/Aman/Aman_07485.jpg,Aman
Train_Set/Aman/Aman_00735.jpg,Aman
Train_Set/Rusak/Rusak_01406.jpg,Rusak
Train_Set/Lainnya/Lainnya_00027.jpg,Lainnya
Train_Set/Aman/Aman_02169.jpg,Aman
Train_Set/Aman/Aman_08718.jpg,Aman
Train_Set/Aman/Aman_06568.jpg,Aman
Train_Set/Rusak/Rusak_02261.jpg,Rusak
Train_Set/Aman/Aman_00910.jpg,Aman
Train_Set/Aman/Aman_05777.jpg,Aman
Train_Set/Aman/Aman_02645.jpg,Aman
Train_Set/Rusak/Rusak_00148.jpg,Rusak
Train_Set/Rusak/Rusak_00946.jpg,Rusak
Train_Set/Rusak/Rusak_00444.jpg,Rusak
Train_Set/Aman/Aman_08628.jpg,Aman
Train_Set/Rusak/Rusak_01715.jpg,Rusak
Train_Set/Rusak/Rusak_00199.jpg,Rusak
Train_Set/Aman/Aman_08053.jpg,Aman
Train_Set/Rusak/Rusak_02154.jpg,Rusak
Train_Set/Aman/Aman_07270.jpg,Aman
Train_Set/Lainnya/Lainnya_00205.jpg,Lainnya
Train_Set/Rusak/Rusak_01996.jpg,Rusak
Train_Set/Rusak/Rusak_01172.jpg,Rusak
Train_Set/Aman/Aman_03168.jpg,Aman
Train_Set/Aman/Aman_05902.jpg,Aman
Train_Set/Aman/Aman_07877.jpg,Aman
Train_Set/Aman/Aman_04797.jpg,Aman
Train_Set/Aman/Aman_04140.jpg,Aman
Train_Set/Aman/Aman_06999.jpg,Aman
Train_Set/Aman/Aman_07399.jpg,Aman
Train_Set/Aman/Aman_08250.jpg,Aman
Train_Set/Aman/Aman_08592.jpg,Aman
Train_Set/Aman/Aman_06780.jpg,Aman
Train_Set/Rusak/Rusak_01692.jpg,Rusak
Train_Set/Aman/Aman_00913.jpg,Aman
Train_Set/Aman/Aman_08622.jpg,Aman
Train_Set/Aman/Aman_03340.jpg,Aman
Train_Set/Aman/Aman_02043.jpg,Aman
Train_Set/Aman/Aman_04812.jpg,Aman
Train_Set/Aman/Aman_03086.jpg,Aman
Train_Set/Rusak/Rusak_02470.jpg,Rusak
Train_Set/Rusak/Rusak_01623.jpg,Rusak
Train_Set/Aman/Aman_04636.jpg,Aman
Train_Set/Rusak/Rusak_01298.jpg,Rusak
Train_Set/Aman/Aman_01338.jpg,Aman
Train_Set/Rusak/Rusak_02283.jpg,Rusak
Train_Set/Aman/Aman_03259.jpg,Aman
Train_Set/Lainnya/Lainnya_00089.jpg,Lainnya
Train_Set/Aman/Aman_02706.jpg,Aman
Train_Set/Aman/Aman_01010.jpg,Aman
Train_Set/Aman/Aman_06401.jpg,Aman
Train_Set/Rusak/Rusak_00649.jpg,Rusak
Train_Set/Aman/Aman_02304.jpg,Aman
Train_Set/Aman/Aman_04544.jpg,Aman
Train_Set/Aman/Aman_04286.jpg,Aman
Train_Set/Aman/Aman_07879.jpg,Aman
Train_Set/Rusak/Rusak_00617.jpg,Rusak
Train_Set/Aman/Aman_00289.jpg,Aman
Train_Set/Rusak/Rusak_02623.jpg,Rusak
Train_Set/Aman/Aman_04678.jpg,Aman
Train_Set/Aman/Aman_04701.jpg,Aman
Train_Set/Rusak/Rusak_02201.jpg,Rusak
Train_Set/Aman/Aman_05564.jpg,Aman
Train_Set/Aman/Aman_02486.jpg,Aman
Train_Set/Aman/Aman_04667.jpg,Aman
Train_Set/Aman/Aman_01262.jpg,Aman
Train_Set/Aman/Aman_05227.jpg,Aman
Train_Set/Rusak/Rusak_00561.jpg,Rusak
Train_Set/Rusak/Rusak_00142.jpg,Rusak
Train_Set/Aman/Aman_05381.jpg,Aman
Train_Set/Rusak/Rusak_00080.jpg,Rusak
Train_Set/Rusak/Rusak_01725.jpg,Rusak
Train_Set/Aman/Aman_04522.jpg,Aman
Train_Set/Aman/Aman_04680.jpg,Aman
Train_Set/Aman/Aman_01823.jpg,Aman
Train_Set/Aman/Aman_07659.jpg,Aman
Train_Set/Lainnya/Lainnya_00099.jpg,Lainnya
Train_Set/Rusak/Rusak_00815.jpg,Rusak
Train_Set/Aman/Aman_00857.jpg,Aman
Train_Set/Rusak/Rusak_01194.jpg,Rusak
Train_Set/Aman/Aman_02820.jpg,Aman
Train_Set/Aman/Aman_03096.jpg,Aman
Train_Set/Aman/Aman_06407.jpg,Aman
Train_Set/Aman/Aman_03615.jpg,Aman
Train_Set/Aman/Aman_08673.jpg,Aman
Train_Set/Rusak/Rusak_02882.jpg,Rusak
Train_Set/Aman/Aman_02737.jpg,Aman
Train_Set/Aman/Aman_06700.jpg,Aman
Train_Set/Aman/Aman_08740.jpg,Aman
Train_Set/Aman/Aman_06688.jpg,Aman
Train_Set/Rusak/Rusak_02195.jpg,Rusak
Train_Set/Rusak/Rusak_02159.jpg,Rusak
Train_Set/Aman/Aman_07413.jpg,Aman
Train_Set/Aman/Aman_04383.jpg,Aman
Train_Set/Rusak/Rusak_00900.jpg,Rusak
Train_Set/Aman/Aman_03215.jpg,Aman
Train_Set/Aman/Aman_00448.jpg,Aman
Train_Set/Rusak/Rusak_01549.jpg,Rusak
Train_Set/Aman/Aman_06625.jpg,Aman
Train_Set/Aman/Aman_05115.jpg,Aman
Train_Set/Rusak/Rusak_02024.jpg,Rusak
Train_Set/Aman/Aman_08169.jpg,Aman
Train_Set/Aman/Aman_03908.jpg,Aman
Train_Set/Aman/Aman_08327.jpg,Aman
Train_Set/Rusak/Rusak_02783.jpg,Rusak
Train_Set/Rusak/Rusak_00391.jpg,Rusak
Train_Set/Aman/Aman_03479.jpg,Aman
Train_Set/Lainnya/Lainnya_00017.jpg,Lainnya
Train_Set/Aman/Aman_07019.jpg,Aman
Train_Set/Aman/Aman_06964.jpg,Aman
Train_Set/Aman/Aman_07376.jpg,Aman
Train_Set/Rusak/Rusak_00789.jpg,Rusak
Train_Set/Aman/Aman_08192.jpg,Aman
Train_Set/Aman/Aman_00962.jpg,Aman
Train_Set/Rusak/Rusak_01312.jpg,Rusak
Train_Set/Aman/Aman_06106.jpg,Aman
Train_Set/Aman/Aman_00652.jpg,Aman
Train_Set/Aman/Aman_05825.jpg,Aman
Train_Set/Aman/Aman_06901.jpg,Aman
Train_Set/Aman/Aman_04518.jpg,Aman
Train_Set/Aman/Aman_01828.jpg,Aman
Train_Set/Aman/Aman_05524.jpg,Aman
Train_Set/Aman/Aman_00694.jpg,Aman
Train_Set/Aman/Aman_05558.jpg,Aman
Train_Set/Aman/Aman_06055.jpg,Aman
Train_Set/Rusak/Rusak_02910.jpg,Rusak
Train_Set/Aman/Aman_01726.jpg,Aman
Train_Set/Rusak/Rusak_01055.jpg,Rusak
Train_Set/Aman/Aman_00305.jpg,Aman
Train_Set/Aman/Aman_02064.jpg,Aman
Train_Set/Rusak/Rusak_02263.jpg,Rusak
Train_Set/Aman/Aman_07279.jpg,Aman
Train_Set/Aman/Aman_01291.jpg,Aman
Train_Set/Aman/Aman_07952.jpg,Aman
Train_Set/Rusak/Rusak_00659.jpg,Rusak
Train_Set/Aman/Aman_02717.jpg,Aman
Train_Set/Aman/Aman_08212.jpg,Aman
Train_Set/Aman/Aman_04790.jpg,Aman
Train_Set/Aman/Aman_03669.jpg,Aman
Train_Set/Aman/Aman_06150.jpg,Aman
Train_Set/Rusak/Rusak_01882.jpg,Rusak
Train_Set/Lainnya/Lainnya_00036.jpg,Lainnya
Train_Set/Aman/Aman_00940.jpg,Aman
Train_Set/Aman/Aman_05437.jpg,Aman
Train_Set/Aman/Aman_01672.jpg,Aman
Train_Set/Rusak/Rusak_02857.jpg,Rusak
Train_Set/Aman/Aman_02774.jpg,Aman
Train_Set/Aman/Aman_08615.jpg,Aman
Train_Set/Aman/Aman_01438.jpg,Aman
Train_Set/Aman/Aman_08472.jpg,Aman
Train_Set/Aman/Aman_07081.jpg,Aman
Train_Set/Aman/Aman_04455.jpg,Aman
Train_Set/Aman/Aman_03593.jpg,Aman
Train_Set/Rusak/Rusak_00509.jpg,Rusak
Train_Set/Lainnya/Lainnya_00002.jpg,Lainnya
Train_Set/Aman/Aman_02520.jpg,Aman
Train_Set/Aman/Aman_00563.jpg,Aman
Train_Set/Aman/Aman_05926.jpg,Aman
Train_Set/Rusak/Rusak_01545.jpg,Rusak
Train_Set/Aman/Aman_04183.jpg,Aman
Train_Set/Aman/Aman_02741.jpg,Aman
Train_Set/Aman/Aman_05422.jpg,Aman
Train_Set/Aman/Aman_03318.jpg,Aman
Train_Set/Aman/Aman_02365.jpg,Aman
Train_Set/Aman/Aman_02458.jpg,Aman
Train_Set/Aman/Aman_06508.jpg,Aman
Train_Set/Aman/Aman_03082.jpg,Aman
Train_Set/Rusak/Rusak_01317.jpg,Rusak
Train_Set/Aman/Aman_02303.jpg,Aman
Train_Set/Rusak/Rusak_02909.jpg,Rusak
Train_Set/Aman/Aman_08354.jpg,Aman
Train_Set/Aman/Aman_01975.jpg,Aman
Train_Set/Aman/Aman_04012.jpg,Aman
Train_Set/Aman/Aman_05758.jpg,Aman
Train_Set/Aman/Aman_01431.jpg,Aman
Train_Set/Aman/Aman_05334.jpg,Aman
Train_Set/Rusak/Rusak_02172.jpg,Rusak
Train_Set/Aman/Aman_04192.jpg,Aman
Train_Set/Rusak/Rusak_00067.jpg,Rusak
Train_Set/Rusak/Rusak_02671.jpg,Rusak
Train_Set/Aman/Aman_00974.jpg,Aman
Train_Set/Aman/Aman_02115.jpg,Aman
Train_Set/Aman/Aman_03211.jpg,Aman
Train_Set/Aman/Aman_08292.jpg,Aman
Train_Set/Aman/Aman_00367.jpg,Aman
Train_Set/Rusak/Rusak_00251.jpg,Rusak
Train_Set/Aman/Aman_00402.jpg,Aman
Train_Set/Aman/Aman_06721.jpg,Aman
Train_Set/Rusak/Rusak_01639.jpg,Rusak
Train_Set/Aman/Aman_08531.jpg,Aman
Train_Set/Rusak/Rusak_02615.jpg,Rusak
Train_Set/Aman/Aman_03303.jpg,Aman
Train_Set/Aman/Aman_08702.jpg,Aman
Train_Set/Aman/Aman_02174.jpg,Aman
Train_Set/Rusak/Rusak_02137.jpg,Rusak
Train_Set/Rusak/Rusak_00060.jpg,Rusak
Train_Set/Rusak/Rusak_00354.jpg,Rusak
Train_Set/Rusak/Rusak_00077.jpg,Rusak
Train_Set/Aman/Aman_01246.jpg,Aman
Train_Set/Rusak/Rusak_02744.jpg,Rusak
Train_Set/Aman/Aman_04314.jpg,Aman
Train_Set/Rusak/Rusak_01517.jpg,Rusak
Train_Set/Aman/Aman_04795.jpg,Aman
Train_Set/Aman/Aman_01095.jpg,Aman
Train_Set/Rusak/Rusak_02967.jpg,Rusak
Train_Set/Rusak/Rusak_01331.jpg,Rusak
Train_Set/Aman/Aman_06544.jpg,Aman
Train_Set/Rusak/Rusak_01855.jpg,Rusak
Train_Set/Lainnya/Lainnya_00306.jpg,Lainnya
Train_Set/Aman/Aman_02053.jpg,Aman
Train_Set/Aman/Aman_02610.jpg,Aman
Train_Set/Aman/Aman_05111.jpg,Aman
Train_Set/Lainnya/Lainnya_00192.jpg,Lainnya
Train_Set/Aman/Aman_03788.jpg,Aman
Train_Set/Aman/Aman_07496.jpg,Aman
Train_Set/Rusak/Rusak_02610.jpg,Rusak
Train_Set/Aman/Aman_04153.jpg,Aman
Train_Set/Rusak/Rusak_01616.jpg,Rusak
Train_Set/Aman/Aman_02399.jpg,Aman
Train_Set/Aman/Aman_08265.jpg,Aman
Train_Set/Aman/Aman_08509.jpg,Aman
Train_Set/Rusak/Rusak_02495.jpg,Rusak
Train_Set/Rusak/Rusak_02215.jpg,Rusak
Train_Set/Aman/Aman_02310.jpg,Aman
Train_Set/Rusak/Rusak_02446.jpg,Rusak
Train_Set/Rusak/Rusak_01553.jpg,Rusak
Train_Set/Aman/Aman_05303.jpg,Aman
Train_Set/Aman/Aman_04324.jpg,Aman
Train_Set/Rusak/Rusak_00492.jpg,Rusak
Train_Set/Rusak/Rusak_00630.jpg,Rusak
Train_Set/Aman/Aman_08270.jpg,Aman
Train_Set/Aman/Aman_06885.jpg,Aman
Train_Set/Aman/Aman_07231.jpg,Aman
Train_Set/Aman/Aman_01636.jpg,Aman
Train_Set/Aman/Aman_02456.jpg,Aman
Train_Set/Aman/Aman_08770.jpg,Aman
Train_Set/Aman/Aman_00878.jpg,Aman
Train_Set/Aman/Aman_01629.jpg,Aman
Train_Set/Aman/Aman_01014.jpg,Aman
Train_Set/Aman/Aman_02311.jpg,Aman
Train_Set/Aman/Aman_04468.jpg,Aman
Train_Set/Aman/Aman_00740.jpg,Aman
Train_Set/Aman/Aman_06069.jpg,Aman
Train_Set/Aman/Aman_07055.jpg,Aman
Train_Set/Aman/Aman_06957.jpg,Aman
Train_Set/Lainnya/Lainnya_00143.jpg,Lainnya
Train_Set/Aman/Aman_04631.jpg,Aman
Train_Set/Rusak/Rusak_01709.jpg,Rusak
Train_Set/Aman/Aman_08059.jpg,Aman
Train_Set/Rusak/Rusak_02080.jpg,Rusak
Train_Set/Aman/Aman_04086.jpg,Aman
Train_Set/Aman/Aman_00076.jpg,Aman
Train_Set/Rusak/Rusak_00046.jpg,Rusak
Train_Set/Aman/Aman_06327.jpg,Aman
Train_Set/Rusak/Rusak_01643.jpg,Rusak
Train_Set/Aman/Aman_05627.jpg,Aman
Train_Set/Aman/Aman_07229.jpg,Aman
Train_Set/Aman/Aman_07481.jpg,Aman
Train_Set/Aman/Aman_03053.jpg,Aman
Train_Set/Aman/Aman_02393.jpg,Aman
Train_Set/Aman/Aman_08754.jpg,Aman
Train_Set/Aman/Aman_04557.jpg,Aman
Train_Set/Aman/Aman_02699.jpg,Aman
Train_Set/Aman/Aman_08163.jpg,Aman
Train_Set/Aman/Aman_07581.jpg,Aman
Train_Set/Aman/Aman_04779.jpg,Aman
Train_Set/Aman/Aman_08672.jpg,Aman
Train_Set/Aman/Aman_06728.jpg,Aman
Train_Set/Rusak/Rusak_01808.jpg,Rusak
Train_Set/Aman/Aman_03107.jpg,Aman
Train_Set/Aman/Aman_08736.jpg,Aman
Train_Set/Aman/Aman_07727.jpg,Aman
Train_Set/Aman/Aman_06541.jpg,Aman
Train_Set/Aman/Aman_04765.jpg,Aman
Train_Set/Aman/Aman_01387.jpg,Aman
Train_Set/Aman/Aman_02441.jpg,Aman
Train_Set/Aman/Aman_01106.jpg,Aman
Train_Set/Aman/Aman_01275.jpg,Aman
Train_Set/Aman/Aman_05784.jpg,Aman
Train_Set/Aman/Aman_08738.jpg,Aman
Train_Set/Aman/Aman_06955.jpg,Aman
Train_Set/Aman/Aman_04831.jpg,Aman
Train_Set/Aman/Aman_07667.jpg,Aman
Train_Set/Aman/Aman_06745.jpg,Aman
Train_Set/Aman/Aman_00238.jpg,Aman
Train_Set/Aman/Aman_05847.jpg,Aman
Train_Set/Aman/Aman_02024.jpg,Aman
Train_Set/Aman/Aman_03041.jpg,Aman
Train_Set/Aman/Aman_04635.jpg,Aman
Train_Set/Lainnya/Lainnya_00342.jpg,Lainnya
Train_Set/Aman/Aman_02888.jpg,Aman
Train_Set/Rusak/Rusak_01542.jpg,Rusak
Train_Set/Aman/Aman_06645.jpg,Aman
Train_Set/Aman/Aman_05979.jpg,Aman
Train_Set/Aman/Aman_04728.jpg,Aman
Train_Set/Rusak/Rusak_01794.jpg,Rusak
Train_Set/Aman/Aman_02210.jpg,Aman
Train_Set/Rusak/Rusak_01112.jpg,Rusak
Train_Set/Aman/Aman_00716.jpg,Aman
Train_Set/Rusak/Rusak_00423.jpg,Rusak
Train_Set/Aman/Aman_03781.jpg,Aman
Train_Set/Aman/Aman_03231.jpg,Aman
Train_Set/Rusak/Rusak_01754.jpg,Rusak
Train_Set/Rusak/Rusak_00795.jpg,Rusak
Train_Set/Aman/Aman_05548.jpg,Aman
Train_Set/Aman/Aman_04759.jpg,Aman
Train_Set/Aman/Aman_02867.jpg,Aman
Train_Set/Aman/Aman_08714.jpg,Aman
Train_Set/Aman/Aman_00500.jpg,Aman
Train_Set/Rusak/Rusak_02070.jpg,Rusak
Train_Set/Aman/Aman_08466.jpg,Aman
Train_Set/Rusak/Rusak_01159.jpg,Rusak
Train_Set/Aman/Aman_06254.jpg,Aman
Train_Set/Rusak/Rusak_00565.jpg,Rusak
Train_Set/Lainnya/Lainnya_00296.jpg,Lainnya
Train_Set/Rusak/Rusak_02753.jpg,Rusak
Train_Set/Aman/Aman_04685.jpg,Aman
Train_Set/Aman/Aman_05405.jpg,Aman
Train_Set/Aman/Aman_02904.jpg,Aman
Train_Set/Aman/Aman_01105.jpg,Aman
Train_Set/Aman/Aman_05373.jpg,Aman
Train_Set/Aman/Aman_05380.jpg,Aman
Train_Set/Rusak/Rusak_02014.jpg,Rusak
Train_Set/Rusak/Rusak_00352.jpg,Rusak
Train_Set/Lainnya/Lainnya_00183.jpg,Lainnya
Train_Set/Aman/Aman_05181.jpeg,Aman
Train_Set/Rusak/Rusak_02469.jpg,Rusak
Train_Set/Aman/Aman_03104.jpg,Aman
Train_Set/Rusak/Rusak_01442.jpg,Rusak
Train_Set/Rusak/Rusak_00474.jpg,Rusak
Train_Set/Aman/Aman_07307.jpg,Aman
Train_Set/Rusak/Rusak_02586.jpg,Rusak
Train_Set/Aman/Aman_00732.jpg,Aman
Train_Set/Rusak/Rusak_00895.jpg,Rusak
Train_Set/Aman/Aman_04257.jpg,Aman
Train_Set/Rusak/Rusak_02063.jpg,Rusak
Train_Set/Aman/Aman_01176.jpg,Aman
Train_Set/Aman/Aman_03821.jpg,Aman
Train_Set/Aman/Aman_07214.jpeg,Aman
Train_Set/Aman/Aman_07526.jpg,Aman
Train_Set/Aman/Aman_06006.jpg,Aman
Train_Set/Aman/Aman_04933.jpg,Aman
Train_Set/Lainnya/Lainnya_00113.jpg,Lainnya
Train_Set/Aman/Aman_08147.jpg,Aman
Train_Set/Aman/Aman_08719.jpg,Aman
Train_Set/Aman/Aman_00550.jpg,Aman
Train_Set/Aman/Aman_08717.jpg,Aman
Train_Set/Aman/Aman_07560.jpg,Aman
Train_Set/Aman/Aman_05080.jpg,Aman
Train_Set/Rusak/Rusak_00502.jpg,Rusak
Train_Set/Aman/Aman_07124.jpg,Aman
Train_Set/Aman/Aman_01254.jpg,Aman
Train_Set/Rusak/Rusak_01369.jpg,Rusak
Train_Set/Rusak/Rusak_01211.jpg,Rusak
Train_Set/Aman/Aman_02723.jpg,Aman
Train_Set/Aman/Aman_06066.jpg,Aman
Train_Set/Aman/Aman_07548.jpg,Aman
Train_Set/Aman/Aman_04784.jpg,Aman
Train_Set/Aman/Aman_02345.jpg,Aman
Train_Set/Aman/Aman_03217.jpg,Aman
Train_Set/Aman/Aman_04242.jpg,Aman
Train_Set/Aman/Aman_01695.jpg,Aman
Train_Set/Aman/Aman_07586.jpg,Aman
Train_Set/Aman/Aman_05694.jpg,Aman
Train_Set/Aman/Aman_07900.jpg,Aman
Train_Set/Aman/Aman_00482.jpg,Aman
Train_Set/Aman/Aman_05153.jpg,Aman
Train_Set/Aman/Aman_04356.jpg,Aman
Train_Set/Lainnya/Lainnya_00333.jpg,Lainnya
Train_Set/Aman/Aman_06679.jpg,Aman
Train_Set/Aman/Aman_01129.jpg,Aman
Train_Set/Aman/Aman_00521.jpg,Aman
Train_Set/Aman/Aman_05604.jpg,Aman
Train_Set/Aman/Aman_01024.jpg,Aman
Train_Set/Aman/Aman_05144.jpg,Aman
Train_Set/Aman/Aman_00738.jpg,Aman
Train_Set/Rusak/Rusak_01563.jpg,Rusak
Train_Set/Aman/Aman_03565.jpg,Aman
Train_Set/Aman/Aman_01621.jpg,Aman
Train_Set/Aman/Aman_05401.jpg,Aman
Train_Set/Aman/Aman_04090.jpg,Aman
Train_Set/Aman/Aman_04851.jpg,Aman
Train_Set/Aman/Aman_05980.jpg,Aman
Train_Set/Aman/Aman_01267.jpg,Aman
Train_Set/Aman/Aman_05941.jpg,Aman
Train_Set/Rusak/Rusak_02694.jpg,Rusak
Train_Set/Aman/Aman_08683.jpg,Aman
Train_Set/Aman/Aman_07030.jpg,Aman
Train_Set/Aman/Aman_04644.jpg,Aman
Train_Set/Aman/Aman_04395.jpg,Aman
Train_Set/Aman/Aman_02649.jpg,Aman
Train_Set/Aman/Aman_04761.jpg,Aman
Train_Set/Aman/Aman_03641.jpg,Aman
Train_Set/Aman/Aman_07829.jpg,Aman
Train_Set/Rusak/Rusak_01164.jpg,Rusak
Train_Set/Aman/Aman_07881.jpg,Aman
Train_Set/Aman/Aman_01200.jpg,Aman
Train_Set/Aman/Aman_02379.jpg,Aman
Train_Set/Aman/Aman_08748.jpg,Aman
Train_Set/Aman/Aman_06014.jpg,Aman
Train_Set/Aman/Aman_00800.jpg,Aman
Train_Set/Aman/Aman_06455.jpg,Aman
Train_Set/Aman/Aman_01227.jpg,Aman
Train_Set/Rusak/Rusak_02348.jpg,Rusak
Train_Set/Aman/Aman_03079.jpg,Aman
Train_Set/Aman/Aman_03444.jpg,Aman
Train_Set/Aman/Aman_08590.png,Aman
Train_Set/Aman/Aman_01456.jpg,Aman
Train_Set/Rusak/Rusak_00686.jpg,Rusak
Train_Set/Aman/Aman_07382.jpg,Aman
Train_Set/Aman/Aman_06295.jpg,Aman
Train_Set/Aman/Aman_01177.jpg,Aman
Train_Set/Rusak/Rusak_02010.jpg,Rusak
Train_Set/Aman/Aman_04487.jpg,Aman
Train_Set/Aman/Aman_03684.jpg,Aman
Train_Set/Aman/Aman_04273.jpg,Aman
Train_Set/Rusak/Rusak_00367.jpg,Rusak
Train_Set/Aman/Aman_01143.jpg,Aman
Train_Set/Aman/Aman_03223.jpg,Aman
Train_Set/Rusak/Rusak_02465.jpg,Rusak
Train_Set/Lainnya/Lainnya_00213.jpg,Lainnya
Train_Set/Aman/Aman_02996.jpg,Aman
Train_Set/Aman/Aman_02340.jpg,Aman
Train_Set/Rusak/Rusak_01499.jpg,Rusak
Train_Set/Aman/Aman_04964.jpg,Aman
Train_Set/Aman/Aman_04271.jpg,Aman
Train_Set/Rusak/Rusak_01634.jpg,Rusak
Train_Set/Lainnya/Lainnya_00289.jpg,Lainnya
Train_Set/Aman/Aman_02608.jpg,Aman
Train_Set/Aman/Aman_06506.jpg,Aman
Train_Set/Aman/Aman_07322.jpg,Aman
Train_Set/Aman/Aman_05479.jpg,Aman
Train_Set/Aman/Aman_06201.jpg,Aman
Train_Set/Aman/Aman_01836.jpg,Aman
Train_Set/Aman/Aman_02562.jpg,Aman
Train_Set/Aman/Aman_05096.jpg,Aman
Train_Set/Rusak/Rusak_01468.jpg,Rusak
Train_Set/Rusak/Rusak_02685.jpg,Rusak
Train_Set/Rusak/Rusak_00159.jpg,Rusak
Train_Set/Aman/Aman_06521.jpg,Aman
Train_Set/Lainnya/Lainnya_00033.jpg,Lainnya
Train_Set/Aman/Aman_06018.jpg,Aman
Train_Set/Aman/Aman_00139.jpg,Aman
Train_Set/Rusak/Rusak_02274.jpg,Rusak
Train_Set/Rusak/Rusak_01296.jpg,Rusak
Train_Set/Rusak/Rusak_02378.jpg,Rusak
Train_Set/Aman/Aman_07618.jpg,Aman
Train_Set/Aman/Aman_07852.jpg,Aman
Train_Set/Aman/Aman_01500.jpg,Aman
Train_Set/Aman/Aman_08735.jpg,Aman
Train_Set/Rusak/Rusak_02511.jpg,Rusak
Train_Set/Rusak/Rusak_01656.jpg,Rusak
Train_Set/Rusak/Rusak_01938.jpg,Rusak
Train_Set/Aman/Aman_07677.jpg,Aman
Train_Set/Aman/Aman_01233.jpg,Aman
Train_Set/Aman/Aman_07503.jpg,Aman
Train_Set/Rusak/Rusak_00644.jpg,Rusak
Train_Set/Aman/Aman_01982.jpg,Aman
Train_Set/Aman/Aman_00299.jpg,Aman
Train_Set/Lainnya/Lainnya_00085.jpg,Lainnya
Train_Set/Aman/Aman_06109.jpg,Aman
Train_Set/Aman/Aman_02634.jpg,Aman
Train_Set/Rusak/Rusak_02361.jpg,Rusak
Train_Set/Aman/Aman_05616.jpg,Aman
Train_Set/Aman/Aman_01085.jpg,Aman
Train_Set/Aman/Aman_08745.jpg,Aman
Train_Set/Aman/Aman_00655.jpg,Aman
Train_Set/Aman/Aman_05836.jpg,Aman
Train_Set/Rusak/Rusak_00788.jpg,Rusak
Train_Set/Aman/Aman_01458.jpg,Aman
Train_Set/Aman/Aman_01234.jpg,Aman
Train_Set/Aman/Aman_06088.jpg,Aman
Train_Set/Aman/Aman_04763.jpg,Aman
Train_Set/Aman/Aman_07666.jpg,Aman
Train_Set/Aman/Aman_02665.jpg,Aman
Train_Set/Aman/Aman_03127.jpg,Aman
Train_Set/Rusak/Rusak_01622.jpg,Rusak
Train_Set/Aman/Aman_01048.jpg,Aman
Train_Set/Aman/Aman_08579.jpg,Aman
Train_Set/Aman/Aman_04550.jpg,Aman
Train_Set/Aman/Aman_05322.jpg,Aman
Train_Set/Aman/Aman_01269.jpg,Aman
Train_Set/Aman/Aman_08636.jpg,Aman
Train_Set/Aman/Aman_07612.jpg,Aman
Train_Set/Rusak/Rusak_01680.jpg,Rusak
Train_Set/Aman/Aman_03004.jpg,Aman
Train_Set/Aman/Aman_01751.jpg,Aman
Train_Set/Rusak/Rusak_00399.jpg,Rusak
Train_Set/Aman/Aman_03903.jpg,Aman
Train_Set/Aman/Aman_05347.jpg,Aman
Train_Set/Aman/Aman_02743.jpg,Aman
Train_Set/Aman/Aman_05669.jpg,Aman
Train_Set/Aman/Aman_01270.jpg,Aman
Train_Set/Aman/Aman_01859.jpg,Aman
Train_Set/Aman/Aman_04958.jpg,Aman
Train_Set/Aman/Aman_03046.jpg,Aman
Train_Set/Aman/Aman_04692.jpg,Aman
Train_Set/Aman/Aman_04073.jpg,Aman
Train_Set/Rusak/Rusak_00672.jpg,Rusak
Train_Set/Rusak/Rusak_01611.jpg,Rusak
Train_Set/Aman/Aman_01356.jpg,Aman
Train_Set/Lainnya/Lainnya_00341.jpg,Lainnya
Train_Set/Aman/Aman_00306.jpg,Aman
Train_Set/Aman/Aman_06785.jpg,Aman
Train_Set/Aman/Aman_07924.jpg,Aman
Train_Set/Aman/Aman_07524.jpg,Aman
Train_Set/Aman/Aman_08582.jpg,Aman
Train_Set/Aman/Aman_02224.jpg,Aman
Train_Set/Rusak/Rusak_00219.jpg,Rusak
Train_Set/Aman/Aman_07507.jpg,Aman
Train_Set/Aman/Aman_01709.jpg,Aman
Train_Set/Aman/Aman_05301.jpg,Aman
Train_Set/Aman/Aman_05684.jpg,Aman
Train_Set/Rusak/Rusak_00301.jpg,Rusak
Train_Set/Aman/Aman_08132.jpg,Aman
Train_Set/Aman/Aman_07915.jpg,Aman
Train_Set/Rusak/Rusak_01238.jpg,Rusak
Train_Set/Aman/Aman_02376.jpg,Aman
Train_Set/Rusak/Rusak_01831.jpg,Rusak
Train_Set/Rusak/Rusak_01370.jpg,Rusak
Train_Set/Aman/Aman_00843.jpg,Aman
Train_Set/Aman/Aman_08533.jpg,Aman
Train_Set/Aman/Aman_01477.jpg,Aman
Train_Set/Aman/Aman_07975.jpg,Aman
Train_Set/Aman/Aman_04713.jpg,Aman
Train_Set/Aman/Aman_00171.jpg,Aman
Train_Set/Aman/Aman_02015.jpg,Aman
Train_Set/Rusak/Rusak_01097.jpg,Rusak
Train_Set/Rusak/Rusak_02279.jpg,Rusak
Train_Set/Aman/Aman_01549.jpg,Aman
Train_Set/Aman/Aman_01954.jpg,Aman
Train_Set/Aman/Aman_04676.jpg,Aman
Train_Set/Rusak/Rusak_02009.jpg,Rusak
Train_Set/Aman/Aman_06968.jpg,Aman
Train_Set/Aman/Aman_04031.jpg,Aman
Train_Set/Rusak/Rusak_01287.jpg,Rusak
Train_Set/Aman/Aman_05891.jpg,Aman
Train_Set/Rusak/Rusak_01256.jpg,Rusak
Train_Set/Aman/Aman_03968.jpg,Aman
Train_Set/Aman/Aman_02319.jpg,Aman
Train_Set/Aman/Aman_00609.jpg,Aman
Train_Set/Aman/Aman_08422.jpg,Aman
Train_Set/Aman/Aman_02590.jpg,Aman
Train_Set/Aman/Aman_06311.jpg,Aman
Train_Set/Lainnya/Lainnya_00387.jpg,Lainnya
Train_Set/Aman/Aman_05932.jpg,Aman
Train_Set/Aman/Aman_01058.jpg,Aman
Train_Set/Lainnya/Lainnya_00346.jpg,Lainnya
Train_Set/Rusak/Rusak_02246.jpg,Rusak
Train_Set/Aman/Aman_01281.jpg,Aman
Train_Set/Rusak/Rusak_01699.jpg,Rusak
Train_Set/Aman/Aman_04824.jpg,Aman
Train_Set/Aman/Aman_06061.jpg,Aman
Train_Set/Aman/Aman_03799.jpg,Aman
Train_Set/Lainnya/Lainnya_00057.jpg,Lainnya
Train_Set/Aman/Aman_07636.jpg,Aman
Train_Set/Rusak/Rusak_01226.jpg,Rusak
Train_Set/Aman/Aman_06937.jpg,Aman
Train_Set/Aman/Aman_02348.jpg,Aman
Train_Set/Aman/Aman_07171.jpg,Aman
Train_Set/Rusak/Rusak_02256.jpg,Rusak
Train_Set/Aman/Aman_04967.jpg,Aman
Train_Set/Rusak/Rusak_00172.jpg,Rusak
Train_Set/Aman/Aman_00748.jpg,Aman
Train_Set/Aman/Aman_08665.jpg,Aman
Train_Set/Lainnya/Lainnya_00373.jpg,Lainnya
Train_Set/Aman/Aman_00246.jpg,Aman
Train_Set/Aman/Aman_04270.jpg,Aman
Train_Set/Aman/Aman_02994.jpg,Aman
Train_Set/Aman/Aman_06880.jpg,Aman
Train_Set/Aman/Aman_05833.jpg,Aman
Train_Set/Rusak/Rusak_00701.jpg,Rusak
Train_Set/Rusak/Rusak_01513.jpg,Rusak
Train_Set/Aman/Aman_07851.jpg,Aman
Train_Set/Aman/Aman_07598.jpg,Aman
Train_Set/Aman/Aman_02956.jpg,Aman
Train_Set/Aman/Aman_04475.jpg,Aman
Train_Set/Rusak/Rusak_02540.jpg,Rusak
Train_Set/Rusak/Rusak_01975.jpg,Rusak
Train_Set/Aman/Aman_05344.jpg,Aman
Train_Set/Rusak/Rusak_02825.jpg,Rusak
Train_Set/Rusak/Rusak_00491.jpg,Rusak
Train_Set/Aman/Aman_06912.jpg,Aman
Train_Set/Aman/Aman_07025.jpg,Aman
Train_Set/Aman/Aman_00553.jpg,Aman
Train_Set/Aman/Aman_05100.jpg,Aman
Train_Set/Aman/Aman_05319.jpg,Aman
Train_Set/Aman/Aman_08256.jpg,Aman
Train_Set/Aman/Aman_02945.jpg,Aman
Train_Set/Aman/Aman_05465.jpg,Aman
Train_Set/Rusak/Rusak_02537.jpg,Rusak
Train_Set/Lainnya/Lainnya_00369.jpg,Lainnya
Train_Set/Aman/Aman_03474.jpg,Aman
Train_Set/Aman/Aman_08739.jpg,Aman
Train_Set/Aman/Aman_07572.jpg,Aman
Train_Set/Rusak/Rusak_01813.jpg,Rusak
Train_Set/Rusak/Rusak_00937.jpg,Rusak
Train_Set/Aman/Aman_00298.jpg,Aman
Train_Set/Aman/Aman_07710.jpg,Aman
Train_Set/Aman/Aman_04285.jpg,Aman
Train_Set/Rusak/Rusak_02271.jpg,Rusak
Train_Set/Aman/Aman_01069.jpg,Aman
Train_Set/Aman/Aman_06456.jpg,Aman
Train_Set/Aman/Aman_02141.jpg,Aman
Train_Set/Aman/Aman_06603.jpg,Aman
Train_Set/Aman/Aman_05738.jpg,Aman
Train_Set/Aman/Aman_03919.jpg,Aman
Train_Set/Aman/Aman_08395.jpg,Aman
Train_Set/Aman/Aman_08304.jpg,Aman
Train_Set/Aman/Aman_06113.jpg,Aman
Train_Set/Rusak/Rusak_00068.jpg,Rusak
Train_Set/Lainnya/Lainnya_00010.jpg,Lainnya
Train_Set/Aman/Aman_08105.jpg,Aman
Train_Set/Aman/Aman_07958.jpg,Aman
Train_Set/Aman/Aman_04335.png,Aman
Train_Set/Aman/Aman_07828.jpg,Aman
Train_Set/Aman/Aman_01480.jpg,Aman
Train_Set/Aman/Aman_07291.jpg,Aman
Train_Set/Aman/Aman_08732.jpg,Aman
Train_Set/Aman/Aman_08297.jpg,Aman
Train_Set/Aman/Aman_05581.jpg,Aman
Train_Set/Aman/Aman_07739.jpg,Aman
Train_Set/Aman/Aman_04478.jpg,Aman
Train_Set/Aman/Aman_08386.jpg,Aman
Train_Set/Aman/Aman_03718.jpg,Aman
Train_Set/Aman/Aman_05482.jpg,Aman
Train_Set/Aman/Aman_00844.jpg,Aman
Train_Set/Aman/Aman_06691.jpg,Aman
Train_Set/Aman/Aman_02118.jpg,Aman
Train_Set/Rusak/Rusak_02312.jpg,Rusak
Train_Set/Rusak/Rusak_00846.jpg,Rusak
Train_Set/Aman/Aman_03817.jpg,Aman
Train_Set/Aman/Aman_05703.jpg,Aman
Train_Set/Aman/Aman_00227.jpg,Aman
Train_Set/Aman/Aman_04464.jpg,Aman
Train_Set/Rusak/Rusak_01000.jpg,Rusak
Train_Set/Rusak/Rusak_00157.jpg,Rusak
Train_Set/Aman/Aman_03264.jpg,Aman
Train_Set/Aman/Aman_02507.jpg,Aman
Train_Set/Rusak/Rusak_01967.jpg,Rusak
Train_Set/Aman/Aman_08596.jpg,Aman
Train_Set/Rusak/Rusak_01551.jpg,Rusak
Train_Set/Aman/Aman_07505.jpg,Aman
Train_Set/Aman/Aman_05553.jpg,Aman
Train_Set/Aman/Aman_02098.jpg,Aman
Train_Set/Rusak/Rusak_01205.jpg,Rusak
Train_Set/Aman/Aman_02284.jpg,Aman
Train_Set/Aman/Aman_06662.jpg,Aman
Train_Set/Aman/Aman_00637.jpg,Aman
Train_Set/Aman/Aman_07438.jpg,Aman
Train_Set/Rusak/Rusak_02464.jpg,Rusak
Train_Set/Aman/Aman_03394.jpg,Aman
Train_Set/Rusak/Rusak_00285.jpg,Rusak
Train_Set/Aman/Aman_03663.jpg,Aman
Train_Set/Rusak/Rusak_01422.jpg,Rusak
Train_Set/Rusak/Rusak_02770.jpg,Rusak
Train_Set/Aman/Aman_04145.jpg,Aman
Train_Set/Aman/Aman_01592.jpg,Aman
Train_Set/Rusak/Rusak_01412.jpg,Rusak
Train_Set/Aman/Aman_02093.jpg,Aman
Train_Set/Rusak/Rusak_00020.jpg,Rusak
Train_Set/Aman/Aman_04419.jpg,Aman
Train_Set/Rusak/Rusak_01039.jpg,Rusak
Train_Set/Aman/Aman_00551.jpg,Aman
Train_Set/Rusak/Rusak_00770.jpg,Rusak
Train_Set/Aman/Aman_07974.jpg,Aman
Train_Set/Rusak/Rusak_02467.jpg,Rusak
Train_Set/Aman/Aman_02197.jpg,Aman
Train_Set/Rusak/Rusak_02255.jpg,Rusak
Train_Set/Aman/Aman_08034.jpg,Aman
Train_Set/Rusak/Rusak_02941.jpg,Rusak
Train_Set/Rusak/Rusak_01504.jpg,Rusak
Train_Set/Aman/Aman_06163.jpg,Aman
Train_Set/Aman/Aman_05113.jpg,Aman
Train_Set/Rusak/Rusak_01918.jpg,Rusak
Train_Set/Rusak/Rusak_02711.jpg,Rusak
Train_Set/Aman/Aman_02702.jpg,Aman
Train_Set/Rusak/Rusak_01040.jpg,Rusak
Train_Set/Aman/Aman_07355.jpg,Aman
Train_Set/Aman/Aman_03655.jpg,Aman
Train_Set/Aman/Aman_06769.jpg,Aman
Train_Set/Aman/Aman_07031.jpg,Aman
Train_Set/Aman/Aman_07071.jpg,Aman
Train_Set/Aman/Aman_06158.jpg,Aman
Train_Set/Aman/Aman_08294.jpg,Aman
Train_Set/Rusak/Rusak_00415.jpg,Rusak
Train_Set/Rusak/Rusak_01378.jpg,Rusak
Train_Set/Aman/Aman_08067.jpg,Aman
Train_Set/Aman/Aman_01420.jpg,Aman
Train_Set/Aman/Aman_04009.jpg,Aman
Train_Set/Aman/Aman_02584.jpg,Aman
Train_Set/Aman/Aman_08140.jpg,Aman
Train_Set/Aman/Aman_08437.jpg,Aman
Train_Set/Aman/Aman_08482.jpg,Aman
Train_Set/Rusak/Rusak_00843.jpg,Rusak
Train_Set/Aman/Aman_07882.jpg,Aman
Train_Set/Rusak/Rusak_01004.jpg,Rusak
Train_Set/Aman/Aman_04460.jpg,Aman
Train_Set/Aman/Aman_05195.jpg,Aman
Train_Set/Rusak/Rusak_01400.jpg,Rusak
Train_Set/Aman/Aman_00187.jpg,Aman
Train_Set/Aman/Aman_07972.jpg,Aman
Train_Set/Lainnya/Lainnya_00195.jpg,Lainnya
Train_Set/Aman/Aman_04883.jpg,Aman
Train_Set/Aman/Aman_01381.jpg,Aman
Train_Set/Rusak/Rusak_00889.jpg,Rusak
Train_Set/Aman/Aman_02055.jpg,Aman
Train_Set/Aman/Aman_01137.jpg,Aman
Train_Set/Aman/Aman_05275.jpg,Aman
Train_Set/Aman/Aman_05834.jpg,Aman
Train_Set/Aman/Aman_06447.jpg,Aman
Train_Set/Aman/Aman_01756.jpg,Aman
Train_Set/Aman/Aman_02435.jpg,Aman
Train_Set/Aman/Aman_08726.jpg,Aman
Train_Set/Aman/Aman_01120.jpg,Aman
Train_Set/Aman/Aman_02986.jpg,Aman
Train_Set/Aman/Aman_04838.jpg,Aman
Train_Set/Lainnya/Lainnya_00080.jpg,Lainnya
Train_Set/Aman/Aman_05289.jpg,Aman
Train_Set/Aman/Aman_00752.jpg,Aman
Train_Set/Rusak/Rusak_01526.jpg,Rusak
Train_Set/Lainnya/Lainnya_00278.jpg,Lainnya
Train_Set/Aman/Aman_01911.jpg,Aman
Train_Set/Rusak/Rusak_01865.jpg,Rusak
Train_Set/Aman/Aman_01570.jpg,Aman
Train_Set/Rusak/Rusak_01273.jpg,Rusak
Train_Set/Rusak/Rusak_01183.jpg,Rusak
Train_Set/Aman/Aman_03807.jpg,Aman
Train_Set/Rusak/Rusak_00834.jpg,Rusak
Train_Set/Aman/Aman_02958.jpg,Aman
Train_Set/Aman/Aman_03236.jpg,Aman
Train_Set/Aman/Aman_06658.jpg,Aman
Train_Set/Rusak/Rusak_01098.jpg,Rusak
Train_Set/Rusak/Rusak_00233.jpg,Rusak
Train_Set/Rusak/Rusak_01708.jpg,Rusak
Train_Set/Aman/Aman_01380.jpg,Aman
Train_Set/Aman/Aman_07135.jpg,Aman
Train_Set/Aman/Aman_07210.jpeg,Aman
Train_Set/Aman/Aman_05655.jpg,Aman
Train_Set/Rusak/Rusak_01379.jpg,Rusak
Train_Set/Aman/Aman_01457.jpg,Aman
Train_Set/Aman/Aman_04590.jpg,Aman
Train_Set/Aman/Aman_02051.jpg,Aman
Train_Set/Lainnya/Lainnya_00063.jpg,Lainnya
Train_Set/Aman/Aman_01172.jpg,Aman
Train_Set/Rusak/Rusak_00332.jpg,Rusak
Train_Set/Aman/Aman_05141.jpg,Aman
Train_Set/Aman/Aman_01368.jpg,Aman
Train_Set/Aman/Aman_01544.jpg,Aman
Train_Set/Aman/Aman_02416.jpg,Aman
Train_Set/Aman/Aman_04281.jpg,Aman
Train_Set/Rusak/Rusak_01687.jpg,Rusak
Train_Set/Aman/Aman_04174.jpg,Aman
Train_Set/Rusak/Rusak_01920.jpg,Rusak
Train_Set/Aman/Aman_08389.jpg,Aman
Train_Set/Aman/Aman_05415.jpg,Aman
Train_Set/Aman/Aman_04949.jpg,Aman
Train_Set/Aman/Aman_03172.jpg,Aman
Train_Set/Aman/Aman_04366.jpg,Aman
Train_Set/Aman/Aman_06394.jpg,Aman
Train_Set/Aman/Aman_07260.jpg,Aman
Train_Set/Aman/Aman_05172.jpg,Aman
Train_Set/Rusak/Rusak_00750.jpg,Rusak
Train_Set/Aman/Aman_06519.jpg,Aman
Train_Set/Aman/Aman_06539.jpg,Aman
Train_Set/Aman/Aman_06978.jpg,Aman
Train_Set/Aman/Aman_00364.jpg,Aman
Train_Set/Aman/Aman_00369.jpg,Aman
Train_Set/Aman/Aman_04045.jpg,Aman
Train_Set/Rusak/Rusak_00419.jpg,Rusak
Train_Set/Aman/Aman_03146.jpg,Aman
Train_Set/Lainnya/Lainnya_00186.jpg,Lainnya
Train_Set/Aman/Aman_08066.jpg,Aman
Train_Set/Aman/Aman_08241.jpg,Aman
Train_Set/Rusak/Rusak_00186.jpg,Rusak
Train_Set/Aman/Aman_06859.jpg,Aman
Train_Set/Aman/Aman_03481.jpg,Aman
Train_Set/Aman/Aman_01548.jpg,Aman
Train_Set/Rusak/Rusak_01452.jpg,Rusak
Train_Set/Aman/Aman_01736.jpg,Aman
Train_Set/Rusak/Rusak_02158.jpg,Rusak
Train_Set/Aman/Aman_03257.jpg,Aman
Train_Set/Aman/Aman_01169.jpg,Aman
Train_Set/Aman/Aman_07672.jpg,Aman
Train_Set/Aman/Aman_08195.jpg,Aman
Train_Set/Aman/Aman_07177.jpg,Aman
Train_Set/Aman/Aman_06141.jpg,Aman
Train_Set/Aman/Aman_01713.jpg,Aman
Train_Set/Aman/Aman_02274.jpg,Aman
Train_Set/Rusak/Rusak_01818.jpg,Rusak
Train_Set/Aman/Aman_06839.jpg,Aman
Train_Set/Rusak/Rusak_01249.jpg,Rusak
Train_Set/Aman/Aman_04826.jpg,Aman
Train_Set/Rusak/Rusak_02647.jpg,Rusak
Train_Set/Lainnya/Lainnya_00148.jpg,Lainnya
Train_Set/Aman/Aman_07122.jpg,Aman
Train_Set/Aman/Aman_06563.jpg,Aman
Train_Set/Aman/Aman_02595.jpg,Aman
Train_Set/Aman/Aman_01367.jpg,Aman
Train_Set/Aman/Aman_01792.jpg,Aman
Train_Set/Aman/Aman_08418.jpg,Aman
Train_Set/Aman/Aman_04193.jpg,Aman
Train_Set/Aman/Aman_03848.jpg,Aman
Train_Set/Aman/Aman_03997.jpg,Aman
Train_Set/Rusak/Rusak_01204.jpg,Rusak
Train_Set/Rusak/Rusak_00005.jpg,Rusak
Train_Set/Aman/Aman_05406.jpg,Aman
Train_Set/Aman/Aman_04987.jpg,Aman
Train_Set/Aman/Aman_06953.jpg,Aman
Train_Set/Aman/Aman_08424.jpg,Aman
Train_Set/Aman/Aman_06622.jpg,Aman
Train_Set/Rusak/Rusak_00295.jpg,Rusak
Train_Set/Aman/Aman_05047.jpg,Aman
Train_Set/Aman/Aman_03906.jpg,Aman
Train_Set/Aman/Aman_01448.jpg,Aman
Train_Set/Rusak/Rusak_00318.jpg,Rusak
Train_Set/Aman/Aman_01585.jpg,Aman
Train_Set/Aman/Aman_06920.jpg,Aman
Train_Set/Aman/Aman_04871.jpg,Aman
Train_Set/Rusak/Rusak_00929.jpg,Rusak
Train_Set/Rusak/Rusak_00945.jpg,Rusak
Train_Set/Aman/Aman_05942.jpg,Aman
Train_Set/Aman/Aman_06146.jpg,Aman
Train_Set/Aman/Aman_06640.jpg,Aman
Train_Set/Aman/Aman_03570.jpg,Aman
Train_Set/Lainnya/Lainnya_00300.jpg,Lainnya
Train_Set/Aman/Aman_01801.jpg,Aman
Train_Set/Aman/Aman_07522.jpg,Aman
Train_Set/Aman/Aman_01700.jpg,Aman
Train_Set/Aman/Aman_08506.jpg,Aman
Train_Set/Aman/Aman_06209.jpg,Aman
Train_Set/Aman/Aman_03126.jpg,Aman
Train_Set/Aman/Aman_00597.jpg,Aman
Train_Set/Aman/Aman_05393.jpg,Aman
Train_Set/Aman/Aman_01021.jpg,Aman
Train_Set/Aman/Aman_04429.jpg,Aman
Train_Set/Aman/Aman_02729.jpg,Aman
Train_Set/Aman/Aman_00701.jpg,Aman
Train_Set/Aman/Aman_06310.jpg,Aman
Train_Set/Aman/Aman_08430.jpg,Aman
Train_Set/Aman/Aman_00590.jpg,Aman
Train_Set/Aman/Aman_08716.jpg,Aman
Train_Set/Aman/Aman_03501.jpg,Aman
Train_Set/Aman/Aman_03715.jpg,Aman
Train_Set/Aman/Aman_04952.jpg,Aman
Train_Set/Aman/Aman_02991.jpg,Aman
Train_Set/Aman/Aman_07381.jpg,Aman
Train_Set/Aman/Aman_00703.jpg,Aman
Train_Set/Rusak/Rusak_02782.jpg,Rusak
Train_Set/Aman/Aman_06049.jpg,Aman
Train_Set/Aman/Aman_05864.jpg,Aman
Train_Set/Rusak/Rusak_02011.jpg,Rusak
Train_Set/Aman/Aman_05591.jpg,Aman
Train_Set/Aman/Aman_07463.jpg,Aman
Train_Set/Aman/Aman_03825.jpg,Aman
Train_Set/Rusak/Rusak_01928.jpg,Rusak
Train_Set/Aman/Aman_00969.jpg,Aman
Train_Set/Rusak/Rusak_02450.jpg,Rusak
Train_Set/Aman/Aman_01528.jpg,Aman
Train_Set/Aman/Aman_03061.jpg,Aman
Train_Set/Aman/Aman_07543.jpg,Aman
Train_Set/Aman/Aman_02914.jpg,Aman
Train_Set/Aman/Aman_00686.jpg,Aman
Train_Set/Aman/Aman_04568.jpg,Aman
Train_Set/Aman/Aman_05756.jpg,Aman
Train_Set/Aman/Aman_06846.jpg,Aman
Train_Set/Lainnya/Lainnya_00137.jpg,Lainnya
Train_Set/Aman/Aman_07195.jpeg,Aman
Train_Set/Aman/Aman_02454.jpg,Aman
Train_Set/Rusak/Rusak_02640.jpg,Rusak
Train_Set/Aman/Aman_02928.jpg,Aman
Train_Set/Rusak/Rusak_02072.jpg,Rusak
Train_Set/Aman/Aman_02305.jpg,Aman
Train_Set/Aman/Aman_07310.jpg,Aman
Train_Set/Aman/Aman_02429.jpg,Aman
Train_Set/Lainnya/Lainnya_00309.jpg,Lainnya
Train_Set/Aman/Aman_07665.jpg,Aman
Train_Set/Rusak/Rusak_02526.jpg,Rusak
Train_Set/Aman/Aman_07058.jpg,Aman
Train_Set/Aman/Aman_01631.jpg,Aman
Train_Set/Aman/Aman_05097.jpg,Aman
Train_Set/Aman/Aman_01690.jpg,Aman
Train_Set/Aman/Aman_00498.jpg,Aman
Train_Set/Aman/Aman_01967.jpg,Aman
Train_Set/Aman/Aman_02258.jpg,Aman
Train_Set/Rusak/Rusak_02040.jpg,Rusak
Train_Set/Aman/Aman_07226.jpg,Aman
Train_Set/Rusak/Rusak_01805.jpg,Rusak
Train_Set/Aman/Aman_08649.jpg,Aman
Train_Set/Aman/Aman_06854.jpg,Aman
Train_Set/Aman/Aman_07849.jpg,Aman
Train_Set/Rusak/Rusak_02655.jpg,Rusak
Train_Set/Aman/Aman_05209.jpg,Aman
Train_Set/Rusak/Rusak_02869.jpg,Rusak
Train_Set/Aman/Aman_00819.jpg,Aman
Train_Set/Aman/Aman_02298.jpg,Aman
Train_Set/Aman/Aman_05791.jpg,Aman
Train_Set/Aman/Aman_06536.jpg,Aman
Train_Set/Aman/Aman_07563.jpg,Aman
Train_Set/Aman/Aman_04402.jpg,Aman
Train_Set/Aman/Aman_02586.jpg,Aman
Train_Set/Aman/Aman_03059.jpg,Aman
Train_Set/Aman/Aman_05866.jpg,Aman
Train_Set/Rusak/Rusak_00394.jpg,Rusak
Train_Set/Aman/Aman_02314.jpg,Aman
Train_Set/Aman/Aman_06753.jpg,Aman
Train_Set/Aman/Aman_05718.jpg,Aman
Train_Set/Lainnya/Lainnya_00414.jpg,Lainnya
Train_Set/Aman/Aman_07991.jpg,Aman
Train_Set/Aman/Aman_03547.jpg,Aman
Train_Set/Aman/Aman_02894.jpg,Aman
Train_Set/Aman/Aman_02620.jpg,Aman
Train_Set/Aman/Aman_05830.jpg,Aman
Train_Set/Aman/Aman_08090.jpg,Aman
Train_Set/Rusak/Rusak_00785.jpg,Rusak
Train_Set/Aman/Aman_04407.jpg,Aman
Train_Set/Rusak/Rusak_01458.jpg,Rusak
Train_Set/Aman/Aman_01404.jpg,Aman
Train_Set/Rusak/Rusak_02933.jpg,Rusak
Train_Set/Rusak/Rusak_00303.jpg,Rusak
Train_Set/Rusak/Rusak_01970.jpg,Rusak
Train_Set/Rusak/Rusak_00443.jpg,Rusak
Train_Set/Aman/Aman_06290.jpg,Aman
Train_Set/Rusak/Rusak_02155.jpg,Rusak
Train_Set/Aman/Aman_08629.jpg,Aman
Train_Set/Aman/Aman_01749.jpg,Aman
Train_Set/Lainnya/Lainnya_00409.jpg,Lainnya
Train_Set/Aman/Aman_01946.jpg,Aman
Train_Set/Aman/Aman_05264.jpg,Aman
Train_Set/Aman/Aman_02786.jpg,Aman
Train_Set/Aman/Aman_07276.jpg,Aman
Train_Set/Aman/Aman_06996.jpg,Aman
Train_Set/Rusak/Rusak_00926.jpg,Rusak
Train_Set/Aman/Aman_06626.jpg,Aman
Train_Set/Aman/Aman_03270.jpg,Aman
Train_Set/Rusak/Rusak_00516.jpg,Rusak
Train_Set/Aman/Aman_08501.jpg,Aman
Train_Set/Rusak/Rusak_01698.jpg,Rusak
Train_Set/Aman/Aman_04998.jpg,Aman
Train_Set/Aman/Aman_07239.jpg,Aman
Train_Set/Aman/Aman_07119.jpg,Aman
Train_Set/Aman/Aman_06818.jpg,Aman
Train_Set/Aman/Aman_02705.jpg,Aman
Train_Set/Aman/Aman_04296.jpg,Aman
Train_Set/Aman/Aman_05239.jpg,Aman
Train_Set/Aman/Aman_01955.jpg,Aman
Train_Set/Rusak/Rusak_01936.jpg,Rusak
Train_Set/Aman/Aman_03183.jpg,Aman
Train_Set/Aman/Aman_06211.jpg,Aman
Train_Set/Rusak/Rusak_00816.jpg,Rusak
Train_Set/Aman/Aman_00918.jpg,Aman
Train_Set/Aman/Aman_01875.jpg,Aman
Train_Set/Rusak/Rusak_02772.jpg,Rusak
Train_Set/Aman/Aman_03838.jpg,Aman
Train_Set/Rusak/Rusak_00466.jpg,Rusak
Train_Set/Aman/Aman_03888.jpg,Aman
Train_Set/Rusak/Rusak_01689.jpg,Rusak
Train_Set/Aman/Aman_02415.jpg,Aman
Train_Set/Aman/Aman_05875.jpg,Aman
Train_Set/Aman/Aman_00341.jpg,Aman
Train_Set/Aman/Aman_01652.jpg,Aman
Train_Set/Rusak/Rusak_01490.jpg,Rusak
Train_Set/Rusak/Rusak_02088.jpg,Rusak
Train_Set/Aman/Aman_01357.jpg,Aman
Train_Set/Aman/Aman_00461.jpg,Aman
Train_Set/Rusak/Rusak_00356.jpg,Rusak
Train_Set/Aman/Aman_06238.jpg,Aman
Train_Set/Aman/Aman_05624.jpg,Aman
Train_Set/Aman/Aman_04928.jpg,Aman
Train_Set/Lainnya/Lainnya_00020.jpg,Lainnya
Train_Set/Aman/Aman_06131.jpg,Aman
Train_Set/Rusak/Rusak_01477.jpg,Rusak
Train_Set/Aman/Aman_01417.jpg,Aman
Train_Set/Aman/Aman_06246.jpg,Aman
Train_Set/Rusak/Rusak_02613.jpg,Rusak
Train_Set/Rusak/Rusak_01272.jpg,Rusak
Train_Set/Aman/Aman_02525.jpg,Aman
Train_Set/Rusak/Rusak_01720.jpg,Rusak
Train_Set/Aman/Aman_02747.jpg,Aman
Train_Set/Rusak/Rusak_01356.jpg,Rusak
Train_Set/Aman/Aman_05076.jpg,Aman
Train_Set/Aman/Aman_01295.jpg,Aman
Train_Set/Aman/Aman_04098.jpg,Aman
Train_Set/Aman/Aman_02383.jpg,Aman
Train_Set/Rusak/Rusak_00143.jpg,Rusak
Train_Set/Aman/Aman_02524.jpg,Aman
Train_Set/Aman/Aman_07941.jpg,Aman
Train_Set/Aman/Aman_02672.jpg,Aman
Train_Set/Rusak/Rusak_01457.jpg,Rusak
Train_Set/Aman/Aman_02228.jpg,Aman
Train_Set/Rusak/Rusak_02096.jpg,Rusak
Train_Set/Aman/Aman_01843.jpg,Aman
Train_Set/Aman/Aman_01517.jpg,Aman
Train_Set/Aman/Aman_08369.jpg,Aman
Train_Set/Aman/Aman_06115.jpg,Aman
Train_Set/Rusak/Rusak_00587.jpg,Rusak
Train_Set/Aman/Aman_05252.jpg,Aman
Train_Set/Rusak/Rusak_00479.jpg,Rusak
Train_Set/Aman/Aman_07633.jpg,Aman
Train_Set/Aman/Aman_00409.jpg,Aman
Train_Set/Aman/Aman_01030.jpg,Aman
Train_Set/Aman/Aman_04576.jpg,Aman
Train_Set/Aman/Aman_02421.jpg,Aman
Train_Set/Rusak/Rusak_02035.jpg,Rusak
Train_Set/Rusak/Rusak_01236.jpg,Rusak
Train_Set/Aman/Aman_05661.jpg,Aman
Train_Set/Aman/Aman_08100.jpg,Aman
Train_Set/Aman/Aman_08793.jpg,Aman
Train_Set/Rusak/Rusak_02184.jpg,Rusak
Train_Set/Aman/Aman_04627.jpg,Aman
Train_Set/Aman/Aman_04247.jpg,Aman
Train_Set/Aman/Aman_01199.jpg,Aman
Train_Set/Lainnya/Lainnya_00361.jpg,Lainnya
Train_Set/Rusak/Rusak_00596.jpg,Rusak
Train_Set/Aman/Aman_03260.jpg,Aman
Train_Set/Aman/Aman_03136.jpg,Aman
Train_Set/Aman/Aman_00023.jpg,Aman
Train_Set/Aman/Aman_02957.jpg,Aman
Train_Set/Aman/Aman_02038.jpg,Aman
Train_Set/Aman/Aman_02775.jpg,Aman
Train_Set/Aman/Aman_06560.jpg,Aman
Train_Set/Aman/Aman_03050.jpg,Aman
Train_Set/Aman/Aman_04558.jpg,Aman
Train_Set/Rusak/Rusak_00025.jpg,Rusak
Train_Set/Aman/Aman_00412.jpg,Aman
Train_Set/Aman/Aman_04935.jpg,Aman
Train_Set/Lainnya/Lainnya_00114.jpg,Lainnya
Train_Set/Aman/Aman_02687.jpg,Aman
Train_Set/Aman/Aman_01337.jpg,Aman
Train_Set/Aman/Aman_04082.jpg,Aman
Train_Set/Rusak/Rusak_01473.jpg,Rusak
Train_Set/Lainnya/Lainnya_00247.jpg,Lainnya
Train_Set/Aman/Aman_07875.jpg,Aman
Train_Set/Aman/Aman_01825.jpg,Aman
Train_Set/Aman/Aman_02207.jpg,Aman
Train_Set/Aman/Aman_08660.jpg,Aman
Train_Set/Aman/Aman_03913.jpg,Aman
Train_Set/Aman/Aman_07088.jpg,Aman
Train_Set/Aman/Aman_00939.jpg,Aman
Train_Set/Rusak/Rusak_01621.jpg,Rusak
Train_Set/Aman/Aman_02097.jpg,Aman
Train_Set/Rusak/Rusak_02536.jpg,Rusak
Train_Set/Aman/Aman_06966.jpg,Aman
Train_Set/Aman/Aman_01407.jpg,Aman
Train_Set/Aman/Aman_02506.jpg,Aman
Train_Set/Aman/Aman_00120.jpg,Aman
Train_Set/Aman/Aman_02639.jpg,Aman
Train_Set/Aman/Aman_06092.jpg,Aman
Train_Set/Aman/Aman_00728.jpg,Aman
Train_Set/Aman/Aman_01439.jpg,Aman
Train_Set/Rusak/Rusak_00437.jpg,Rusak
Train_Set/Aman/Aman_08084.jpg,Aman
Train_Set/Aman/Aman_03934.jpg,Aman
Train_Set/Aman/Aman_03330.jpg,Aman
Train_Set/Aman/Aman_01053.jpg,Aman
Train_Set/Aman/Aman_07813.jpg,Aman
Train_Set/Aman/Aman_03895.jpg,Aman
Train_Set/Aman/Aman_08443.jpg,Aman
Train_Set/Aman/Aman_01723.jpg,Aman
Train_Set/Rusak/Rusak_02433.jpg,Rusak
Train_Set/Aman/Aman_02866.jpg,Aman
Train_Set/Aman/Aman_03205.jpg,Aman
Train_Set/Aman/Aman_03583.jpg,Aman
Train_Set/Aman/Aman_04025.jpg,Aman
Train_Set/Aman/Aman_07297.jpg,Aman
Train_Set/Rusak/Rusak_00709.jpg,Rusak
Train_Set/Aman/Aman_04261.jpg,Aman
Train_Set/Lainnya/Lainnya_00204.jpg,Lainnya
Train_Set/Aman/Aman_07580.jpg,Aman
Train_Set/Aman/Aman_05503.jpg,Aman
Train_Set/Rusak/Rusak_01935.jpg,Rusak
Train_Set/Lainnya/Lainnya_00050.jpg,Lainnya
Train_Set/Aman/Aman_01373.jpg,Aman
Train_Set/Rusak/Rusak_02492.jpg,Rusak
Train_Set/Aman/Aman_01591.jpg,Aman
Train_Set/Aman/Aman_05224.jpg,Aman
Train_Set/Aman/Aman_04693.jpg,Aman
Train_Set/Aman/Aman_02651.jpg,Aman
Train_Set/Aman/Aman_05157.jpg,Aman
Train_Set/Rusak/Rusak_01508.jpg,Rusak
Train_Set/Aman/Aman_03319.jpg,Aman
Train_Set/Aman/Aman_01131.jpg,Aman
Train_Set/Aman/Aman_04569.jpg,Aman
Train_Set/Aman/Aman_03600.jpg,Aman
Train_Set/Rusak/Rusak_02507.jpg,Rusak
Train_Set/Rusak/Rusak_00645.jpg,Rusak
Train_Set/Rusak/Rusak_02775.jpg,Rusak
Train_Set/Aman/Aman_05169.jpg,Aman
Train_Set/Aman/Aman_05014.jpg,Aman
Train_Set/Rusak/Rusak_02997.jpg,Rusak
Train_Set/Aman/Aman_05551.jpg,Aman
Train_Set/Aman/Aman_05022.jpg,Aman
Train_Set/Rusak/Rusak_01241.jpg,Rusak
Train_Set/Aman/Aman_02760.jpg,Aman
Train_Set/Aman/Aman_02757.jpg,Aman
Train_Set/Aman/Aman_08522.jpg,Aman
Train_Set/Aman/Aman_00592.jpg,Aman
Train_Set/Rusak/Rusak_02808.jpg,Rusak
Train_Set/Aman/Aman_08447.jpg,Aman
Train_Set/Aman/Aman_05507.jpg,Aman
Train_Set/Aman/Aman_00167.jpg,Aman
Train_Set/Aman/Aman_05427.jpg,Aman
Train_Set/Aman/Aman_04329.png,Aman
Train_Set/Aman/Aman_08452.jpg,Aman
Train_Set/Aman/Aman_05831.jpg,Aman
Train_Set/Aman/Aman_02023.jpg,Aman
Train_Set/Aman/Aman_04141.jpg,Aman
Train_Set/Aman/Aman_00695.jpg,Aman
Train_Set/Rusak/Rusak_01999.jpg,Rusak
Train_Set/Aman/Aman_03639.jpg,Aman
Train_Set/Aman/Aman_03378.jpg,Aman
Train_Set/Aman/Aman_03737.jpg,Aman
Train_Set/Aman/Aman_07052.jpg,Aman
Train_Set/Aman/Aman_00682.jpg,Aman
Train_Set/Rusak/Rusak_03000.jpg,Rusak
Train_Set/Aman/Aman_05642.jpg,Aman
Train_Set/Aman/Aman_08470.jpg,Aman
Train_Set/Aman/Aman_02519.jpg,Aman
Train_Set/Aman/Aman_05128.jpg,Aman
Train_Set/Aman/Aman_06496.jpg,Aman
Train_Set/Aman/Aman_06108.jpg,Aman
Train_Set/Aman/Aman_04610.jpg,Aman
Train_Set/Aman/Aman_01471.jpg,Aman
Train_Set/Aman/Aman_00932.jpg,Aman
Train_Set/Rusak/Rusak_00278.jpg,Rusak
Train_Set/Aman/Aman_04523.jpg,Aman
Train_Set/Aman/Aman_00356.jpg,Aman
Train_Set/Rusak/Rusak_01716.jpg,Rusak
Train_Set/Aman/Aman_01059.jpg,Aman
Train_Set/Aman/Aman_03731.jpg,Aman
Train_Set/Aman/Aman_07364.jpg,Aman
Train_Set/Aman/Aman_04039.jpg,Aman
Train_Set/Aman/Aman_05845.jpg,Aman
Train_Set/Aman/Aman_07203.jpeg,Aman
Train_Set/Aman/Aman_08416.jpg,Aman
Train_Set/Aman/Aman_00950.jpg,Aman
Train_Set/Aman/Aman_08178.jpg,Aman
Train_Set/Rusak/Rusak_00696.jpg,Rusak
Train_Set/Lainnya/Lainnya_00083.jpg,Lainnya
Train_Set/Aman/Aman_08773.jpg,Aman
Train_Set/Rusak/Rusak_02359.jpg,Rusak
Train_Set/Aman/Aman_01321.jpg,Aman
Train_Set/Rusak/Rusak_02904.jpg,Rusak
Train_Set/Aman/Aman_01514.jpg,Aman
Train_Set/Aman/Aman_06071.jpg,Aman
Train_Set/Rusak/Rusak_00055.jpg,Rusak
Train_Set/Aman/Aman_02467.jpg,Aman
Train_Set/Rusak/Rusak_02697.jpg,Rusak
Train_Set/Aman/Aman_01324.jpg,Aman
Train_Set/Aman/Aman_08536.jpg,Aman
Train_Set/Aman/Aman_00393.jpg,Aman
Train_Set/Rusak/Rusak_01599.jpg,Rusak
Train_Set/Aman/Aman_07508.jpg,Aman
Train_Set/Aman/Aman_03704.jpg,Aman
Train_Set/Aman/Aman_05936.jpg,Aman
Train_Set/Rusak/Rusak_01492.jpg,Rusak
Train_Set/Aman/Aman_07334.jpg,Aman
Train_Set/Aman/Aman_01768.jpg,Aman
Train_Set/Aman/Aman_06339.jpg,Aman
Train_Set/Aman/Aman_05371.jpg,Aman
Train_Set/Aman/Aman_05025.jpg,Aman
Train_Set/Aman/Aman_02536.jpg,Aman
Train_Set/Aman/Aman_02612.jpg,Aman
Train_Set/Aman/Aman_08544.jpg,Aman
Train_Set/Aman/Aman_04849.jpg,Aman
Train_Set/Aman/Aman_00232.jpg,Aman
Train_Set/Lainnya/Lainnya_00188.jpg,Lainnya
Train_Set/Rusak/Rusak_00541.jpg,Rusak
Train_Set/Aman/Aman_08679.jpg,Aman
Train_Set/Rusak/Rusak_01842.jpg,Rusak
Train_Set/Lainnya/Lainnya_00194.jpg,Lainnya
Train_Set/Aman/Aman_04302.jpg,Aman
Train_Set/Aman/Aman_00987.jpg,Aman
Train_Set/Rusak/Rusak_00111.jpg,Rusak
Train_Set/Aman/Aman_04038.jpg,Aman
Train_Set/Rusak/Rusak_01382.jpg,Rusak
Train_Set/Aman/Aman_01251.jpg,Aman
Train_Set/Aman/Aman_02509.jpg,Aman
Train_Set/Aman/Aman_04339.png,Aman
Train_Set/Aman/Aman_01878.jpg,Aman
Train_Set/Lainnya/Lainnya_00160.jpg,Lainnya
Train_Set/Aman/Aman_03647.jpg,Aman
Train_Set/Aman/Aman_07996.jpg,Aman
Train_Set/Aman/Aman_01504.jpg,Aman
Train_Set/Aman/Aman_00112.jpg,Aman
Train_Set/Aman/Aman_04279.jpg,Aman
Train_Set/Aman/Aman_02883.jpg,Aman
Train_Set/Aman/Aman_06056.jpg,Aman
Train_Set/Aman/Aman_08661.jpg,Aman
Train_Set/Aman/Aman_08791.jpg,Aman
Train_Set/Aman/Aman_07702.jpg,Aman
Train_Set/Aman/Aman_06205.jpg,Aman
Train_Set/Aman/Aman_06467.jpg,Aman
Train_Set/Aman/Aman_04170.jpg,Aman
Train_Set/Lainnya/Lainnya_00217.jpg,Lainnya
Train_Set/Aman/Aman_05585.jpg,Aman
Train_Set/Aman/Aman_07725.jpg,Aman
Train_Set/Lainnya/Lainnya_00331.jpg,Lainnya
Train_Set/Rusak/Rusak_00338.jpg,Rusak
Train_Set/Aman/Aman_02086.jpg,Aman
Train_Set/Rusak/Rusak_01495.jpg,Rusak
Train_Set/Aman/Aman_03929.jpg,Aman
Train_Set/Aman/Aman_06188.jpg,Aman
Train_Set/Aman/Aman_07515.jpg,Aman
Train_Set/Lainnya/Lainnya_00257.jpg,Lainnya
Train_Set/Rusak/Rusak_01384.jpg,Rusak
Train_Set/Aman/Aman_06099.jpg,Aman
Train_Set/Lainnya/Lainnya_00154.jpg,Lainnya
Train_Set/Aman/Aman_08655.jpg,Aman
Train_Set/Aman/Aman_05314.jpg,Aman
Train_Set/Aman/Aman_00803.jpg,Aman
Train_Set/Aman/Aman_02549.jpg,Aman
Train_Set/Aman/Aman_03741.jpg,Aman
Train_Set/Rusak/Rusak_00151.jpg,Rusak
Train_Set/Rusak/Rusak_01747.jpg,Rusak
Train_Set/Aman/Aman_02074.jpg,Aman
Train_Set/Rusak/Rusak_00542.jpg,Rusak
Train_Set/Aman/Aman_02426.jpg,Aman
Train_Set/Aman/Aman_01554.jpg,Aman
Train_Set/Aman/Aman_05101.jpg,Aman
Train_Set/Aman/Aman_06156.jpg,Aman
Train_Set/Aman/Aman_06976.jpg,Aman
Train_Set/Aman/Aman_06868.jpg,Aman
Train_Set/Aman/Aman_03067.jpg,Aman
Train_Set/Rusak/Rusak_02208.jpg,Rusak
Train_Set/Rusak/Rusak_00512.jpg,Rusak
Train_Set/Rusak/Rusak_01977.jpg,Rusak
Train_Set/Aman/Aman_04154.jpg,Aman
Train_Set/Aman/Aman_04709.jpg,Aman
Train_Set/Aman/Aman_03911.jpg,Aman
Train_Set/Aman/Aman_04123.jpg,Aman
Train_Set/Aman/Aman_01813.jpg,Aman
Train_Set/Aman/Aman_06719.jpg,Aman
Train_Set/Aman/Aman_00638.jpg,Aman
Train_Set/Aman/Aman_06278.jpg,Aman
Train_Set/Aman/Aman_01779.jpg,Aman
Train_Set/Aman/Aman_08264.jpg,Aman
Train_Set/Aman/Aman_06187.jpg,Aman
Train_Set/Aman/Aman_08077.jpg,Aman
Train_Set/Aman/Aman_08211.jpg,Aman
Train_Set/Rusak/Rusak_02680.jpg,Rusak
Train_Set/Aman/Aman_05853.jpg,Aman
Train_Set/Aman/Aman_08765.jpg,Aman
Train_Set/Aman/Aman_03827.jpg,Aman
Train_Set/Aman/Aman_06204.jpg,Aman
Train_Set/Rusak/Rusak_02852.jpg,Rusak
Train_Set/Aman/Aman_04415.jpg,Aman
Train_Set/Rusak/Rusak_02875.jpg,Rusak
Train_Set/Aman/Aman_00228.jpg,Aman
Train_Set/Rusak/Rusak_00961.jpg,Rusak
Train_Set/Aman/Aman_07323.jpg,Aman
Train_Set/Aman/Aman_06162.jpg,Aman
Train_Set/Rusak/Rusak_00337.jpg,Rusak
Train_Set/Aman/Aman_07385.jpg,Aman
Train_Set/Aman/Aman_07787.jpg,Aman
Train_Set/Aman/Aman_03618.jpg,Aman
Train_Set/Rusak/Rusak_01710.jpg,Rusak
Train_Set/Aman/Aman_03979.jpg,Aman
Train_Set/Aman/Aman_02388.jpg,Aman
Train_Set/Aman/Aman_03707.jpg,Aman
Train_Set/Aman/Aman_06488.jpg,Aman
Train_Set/Rusak/Rusak_02437.jpg,Rusak
Train_Set/Rusak/Rusak_02767.jpg,Rusak
Train_Set/Rusak/Rusak_01275.jpg,Rusak
Train_Set/Aman/Aman_00856.jpg,Aman
Train_Set/Rusak/Rusak_01428.jpg,Rusak
Train_Set/Aman/Aman_04555.jpg,Aman
Train_Set/Aman/Aman_02755.jpg,Aman
Train_Set/Rusak/Rusak_01295.jpg,Rusak
Train_Set/Rusak/Rusak_01655.jpg,Rusak
Train_Set/Aman/Aman_01654.jpg,Aman
Train_Set/Rusak/Rusak_01201.jpg,Rusak
Train_Set/Aman/Aman_05717.jpg,Aman
Train_Set/Aman/Aman_00026.jpg,Aman
Train_Set/Rusak/Rusak_01093.jpg,Rusak
Train_Set/Aman/Aman_05611.jpg,Aman
Train_Set/Aman/Aman_07065.jpg,Aman
Train_Set/Aman/Aman_05378.jpg,Aman
Train_Set/Aman/Aman_05417.jpg,Aman
Train_Set/Rusak/Rusak_00631.jpg,Rusak
Train_Set/Rusak/Rusak_00773.jpg,Rusak
Train_Set/Aman/Aman_06993.jpg,Aman
Train_Set/Aman/Aman_07428.jpg,Aman
Train_Set/Aman/Aman_05565.jpg,Aman
Train_Set/Rusak/Rusak_00996.jpg,Rusak
Train_Set/Rusak/Rusak_02347.jpg,Rusak
Train_Set/Aman/Aman_00976.jpg,Aman
Train_Set/Aman/Aman_03181.jpg,Aman
Train_Set/Aman/Aman_05959.jpg,Aman
Train_Set/Rusak/Rusak_00531.jpg,Rusak
Train_Set/Rusak/Rusak_01604.jpg,Rusak
Train_Set/Rusak/Rusak_01514.jpg,Rusak
Train_Set/Aman/Aman_03478.jpg,Aman
Train_Set/Rusak/Rusak_02021.jpg,Rusak
Train_Set/Aman/Aman_07903.jpg,Aman
Train_Set/Aman/Aman_08574.jpg,Aman
Train_Set/Rusak/Rusak_02938.jpg,Rusak
Train_Set/Aman/Aman_07127.jpg,Aman
Train_Set/Rusak/Rusak_01985.jpg,Rusak
Train_Set/Aman/Aman_08222.jpg,Aman
Train_Set/Rusak/Rusak_01532.jpg,Rusak
Train_Set/Aman/Aman_06738.jpg,Aman
Train_Set/Aman/Aman_04104.jpg,Aman
Train_Set/Aman/Aman_08762.jpg,Aman
Train_Set/Rusak/Rusak_00963.jpg,Rusak
Train_Set/Aman/Aman_07045.jpg,Aman
Train_Set/Aman/Aman_08248.jpg,Aman
Train_Set/Aman/Aman_02037.jpg,Aman
Train_Set/Aman/Aman_08757.jpg,Aman
Train_Set/Rusak/Rusak_02227.jpg,Rusak
Train_Set/Aman/Aman_02127.jpg,Aman
Train_Set/Aman/Aman_08414.jpg,Aman
Train_Set/Aman/Aman_04059.jpg,Aman
Train_Set/Rusak/Rusak_01313.jpg,Rusak
Train_Set/Aman/Aman_03804.jpg,Aman
Train_Set/Aman/Aman_06400.jpg,Aman
Train_Set/Rusak/Rusak_01386.jpg,Rusak
Train_Set/Aman/Aman_02249.jpg,Aman
Train_Set/Aman/Aman_07592.jpg,Aman
Train_Set/Aman/Aman_03149.jpg,Aman
Train_Set/Rusak/Rusak_02591.jpg,Rusak
Train_Set/Aman/Aman_04770.jpg,Aman
Train_Set/Aman/Aman_00178.jpg,Aman
Train_Set/Aman/Aman_07336.jpg,Aman
Train_Set/Aman/Aman_05520.jpg,Aman
Train_Set/Aman/Aman_08068.jpg,Aman
Train_Set/Aman/Aman_07623.jpg,Aman
Train_Set/Aman/Aman_02109.jpg,Aman
Train_Set/Aman/Aman_00593.jpg,Aman
Train_Set/Aman/Aman_04782.jpg,Aman
Train_Set/Aman/Aman_04088.jpg,Aman
Train_Set/Aman/Aman_05806.jpg,Aman
Train_Set/Rusak/Rusak_00746.jpg,Rusak
Train_Set/Aman/Aman_04169.jpg,Aman
Train_Set/Aman/Aman_03361.jpg,Aman
Train_Set/Aman/Aman_02071.jpg,Aman
Train_Set/Aman/Aman_06995.jpg,Aman
Train_Set/Aman/Aman_00323.jpg,Aman
Train_Set/Rusak/Rusak_00488.jpg,Rusak
Train_Set/Lainnya/Lainnya_00305.jpg,Lainnya
Train_Set/Aman/Aman_08035.jpg,Aman
Train_Set/Aman/Aman_00092.jpg,Aman
Train_Set/Aman/Aman_07012.jpg,Aman
Train_Set/Aman/Aman_04054.jpg,Aman
Train_Set/Aman/Aman_06219.jpg,Aman
Train_Set/Aman/Aman_07785.jpg,Aman
Train_Set/Aman/Aman_04946.jpg,Aman
Train_Set/Aman/Aman_04598.jpg,Aman
Train_Set/Aman/Aman_02102.jpg,Aman
Train_Set/Aman/Aman_06932.jpg,Aman
Train_Set/Aman/Aman_05357.jpg,Aman
Train_Set/Aman/Aman_02792.jpg,Aman
Train_Set/Aman/Aman_07371.jpg,Aman
Train_Set/Aman/Aman_02566.jpg,Aman
Train_Set/Aman/Aman_06819.jpg,Aman
Train_Set/Aman/Aman_05786.jpg,Aman
Train_Set/Aman/Aman_01042.jpg,Aman
Train_Set/Aman/Aman_07591.jpg,Aman
Train_Set/Aman/Aman_06722.jpg,Aman
Train_Set/Rusak/Rusak_02729.jpg,Rusak
Train_Set/Rusak/Rusak_02238.jpg,Rusak
Train_Set/Aman/Aman_05419.jpg,Aman
Train_Set/Aman/Aman_05350.jpg,Aman
Train_Set/Aman/Aman_02495.jpg,Aman
Train_Set/Aman/Aman_01670.jpg,Aman
Train_Set/Aman/Aman_08787.jpg,Aman
Train_Set/Aman/Aman_07205.jpeg,Aman
Train_Set/Rusak/Rusak_02595.jpg,Rusak
Train_Set/Rusak/Rusak_00409.jpg,Rusak
Train_Set/Aman/Aman_08664.jpg,Aman
Train_Set/Aman/Aman_06041.jpg,Aman
Train_Set/Aman/Aman_05749.jpg,Aman
Train_Set/Aman/Aman_03401.jpg,Aman
Train_Set/Rusak/Rusak_02265.jpg,Rusak
Train_Set/Rusak/Rusak_02039.jpg,Rusak
Train_Set/Rusak/Rusak_02913.jpg,Rusak
Train_Set/Aman/Aman_07992.jpg,Aman
Train_Set/Aman/Aman_01432.jpg,Aman
Train_Set/Aman/Aman_05559.jpg,Aman
Train_Set/Aman/Aman_03358.jpg,Aman
Train_Set/Aman/Aman_00063.jpg,Aman
Train_Set/Rusak/Rusak_02947.jpg,Rusak
Train_Set/Aman/Aman_03188.jpg,Aman
Train_Set/Aman/Aman_06342.jpg,Aman
Train_Set/Aman/Aman_08457.jpg,Aman
Train_Set/Aman/Aman_07558.jpg,Aman
Train_Set/Rusak/Rusak_02311.jpg,Rusak
Train_Set/Aman/Aman_04589.jpg,Aman
Train_Set/Aman/Aman_06520.jpg,Aman
Train_Set/Aman/Aman_07914.jpg,Aman
Train_Set/Aman/Aman_00713.jpg,Aman
Train_Set/Aman/Aman_08540.jpg,Aman
Train_Set/Aman/Aman_01491.jpg,Aman
Train_Set/Rusak/Rusak_00732.jpg,Rusak
Train_Set/Aman/Aman_00751.jpg,Aman
Train_Set/Aman/Aman_07348.jpg,Aman
Train_Set/Aman/Aman_02240.jpg,Aman
Train_Set/Aman/Aman_02488.jpg,Aman
Train_Set/Aman/Aman_05991.jpg,Aman
Train_Set/Aman/Aman_07040.jpg,Aman
Train_Set/Aman/Aman_06189.jpg,Aman
Train_Set/Aman/Aman_06650.jpg,Aman
Train_Set/Aman/Aman_04982.jpg,Aman
Train_Set/Aman/Aman_02289.jpg,Aman
Train_Set/Aman/Aman_01699.jpg,Aman
Train_Set/Aman/Aman_00757.jpg,Aman
Train_Set/Aman/Aman_08215.jpg,Aman
Train_Set/Aman/Aman_03873.jpg,Aman
Train_Set/Aman/Aman_06226.jpg,Aman
Train_Set/Aman/Aman_08538.jpg,Aman
Train_Set/Rusak/Rusak_00460.jpg,Rusak
Train_Set/Aman/Aman_04326.jpg,Aman
Train_Set/Aman/Aman_00585.jpg,Aman
Train_Set/Aman/Aman_05819.jpg,Aman
Train_Set/Aman/Aman_07251.jpg,Aman
Train_Set/Rusak/Rusak_01498.jpg,Rusak
Train_Set/Aman/Aman_02683.jpg,Aman
Train_Set/Rusak/Rusak_00013.jpg,Rusak
Train_Set/Aman/Aman_00766.jpg,Aman
Train_Set/Aman/Aman_08049.jpg,Aman
Train_Set/Aman/Aman_01047.jpg,Aman
Train_Set/Rusak/Rusak_00048.jpg,Rusak
Train_Set/Rusak/Rusak_00980.jpg,Rusak
Train_Set/Aman/Aman_07865.jpg,Aman
Train_Set/Aman/Aman_06979.jpg,Aman
Train_Set/Aman/Aman_07129.jpg,Aman
Train_Set/Aman/Aman_05215.jpg,Aman
Train_Set/Aman/Aman_07155.jpg,Aman
Train_Set/Rusak/Rusak_01020.jpg,Rusak
Train_Set/Rusak/Rusak_01483.jpg,Rusak
Train_Set/Aman/Aman_01414.jpg,Aman
Train_Set/Aman/Aman_05026.jpg,Aman
Train_Set/Aman/Aman_07742.jpg,Aman
Train_Set/Aman/Aman_08104.jpg,Aman
Train_Set/Aman/Aman_05849.jpg,Aman
Train_Set/Aman/Aman_08184.jpg,Aman
Train_Set/Aman/Aman_04827.jpg,Aman
Train_Set/Aman/Aman_07446.jpg,Aman
Train_Set/Rusak/Rusak_01734.jpg,Rusak
Train_Set/Aman/Aman_04554.jpg,Aman
Train_Set/Aman/Aman_00353.jpg,Aman
Train_Set/Aman/Aman_05399.jpg,Aman
Train_Set/Aman/Aman_03555.jpg,Aman
Train_Set/Rusak/Rusak_00079.jpg,Rusak
Train_Set/Aman/Aman_00862.jpg,Aman
Train_Set/Aman/Aman_03489.jpg,Aman
Train_Set/Aman/Aman_02264.jpg,Aman
Train_Set/Aman/Aman_00394.jpg,Aman
Train_Set/Aman/Aman_03540.jpg,Aman
Train_Set/Aman/Aman_02955.jpg,Aman
Train_Set/Aman/Aman_08653.jpg,Aman
Train_Set/Aman/Aman_02214.jpg,Aman
Train_Set/Aman/Aman_00973.jpg,Aman
Train_Set/Aman/Aman_06776.jpg,Aman
Train_Set/Rusak/Rusak_01784.jpg,Rusak
Train_Set/Aman/Aman_04899.jpg,Aman
Train_Set/Aman/Aman_04365.jpg,Aman
Train_Set/Aman/Aman_07265.jpg,Aman
Train_Set/Aman/Aman_06363.jpg,Aman
Train_Set/Aman/Aman_04992.jpg,Aman
Train_Set/Aman/Aman_01340.jpg,Aman
Train_Set/Aman/Aman_01399.jpg,Aman
Train_Set/Aman/Aman_00355.jpg,Aman
Train_Set/Rusak/Rusak_02589.jpg,Rusak
Train_Set/Aman/Aman_00693.jpg,Aman
Train_Set/Aman/Aman_05251.jpg,Aman
Train_Set/Rusak/Rusak_02778.jpg,Rusak
Train_Set/Aman/Aman_01209.jpg,Aman
Train_Set/Aman/Aman_02766.jpg,Aman
Train_Set/Aman/Aman_00956.jpg,Aman
Train_Set/Aman/Aman_03581.jpg,Aman
Train_Set/Aman/Aman_03398.jpg,Aman
Train_Set/Rusak/Rusak_00984.jpg,Rusak
Train_Set/Rusak/Rusak_02866.jpg,Rusak
Train_Set/Aman/Aman_00549.jpg,Aman
Train_Set/Aman/Aman_04197.jpg,Aman
Train_Set/Aman/Aman_04333.png,Aman
Train_Set/Aman/Aman_07029.jpg,Aman
Train_Set/Aman/Aman_06811.jpg,Aman
Train_Set/Aman/Aman_08313.jpg,Aman
Train_Set/Aman/Aman_08112.jpg,Aman
Train_Set/Rusak/Rusak_01556.jpg,Rusak
Train_Set/Aman/Aman_04999.jpg,Aman
Train_Set/Aman/Aman_07695.jpg,Aman
Train_Set/Aman/Aman_05341.jpg,Aman
Train_Set/Lainnya/Lainnya_00399.jpg,Lainnya
Train_Set/Aman/Aman_06355.jpg,Aman
Train_Set/Aman/Aman_05304.jpg,Aman
Train_Set/Aman/Aman_00347.jpg,Aman
Train_Set/Rusak/Rusak_00844.jpg,Rusak
Train_Set/Aman/Aman_06105.jpg,Aman
Train_Set/Aman/Aman_00148.jpg,Aman
Train_Set/Rusak/Rusak_02500.jpg,Rusak
Train_Set/Aman/Aman_05270.jpg,Aman
Train_Set/Aman/Aman_02652.jpg,Aman
Train_Set/Aman/Aman_06898.jpg,Aman
Train_Set/Aman/Aman_03289.jpg,Aman
Train_Set/Aman/Aman_07898.jpg,Aman
Train_Set/Aman/Aman_07248.jpg,Aman
Train_Set/Rusak/Rusak_02916.jpg,Rusak
Train_Set/Aman/Aman_00450.jpg,Aman
Train_Set/Aman/Aman_07769.jpg,Aman
Train_Set/Aman/Aman_05263.jpg,Aman
Train_Set/Aman/Aman_01818.jpg,Aman
Train_Set/Aman/Aman_06362.jpg,Aman
Train_Set/Aman/Aman_00788.jpg,Aman
Train_Set/Aman/Aman_05538.jpg,Aman
Train_Set/Rusak/Rusak_01065.jpg,Rusak
Train_Set/Aman/Aman_03820.jpg,Aman
Train_Set/Rusak/Rusak_00319.jpg,Rusak
Train_Set/Lainnya/Lainnya_00187.jpg,Lainnya
Train_Set/Aman/Aman_08535.jpg,Aman
Train_Set/Aman/Aman_05577.jpg,Aman
Train_Set/Aman/Aman_04005.jpg,Aman
Train_Set/Rusak/Rusak_01429.jpg,Rusak
Train_Set/Aman/Aman_03670.jpg,Aman
Train_Set/Rusak/Rusak_02742.jpg,Rusak
Train_Set/Rusak/Rusak_02471.jpg,Rusak
Train_Set/Aman/Aman_01286.jpg,Aman
Train_Set/Aman/Aman_00979.jpg,Aman
Train_Set/Aman/Aman_04036.jpg,Aman
Train_Set/Aman/Aman_01370.jpg,Aman
Train_Set/Lainnya/Lainnya_00273.jpg,Lainnya
Train_Set/Aman/Aman_00600.jpg,Aman
Train_Set/Aman/Aman_05533.jpg,Aman
Train_Set/Aman/Aman_04983.jpg,Aman
Train_Set/Aman/Aman_06229.jpg,Aman
Train_Set/Rusak/Rusak_01902.jpg,Rusak
Train_Set/Rusak/Rusak_00613.jpg,Rusak
Train_Set/Aman/Aman_08096.jpg,Aman
Train_Set/Aman/Aman_03254.jpg,Aman
Train_Set/Rusak/Rusak_02975.jpg,Rusak
Train_Set/Aman/Aman_07551.jpg,Aman
Train_Set/Aman/Aman_08494.jpg,Aman
Train_Set/Aman/Aman_07821.jpg,Aman
Train_Set/Aman/Aman_04473.jpg,Aman
Train_Set/Lainnya/Lainnya_00133.jpg,Lainnya
Train_Set/Aman/Aman_07648.jpg,Aman
Train_Set/Rusak/Rusak_02698.jpg,Rusak
Train_Set/Rusak/Rusak_00372.jpg,Rusak
Train_Set/Aman/Aman_01379.jpg,Aman
Train_Set/Rusak/Rusak_00007.jpg,Rusak
Train_Set/Rusak/Rusak_02524.jpg,Rusak
Train_Set/Rusak/Rusak_00673.jpg,Rusak
Train_Set/Rusak/Rusak_02597.jpg,Rusak
Train_Set/Aman/Aman_08071.jpg,Aman
Train_Set/Aman/Aman_01468.jpg,Aman
Train_Set/Aman/Aman_00451.jpg,Aman
Train_Set/Aman/Aman_06364.jpg,Aman
Train_Set/Aman/Aman_05007.jpg,Aman
Train_Set/Aman/Aman_06307.jpg,Aman
Train_Set/Aman/Aman_03849.jpg,Aman
Train_Set/Aman/Aman_00050.jpg,Aman
Train_Set/Rusak/Rusak_01480.jpg,Rusak
Train_Set/Rusak/Rusak_00981.jpg,Rusak
Train_Set/Aman/Aman_07697.jpg,Aman
Train_Set/Aman/Aman_03740.jpg,Aman
Train_Set/Aman/Aman_06492.jpg,Aman
Train_Set/Aman/Aman_01926.jpg,Aman
Train_Set/Aman/Aman_01398.jpg,Aman
Train_Set/Aman/Aman_04698.jpg,Aman
Train_Set/Aman/Aman_06177.jpg,Aman
Train_Set/Aman/Aman_03839.jpg,Aman
Train_Set/Aman/Aman_02643.jpg,Aman
Train_Set/Aman/Aman_06324.jpg,Aman
Train_Set/Aman/Aman_07840.jpg,Aman
Train_Set/Aman/Aman_00160.jpg,Aman
Train_Set/Aman/Aman_08085.jpg,Aman
Train_Set/Aman/Aman_08342.jpg,Aman
Train_Set/Aman/Aman_05899.jpg,Aman
Train_Set/Rusak/Rusak_00260.jpg,Rusak
Train_Set/Rusak/Rusak_01218.jpg,Rusak
Train_Set/Aman/Aman_01553.jpg,Aman
Train_Set/Rusak/Rusak_00763.jpg,Rusak
Train_Set/Aman/Aman_05685.jpg,Aman
Train_Set/Aman/Aman_01103.jpg,Aman
Train_Set/Rusak/Rusak_00796.jpg,Rusak
Train_Set/Aman/Aman_06374.jpg,Aman
Train_Set/Aman/Aman_06160.jpg,Aman
Train_Set/Aman/Aman_05732.jpg,Aman
Train_Set/Aman/Aman_00515.jpg,Aman
Train_Set/Aman/Aman_03120.jpg,Aman
Train_Set/Aman/Aman_08115.jpg,Aman
Train_Set/Aman/Aman_04233.png,Aman
Train_Set/Aman/Aman_05266.jpg,Aman
Train_Set/Rusak/Rusak_01919.jpg,Rusak
Train_Set/Aman/Aman_00504.jpg,Aman
Train_Set/Aman/Aman_06573.jpg,Aman
Train_Set/Aman/Aman_03681.jpg,Aman
Train_Set/Aman/Aman_00872.jpg,Aman
Train_Set/Aman/Aman_02213.jpg,Aman
Train_Set/Rusak/Rusak_01632.jpg,Rusak
Train_Set/Aman/Aman_03897.jpg,Aman
Train_Set/Aman/Aman_01558.jpg,Aman
Train_Set/Aman/Aman_05708.jpg,Aman
Train_Set/Aman/Aman_03683.jpg,Aman
Train_Set/Rusak/Rusak_01608.jpg,Rusak
Train_Set/Aman/Aman_06472.jpg,Aman
Train_Set/Aman/Aman_08202.jpg,Aman
Train_Set/Aman/Aman_02501.jpg,Aman
Train_Set/Aman/Aman_02744.jpg,Aman
Train_Set/Aman/Aman_04873.jpg,Aman
Train_Set/Aman/Aman_00295.jpg,Aman
Train_Set/Aman/Aman_08032.jpg,Aman
Train_Set/Rusak/Rusak_02103.jpg,Rusak
Train_Set/Rusak/Rusak_00958.jpg,Rusak
Train_Set/Rusak/Rusak_02086.jpg,Rusak
Train_Set/Aman/Aman_00984.jpg,Aman
Train_Set/Aman/Aman_07626.jpg,Aman
Train_Set/Rusak/Rusak_00171.jpg,Rusak
Train_Set/Lainnya/Lainnya_00293.jpg,Lainnya
Train_Set/Aman/Aman_08570.jpg,Aman
Train_Set/Aman/Aman_02881.jpg,Aman
Train_Set/Rusak/Rusak_02344.jpg,Rusak
Train_Set/Aman/Aman_05095.jpg,Aman
Train_Set/Aman/Aman_02075.jpg,Aman
Train_Set/Rusak/Rusak_00072.jpg,Rusak
Train_Set/Aman/Aman_06176.jpg,Aman
Train_Set/Aman/Aman_08205.jpg,Aman
Train_Set/Lainnya/Lainnya_00119.jpg,Lainnya
Train_Set/Aman/Aman_01108.jpg,Aman
Train_Set/Aman/Aman_05663.jpg,Aman
Train_Set/Aman/Aman_02838.jpg,Aman
Train_Set/Aman/Aman_03476.jpg,Aman
Train_Set/Rusak/Rusak_02815.jpg,Rusak
Train_Set/Rusak/Rusak_01836.jpg,Rusak
Train_Set/Aman/Aman_07998.jpg,Aman
Train_Set/Aman/Aman_04677.jpg,Aman
Train_Set/Rusak/Rusak_02678.jpg,Rusak
Train_Set/Aman/Aman_03509.jpg,Aman
Train_Set/Aman/Aman_05673.jpg,Aman
Train_Set/Aman/Aman_03536.jpg,Aman
Train_Set/Aman/Aman_06926.jpg,Aman
Train_Set/Aman/Aman_00599.jpg,Aman
Train_Set/Aman/Aman_01898.jpg,Aman
Train_Set/Aman/Aman_00887.jpg,Aman
Train_Set/Aman/Aman_01116.jpg,Aman
Train_Set/Aman/Aman_05772.jpg,Aman
Train_Set/Aman/Aman_03843.jpg,Aman
Train_Set/Aman/Aman_01814.jpg,Aman
Train_Set/Aman/Aman_08532.jpg,Aman
Train_Set/Aman/Aman_06572.jpg,Aman
Train_Set/Aman/Aman_06981.jpg,Aman
Train_Set/Aman/Aman_00382.jpg,Aman
Train_Set/Aman/Aman_00124.jpg,Aman
Train_Set/Aman/Aman_05647.jpg,Aman
Train_Set/Aman/Aman_01305.jpg,Aman
Train_Set/Aman/Aman_08527.jpg,Aman
Train_Set/Aman/Aman_00656.jpg,Aman
Train_Set/Aman/Aman_01519.jpg,Aman
Train_Set/Rusak/Rusak_01038.jpg,Rusak
Train_Set/Aman/Aman_08329.jpg,Aman
Train_Set/Aman/Aman_04672.jpg,Aman
Train_Set/Aman/Aman_04562.jpg,Aman
Train_Set/Rusak/Rusak_00907.jpg,Rusak
Train_Set/Rusak/Rusak_02991.jpg,Rusak
Train_Set/Lainnya/Lainnya_00320.jpg,Lainnya
Train_Set/Rusak/Rusak_02128.jpg,Rusak
Train_Set/Aman/Aman_01394.jpg,Aman
Train_Set/Rusak/Rusak_02538.jpg,Rusak
Train_Set/Aman/Aman_07221.jpg,Aman
Train_Set/Rusak/Rusak_01163.jpg,Rusak
Train_Set/Aman/Aman_03771.jpg,Aman
Train_Set/Aman/Aman_08603.jpg,Aman
Train_Set/Aman/Aman_07125.jpg,Aman
Train_Set/Aman/Aman_07945.jpg,Aman
Train_Set/Rusak/Rusak_01859.jpg,Rusak
Train_Set/Aman/Aman_06934.jpg,Aman
Train_Set/Aman/Aman_04068.jpg,Aman
Train_Set/Aman/Aman_08328.jpg,Aman
Train_Set/Aman/Aman_06398.jpg,Aman
Train_Set/Aman/Aman_01996.jpg,Aman
Train_Set/Rusak/Rusak_02986.jpg,Rusak
Train_Set/Aman/Aman_03430.jpg,Aman
Train_Set/Aman/Aman_03165.jpg,Aman
Train_Set/Rusak/Rusak_00777.jpg,Rusak
Train_Set/Rusak/Rusak_00179.jpg,Rusak
Train_Set/Aman/Aman_05801.jpg,Aman
Train_Set/Aman/Aman_07016.jpg,Aman
Train_Set/Aman/Aman_04083.jpg,Aman
Train_Set/Aman/Aman_08599.jpg,Aman
Train_Set/Aman/Aman_06771.jpg,Aman
Train_Set/Aman/Aman_05494.jpg,Aman
Train_Set/Rusak/Rusak_01291.jpg,Rusak
Train_Set/Rusak/Rusak_02762.jpg,Rusak
Train_Set/Aman/Aman_08435.jpg,Aman
Train_Set/Aman/Aman_06292.jpg,Aman
Train_Set/Aman/Aman_01895.jpg,Aman
Train_Set/Rusak/Rusak_00235.jpg,Rusak
Train_Set/Aman/Aman_07846.jpg,Aman
Train_Set/Aman/Aman_02209.jpg,Aman
Train_Set/Aman/Aman_03198.jpg,Aman
Train_Set/Aman/Aman_05968.jpg,Aman
Train_Set/Aman/Aman_07263.jpg,Aman
Train_Set/Aman/Aman_07837.jpg,Aman
Train_Set/Aman/Aman_03711.jpg,Aman
Train_Set/Aman/Aman_02801.jpg,Aman
Train_Set/Rusak/Rusak_02094.jpg,Rusak
Train_Set/Aman/Aman_06610.jpg,Aman
Train_Set/Aman/Aman_06184.jpg,Aman
Train_Set/Aman/Aman_05828.jpg,Aman
Train_Set/Aman/Aman_07473.jpg,Aman
Train_Set/Rusak/Rusak_00934.jpg,Rusak
Train_Set/Aman/Aman_02858.jpg,Aman
Train_Set/Aman/Aman_05728.jpg,Aman
Train_Set/Aman/Aman_06343.jpg,Aman
Train_Set/Lainnya/Lainnya_00268.jpg,Lainnya
Train_Set/Aman/Aman_00806.jpg,Aman
Train_Set/Aman/Aman_05599.jpg,Aman
Train_Set/Aman/Aman_01597.jpg,Aman
Train_Set/Rusak/Rusak_00156.jpg,Rusak
Train_Set/Aman/Aman_04675.jpg,Aman
Train_Set/Lainnya/Lainnya_00397.jpg,Lainnya
Train_Set/Rusak/Rusak_00771.jpg,Rusak
Train_Set/Rusak/Rusak_00256.jpg,Rusak
Train_Set/Aman/Aman_01625.jpg,Aman
Train_Set/Rusak/Rusak_02045.jpg,Rusak
Train_Set/Aman/Aman_00647.jpg,Aman
Train_Set/Aman/Aman_05446.jpg,Aman
Train_Set/Aman/Aman_00398.jpg,Aman
Train_Set/Lainnya/Lainnya_00093.jpg,Lainnya
Train_Set/Aman/Aman_03408.jpg,Aman
Train_Set/Aman/Aman_06969.jpg,Aman
Train_Set/Rusak/Rusak_00885.jpg,Rusak
Train_Set/Rusak/Rusak_00932.jpg,Rusak
Train_Set/Aman/Aman_00322.jpg,Aman
Train_Set/Aman/Aman_01659.jpg,Aman
Train_Set/Aman/Aman_02925.jpg,Aman
Train_Set/Aman/Aman_03440.jpg,Aman
Train_Set/Aman/Aman_07546.jpg,Aman
Train_Set/Aman/Aman_01391.jpg,Aman
Train_Set/Aman/Aman_04745.jpg,Aman
Train_Set/Aman/Aman_00832.jpg,Aman
Train_Set/Aman/Aman_06763.jpg,Aman
Train_Set/Aman/Aman_06366.jpg,Aman
Train_Set/Aman/Aman_05923.jpg,Aman
Train_Set/Lainnya/Lainnya_00370.jpg,Lainnya
Train_Set/Rusak/Rusak_02231.jpg,Rusak
Train_Set/Aman/Aman_00463.jpg,Aman
Train_Set/Aman/Aman_05474.jpg,Aman
Train_Set/Rusak/Rusak_02977.jpg,Rusak
Train_Set/Lainnya/Lainnya_00208.jpg,Lainnya
Train_Set/Aman/Aman_07369.jpg,Aman
Train_Set/Aman/Aman_02419.jpg,Aman
Train_Set/Aman/Aman_04546.jpg,Aman
Train_Set/Aman/Aman_00988.jpg,Aman
Train_Set/Rusak/Rusak_00494.jpg,Rusak
Train_Set/Aman/Aman_03409.jpg,Aman
Train_Set/Aman/Aman_02733.jpg,Aman
Train_Set/Lainnya/Lainnya_00106.jpg,Lainnya
Train_Set/Aman/Aman_04438.jpg,Aman
Train_Set/Rusak/Rusak_01292.jpg,Rusak
Train_Set/Aman/Aman_01225.jpg,Aman
Train_Set/Aman/Aman_01949.jpg,Aman
Train_Set/Aman/Aman_04862.jpg,Aman
Train_Set/Rusak/Rusak_02186.jpg,Rusak
Train_Set/Rusak/Rusak_00616.jpg,Rusak
Train_Set/Aman/Aman_00885.jpg,Aman
Train_Set/Aman/Aman_04377.jpg,Aman
Train_Set/Aman/Aman_04328.png,Aman
Train_Set/Aman/Aman_07602.jpg,Aman
Train_Set/Aman/Aman_08606.jpg,Aman
Train_Set/Rusak/Rusak_00807.jpg,Rusak
Train_Set/Rusak/Rusak_01197.jpg,Rusak
Train_Set/Aman/Aman_08725.jpg,Aman
Train_Set/Aman/Aman_06487.jpg,Aman
Train_Set/Rusak/Rusak_00442.jpg,Rusak
Train_Set/Aman/Aman_08682.jpg,Aman
Train_Set/Aman/Aman_01084.jpg,Aman
Train_Set/Aman/Aman_01920.jpg,Aman
Train_Set/Aman/Aman_00133.jpg,Aman
Train_Set/Lainnya/Lainnya_00275.jpg,Lainnya
Train_Set/Aman/Aman_07567.jpg,Aman
Train_Set/Aman/Aman_05816.jpg,Aman
Train_Set/Aman/Aman_08453.jpg,Aman
Train_Set/Aman/Aman_07758.jpg,Aman
Train_Set/Aman/Aman_00085.jpg,Aman
Train_Set/Aman/Aman_02821.jpg,Aman
Train_Set/Aman/Aman_04002.jpg,Aman
Train_Set/Rusak/Rusak_02081.jpg,Rusak
Train_Set/Aman/Aman_03700.jpg,Aman
Train_Set/Aman/Aman_00790.jpg,Aman
Train_Set/Aman/Aman_06207.jpg,Aman
Train_Set/Aman/Aman_05790.jpg,Aman
Train_Set/Lainnya/Lainnya_00400.jpg,Lainnya
Train_Set/Aman/Aman_03909.jpg,Aman
Train_Set/Lainnya/Lainnya_00025.jpg,Lainnya
Train_Set/Rusak/Rusak_02429.jpg,Rusak
Train_Set/Aman/Aman_00737.jpg,Aman
Train_Set/Aman/Aman_03981.jpg,Aman
Train_Set/Rusak/Rusak_00269.jpg,Rusak
Train_Set/Aman/Aman_05598.jpg,Aman
Train_Set/Rusak/Rusak_02455.jpg,Rusak
Train_Set/Aman/Aman_07939.jpg,Aman
Train_Set/Rusak/Rusak_00445.jpg,Rusak
Train_Set/Aman/Aman_07819.jpg,Aman
Train_Set/Rusak/Rusak_02346.jpg,Rusak
Train_Set/Aman/Aman_07010.jpg,Aman
Train_Set/Aman/Aman_01510.jpg,Aman
Train_Set/Rusak/Rusak_02817.jpg,Rusak
Train_Set/Aman/Aman_00983.jpg,Aman
Train_Set/Rusak/Rusak_00339.jpg,Rusak
Train_Set/Aman/Aman_04887.jpg,Aman
Train_Set/Aman/Aman_00042.png,Aman
Train_Set/Aman/Aman_01678.jpg,Aman
Train_Set/Aman/Aman_00518.jpg,Aman
Train_Set/Aman/Aman_04865.jpg,Aman
Train_Set/Rusak/Rusak_01050.jpg,Rusak
Train_Set/Aman/Aman_05914.jpg,Aman
Train_Set/Rusak/Rusak_00053.jpg,Rusak
Train_Set/Aman/Aman_01750.jpg,Aman
Train_Set/Aman/Aman_05338.jpg,Aman
Train_Set/Aman/Aman_04618.jpg,Aman
Train_Set/Aman/Aman_08647.jpg,Aman
Train_Set/Aman/Aman_02034.jpg,Aman
Train_Set/Aman/Aman_00154.jpg,Aman
Train_Set/Rusak/Rusak_01184.jpg,Rusak
Train_Set/Aman/Aman_02969.jpg,Aman
Train_Set/Aman/Aman_00836.jpg,Aman
Train_Set/Rusak/Rusak_02243.jpg,Rusak
Train_Set/Aman/Aman_06781.jpg,Aman
Train_Set/Rusak/Rusak_00968.jpg,Rusak
Train_Set/Aman/Aman_03999.jpg,Aman
Train_Set/Aman/Aman_04660.jpg,Aman
Train_Set/Aman/Aman_01377.jpg,Aman
Train_Set/Aman/Aman_03692.jpg,Aman
Train_Set/Aman/Aman_03483.jpg,Aman
Train_Set/Aman/Aman_05260.jpg,Aman
Train_Set/Aman/Aman_01566.jpg,Aman
Train_Set/Aman/Aman_00780.jpg,Aman
Train_Set/Aman/Aman_08674.jpg,Aman
Train_Set/Aman/Aman_02553.jpg,Aman
Train_Set/Rusak/Rusak_01029.jpg,Rusak
Train_Set/Aman/Aman_02617.jpg,Aman
Train_Set/Aman/Aman_00366.jpg,Aman
Train_Set/Aman/Aman_01232.jpg,Aman
Train_Set/Aman/Aman_08633.jpg,Aman
Train_Set/Aman/Aman_06746.jpg,Aman
Train_Set/Aman/Aman_05476.jpg,Aman
Train_Set/Rusak/Rusak_02306.jpg,Rusak
Train_Set/Aman/Aman_06351.jpg,Aman
Train_Set/Aman/Aman_00029.jpg,Aman
Train_Set/Aman/Aman_00986.jpg,Aman
Train_Set/Aman/Aman_07352.jpg,Aman
Train_Set/Aman/Aman_01167.jpg,Aman
Train_Set/Aman/Aman_00685.jpg,Aman
Train_Set/Aman/Aman_04368.jpg,Aman
Train_Set/Rusak/Rusak_00242.jpg,Rusak
Train_Set/Rusak/Rusak_02185.jpg,Rusak
Train_Set/Aman/Aman_03739.jpg,Aman
Train_Set/Aman/Aman_01808.jpg,Aman
Train_Set/Aman/Aman_08399.jpg,Aman
Train_Set/Aman/Aman_06330.jpg,Aman
Train_Set/Rusak/Rusak_02191.jpg,Rusak
Train_Set/Lainnya/Lainnya_00282.jpg,Lainnya
Train_Set/Aman/Aman_05471.jpg,Aman
Train_Set/Aman/Aman_04837.jpg,Aman
Train_Set/Aman/Aman_07664.jpg,Aman
Train_Set/Lainnya/Lainnya_00008.jpg,Lainnya
Train_Set/Aman/Aman_06756.jpg,Aman
Train_Set/Aman/Aman_08612.jpg,Aman
Train_Set/Aman/Aman_03499.jpg,Aman
Train_Set/Aman/Aman_06245.jpg,Aman
Train_Set/Aman/Aman_02574.jpg,Aman
Train_Set/Aman/Aman_08715.jpg,Aman
Train_Set/Aman/Aman_04236.png,Aman
Train_Set/Aman/Aman_03402.jpg,Aman
Train_Set/Aman/Aman_05236.jpg,Aman
Train_Set/Aman/Aman_00454.jpg,Aman
Train_Set/Aman/Aman_08669.jpg,Aman
Train_Set/Rusak/Rusak_02493.jpg,Rusak
Train_Set/Aman/Aman_05953.jpg,Aman
Train_Set/Rusak/Rusak_01330.jpg,Rusak
Train_Set/Rusak/Rusak_02756.jpg,Rusak
Train_Set/Aman/Aman_01462.jpg,Aman
Train_Set/Aman/Aman_06368.jpg,Aman
Train_Set/Aman/Aman_04232.png,Aman
Train_Set/Aman/Aman_03454.jpg,Aman
Train_Set/Rusak/Rusak_02529.jpg,Rusak
Train_Set/Aman/Aman_05974.jpg,Aman
Train_Set/Rusak/Rusak_01230.jpg,Rusak
Train_Set/Aman/Aman_00025.jpg,Aman
Train_Set/Lainnya/Lainnya_00129.jpg,Lainnya
Train_Set/Aman/Aman_06636.jpg,Aman
Train_Set/Lainnya/Lainnya_00030.jpg,Lainnya
Train_Set/Aman/Aman_06367.jpg,Aman
Train_Set/Aman/Aman_01397.jpg,Aman
Train_Set/Aman/Aman_02084.jpg,Aman
Train_Set/Aman/Aman_06353.jpg,Aman
Train_Set/Aman/Aman_03108.jpg,Aman
Train_Set/Aman/Aman_05069.jpg,Aman
Train_Set/Aman/Aman_06427.jpg,Aman
Train_Set/Aman/Aman_03559.jpg,Aman
Train_Set/Aman/Aman_08075.jpg,Aman
Train_Set/Rusak/Rusak_00062.jpg,Rusak
Train_Set/Aman/Aman_08608.jpg,Aman
Train_Set/Rusak/Rusak_00567.jpg,Rusak
Train_Set/Aman/Aman_06871.jpg,Aman
Train_Set/Aman/Aman_01945.jpg,Aman
Train_Set/Aman/Aman_08135.jpg,Aman
Train_Set/Aman/Aman_05066.jpg,Aman
Train_Set/Aman/Aman_08080.jpg,Aman
Train_Set/Aman/Aman_07157.jpg,Aman
Train_Set/Aman/Aman_04641.jpg,Aman
Train_Set/Aman/Aman_05747.jpg,Aman
Train_Set/Aman/Aman_05466.jpg,Aman
Train_Set/Rusak/Rusak_01032.jpg,Rusak
Train_Set/Aman/Aman_03668.jpg,Aman
Train_Set/Aman/Aman_03210.jpg,Aman
Train_Set/Aman/Aman_00071.jpg,Aman
Train_Set/Aman/Aman_00184.jpg,Aman
Train_Set/Aman/Aman_06984.jpg,Aman
Train_Set/Aman/Aman_00199.jpg,Aman
Train_Set/Rusak/Rusak_00978.jpg,Rusak
Train_Set/Rusak/Rusak_02661.jpg,Rusak
Train_Set/Rusak/Rusak_01881.jpg,Rusak
Train_Set/Aman/Aman_01013.jpg,Aman
Train_Set/Aman/Aman_04960.jpg,Aman
Train_Set/Aman/Aman_07838.jpg,Aman
Train_Set/Aman/Aman_07469.jpg,Aman
Train_Set/Rusak/Rusak_02834.jpg,Rusak
Train_Set/Aman/Aman_01213.jpg,Aman
Train_Set/Aman/Aman_06267.jpg,Aman
Train_Set/Aman/Aman_02183.jpg,Aman
Train_Set/Aman/Aman_06632.jpg,Aman
Train_Set/Rusak/Rusak_01110.jpg,Rusak
Train_Set/Aman/Aman_02360.jpg,Aman
Train_Set/Aman/Aman_02982.jpg,Aman
Train_Set/Rusak/Rusak_01062.jpg,Rusak
Train_Set/Aman/Aman_01984.jpg,Aman
Train_Set/Aman/Aman_04951.jpg,Aman
Train_Set/Aman/Aman_00797.jpg,Aman
Train_Set/Rusak/Rusak_02723.jpg,Rusak
Train_Set/Rusak/Rusak_02146.jpg,Rusak
Train_Set/Rusak/Rusak_02556.jpg,Rusak
Train_Set/Rusak/Rusak_00935.jpg,Rusak
Train_Set/Aman/Aman_02140.jpg,Aman
Train_Set/Rusak/Rusak_00817.jpg,Rusak
Train_Set/Aman/Aman_08605.jpg,Aman
Train_Set/Rusak/Rusak_00094.jpg,Rusak
Train_Set/Aman/Aman_05413.jpg,Aman
Train_Set/Aman/Aman_04373.jpg,Aman
Train_Set/Aman/Aman_06493.jpg,Aman
Train_Set/Rusak/Rusak_02679.jpg,Rusak
Train_Set/Aman/Aman_07471.jpg,Aman
Train_Set/Aman/Aman_00782.jpg,Aman
Train_Set/Aman/Aman_01110.jpg,Aman
Train_Set/Aman/Aman_05070.jpg,Aman
Train_Set/Aman/Aman_06692.jpg,Aman
Train_Set/Rusak/Rusak_00879.jpg,Rusak
Train_Set/Rusak/Rusak_01322.jpg,Rusak
Train_Set/Aman/Aman_00889.jpg,Aman
Train_Set/Lainnya/Lainnya_00349.jpg,Lainnya
Train_Set/Aman/Aman_00662.jpg,Aman
Train_Set/Aman/Aman_00621.jpg,Aman
Train_Set/Rusak/Rusak_02644.jpg,Rusak
Train_Set/Rusak/Rusak_01755.jpg,Rusak
Train_Set/Rusak/Rusak_00847.jpg,Rusak
Train_Set/Aman/Aman_07559.jpg,Aman
Train_Set/Aman/Aman_08396.jpg,Aman
Train_Set/Aman/Aman_07607.jpg,Aman
Train_Set/Rusak/Rusak_00197.jpg,Rusak
Train_Set/Rusak/Rusak_02305.jpg,Rusak
Train_Set/Aman/Aman_05515.jpg,Aman
Train_Set/Rusak/Rusak_02821.jpg,Rusak
Train_Set/Rusak/Rusak_00868.jpg,Rusak
Train_Set/Rusak/Rusak_00122.jpg,Rusak
Train_Set/Aman/Aman_01761.jpg,Aman
Train_Set/Aman/Aman_05056.jpg,Aman
Train_Set/Rusak/Rusak_00552.jpg,Rusak
Train_Set/Aman/Aman_03060.jpg,Aman
Train_Set/Aman/Aman_07685.jpg,Aman
Train_Set/Lainnya/Lainnya_00167.jpg,Lainnya
Train_Set/Rusak/Rusak_01109.jpg,Rusak
Train_Set/Lainnya/Lainnya_00062.jpg,Lainnya
Train_Set/Rusak/Rusak_01827.jpg,Rusak
Train_Set/Aman/Aman_07444.jpg,Aman
Train_Set/Aman/Aman_01335.jpg,Aman
Train_Set/Aman/Aman_03155.jpg,Aman
Train_Set/Aman/Aman_04971.jpg,Aman
Train_Set/Rusak/Rusak_02759.jpg,Rusak
Train_Set/Aman/Aman_06806.jpg,Aman
Train_Set/Aman/Aman_07979.jpg,Aman
Train_Set/Aman/Aman_04255.jpg,Aman
Train_Set/Aman/Aman_00795.jpg,Aman
Train_Set/Aman/Aman_00998.jpg,Aman
Train_Set/Rusak/Rusak_00289.jpg,Rusak
Train_Set/Aman/Aman_05670.jpg,Aman
Train_Set/Aman/Aman_06021.jpg,Aman
Train_Set/Aman/Aman_02452.jpg,Aman
Train_Set/Aman/Aman_01952.jpg,Aman
Train_Set/Rusak/Rusak_01150.jpg,Rusak
Train_Set/Aman/Aman_03693.jpg,Aman
Train_Set/Aman/Aman_04420.jpg,Aman
Train_Set/Lainnya/Lainnya_00418.jpg,Lainnya
Train_Set/Aman/Aman_05648.jpg,Aman
Train_Set/Aman/Aman_04074.jpg,Aman
Train_Set/Aman/Aman_07885.jpg,Aman
Train_Set/Aman/Aman_02216.jpg,Aman
Train_Set/Rusak/Rusak_01135.jpg,Rusak
Train_Set/Aman/Aman_02321.jpg,Aman
Train_Set/Aman/Aman_03738.jpg,Aman
Train_Set/Rusak/Rusak_02392.jpg,Rusak
Train_Set/Rusak/Rusak_01248.jpg,Rusak
Train_Set/Aman/Aman_00584.jpg,Aman
Train_Set/Aman/Aman_02657.jpg,Aman
Train_Set/Aman/Aman_01447.jpg,Aman
Train_Set/Aman/Aman_06994.jpg,Aman
Train_Set/Aman/Aman_06928.jpg,Aman
Train_Set/Rusak/Rusak_01326.jpg,Rusak
Train_Set/Aman/Aman_08159.jpg,Aman
Train_Set/Aman/Aman_03797.jpg,Aman
Train_Set/Aman/Aman_03925.jpg,Aman
Train_Set/Aman/Aman_03359.jpg,Aman
Train_Set/Aman/Aman_06884.jpg,Aman
Train_Set/Aman/Aman_03558.jpg,Aman
Train_Set/Rusak/Rusak_00365.jpg,Rusak
Train_Set/Aman/Aman_00666.jpg,Aman
Train_Set/Aman/Aman_04032.jpg,Aman
Train_Set/Aman/Aman_01479.jpg,Aman
Train_Set/Aman/Aman_07751.jpg,Aman
Train_Set/Rusak/Rusak_00116.jpg,Rusak
Train_Set/Aman/Aman_03744.jpg,Aman
Train_Set/Rusak/Rusak_01640.jpg,Rusak
Train_Set/Aman/Aman_04092.jpg,Aman
Train_Set/Aman/Aman_01258.jpg,Aman
Train_Set/Aman/Aman_02752.jpg,Aman
Train_Set/Rusak/Rusak_01512.jpg,Rusak
Train_Set/Rusak/Rusak_00829.jpg,Rusak
Train_Set/Rusak/Rusak_02222.jpg,Rusak
Train_Set/Rusak/Rusak_00767.jpg,Rusak
Train_Set/Aman/Aman_08561.jpg,Aman
Train_Set/Rusak/Rusak_00548.jpg,Rusak
Train_Set/Aman/Aman_03980.jpg,Aman
Train_Set/Rusak/Rusak_00363.jpg,Rusak
Train_Set/Aman/Aman_00424.jpg,Aman
Train_Set/Aman/Aman_08728.jpg,Aman
Train_Set/Aman/Aman_06316.jpg,Aman
Train_Set/Aman/Aman_01617.jpg,Aman
Train_Set/Aman/Aman_08677.jpg,Aman
Train_Set/Aman/Aman_08485.jpg,Aman
Train_Set/Aman/Aman_06218.jpg,Aman
Train_Set/Aman/Aman_04421.jpg,Aman
Train_Set/Rusak/Rusak_00402.jpg,Rusak
Train_Set/Aman/Aman_06134.jpg,Aman
Train_Set/Rusak/Rusak_00610.jpg,Rusak
Train_Set/Aman/Aman_04218.png,Aman
Train_Set/Rusak/Rusak_02841.jpg,Rusak
Train_Set/Aman/Aman_07008.jpg,Aman
Train_Set/Rusak/Rusak_01276.jpg,Rusak
Train_Set/Aman/Aman_04354.jpg,Aman
Train_Set/Rusak/Rusak_02134.jpg,Rusak
Train_Set/Rusak/Rusak_01481.jpg,Rusak
Train_Set/Aman/Aman_07673.jpg,Aman
Train_Set/Rusak/Rusak_01673.jpg,Rusak
Train_Set/Rusak/Rusak_00247.jpg,Rusak
Train_Set/Aman/Aman_07827.jpg,Aman
Train_Set/Aman/Aman_02823.jpg,Aman
Train_Set/Aman/Aman_00242.jpg,Aman
Train_Set/Aman/Aman_00536.jpg,Aman
Train_Set/Aman/Aman_07357.jpg,Aman
Train_Set/Aman/Aman_06474.jpg,Aman
Train_Set/Lainnya/Lainnya_00169.jpg,Lainnya
Train_Set/Rusak/Rusak_02658.jpg,Rusak
Train_Set/Rusak/Rusak_02987.jpg,Rusak
Train_Set/Aman/Aman_05379.jpg,Aman
Train_Set/Aman/Aman_06275.jpg,Aman
Train_Set/Rusak/Rusak_02121.jpg,Rusak
Train_Set/Aman/Aman_03998.jpg,Aman
Train_Set/Aman/Aman_07878.jpg,Aman
Train_Set/Aman/Aman_03899.jpg,Aman
Train_Set/Rusak/Rusak_00965.jpg,Rusak
Train_Set/Aman/Aman_00108.png,Aman
Train_Set/Aman/Aman_07097.jpg,Aman
Train_Set/Rusak/Rusak_02345.jpg,Rusak
Train_Set/Aman/Aman_03269.jpg,Aman
Train_Set/Lainnya/Lainnya_00253.jpg,Lainnya
Train_Set/Aman/Aman_02814.jpg,Aman
Train_Set/Aman/Aman_07836.jpg,Aman
Train_Set/Aman/Aman_04132.jpg,Aman
Train_Set/Aman/Aman_00131.jpg,Aman
Train_Set/Rusak/Rusak_02894.jpg,Rusak
Train_Set/Aman/Aman_00633.jpg,Aman
Train_Set/Aman/Aman_00975.jpg,Aman
Train_Set/Aman/Aman_04844.jpg,Aman
Train_Set/Aman/Aman_02451.jpg,Aman
Train_Set/Rusak/Rusak_00760.jpg,Rusak
Train_Set/Aman/Aman_08302.jpg,Aman
Train_Set/Aman/Aman_05429.jpg,Aman
Train_Set/Rusak/Rusak_01439.jpg,Rusak
Train_Set/Aman/Aman_04566.jpg,Aman
Train_Set/Rusak/Rusak_00393.jpg,Rusak
Train_Set/Aman/Aman_07839.jpg,Aman
Train_Set/Aman/Aman_05502.jpg,Aman
Train_Set/Rusak/Rusak_01693.jpg,Rusak
Train_Set/Aman/Aman_07249.jpg,Aman
Train_Set/Aman/Aman_05326.jpg,Aman
Train_Set/Aman/Aman_06318.jpg,Aman
Train_Set/Aman/Aman_00237.jpg,Aman
Train_Set/Rusak/Rusak_01136.jpg,Rusak
Train_Set/Aman/Aman_06312.jpg,Aman
Train_Set/Aman/Aman_01899.jpg,Aman
Train_Set/Aman/Aman_07093.jpg,Aman
Train_Set/Aman/Aman_02837.jpg,Aman
Train_Set/Aman/Aman_05383.jpg,Aman
Train_Set/Aman/Aman_07272.jpg,Aman
Train_Set/Aman/Aman_00965.jpg,Aman
Train_Set/Aman/Aman_08012.jpg,Aman
Train_Set/Aman/Aman_00460.jpg,Aman
Train_Set/Aman/Aman_07823.jpg,Aman
Train_Set/Aman/Aman_04053.jpg,Aman
Train_Set/Aman/Aman_07750.jpg,Aman
Train_Set/Rusak/Rusak_01752.jpg,Rusak
Train_Set/Aman/Aman_07329.jpg,Aman
Train_Set/Aman/Aman_05352.jpg,Aman
Train_Set/Aman/Aman_07967.jpg,Aman
Train_Set/Aman/Aman_03695.jpg,Aman
Train_Set/Aman/Aman_00038.jpg,Aman
Train_Set/Aman/Aman_02669.jpg,Aman
Train_Set/Aman/Aman_05473.jpg,Aman
Train_Set/Aman/Aman_02841.jpg,Aman
Train_Set/Rusak/Rusak_02755.jpg,Rusak
Train_Set/Aman/Aman_05369.jpg,Aman
Train_Set/Aman/Aman_00898.jpg,Aman
Train_Set/Aman/Aman_04504.jpg,Aman
Train_Set/Rusak/Rusak_02973.jpg,Rusak
Train_Set/Aman/Aman_05999.jpg,Aman
Train_Set/Aman/Aman_08095.jpg,Aman
Train_Set/Aman/Aman_08597.jpg,Aman
Train_Set/Aman/Aman_03485.jpg,Aman
Train_Set/Rusak/Rusak_01839.jpg,Rusak
Train_Set/Aman/Aman_07102.jpg,Aman
Train_Set/Aman/Aman_07801.jpg,Aman
Train_Set/Aman/Aman_05560.jpg,Aman
Train_Set/Aman/Aman_08352.jpg,Aman
Train_Set/Rusak/Rusak_02534.jpg,Rusak
Train_Set/Aman/Aman_04796.jpg,Aman
Train_Set/Aman/Aman_00608.jpg,Aman
Train_Set/Aman/Aman_02789.jpg,Aman
Train_Set/Aman/Aman_05774.jpg,Aman
Train_Set/Rusak/Rusak_02458.jpg,Rusak
Train_Set/Aman/Aman_00822.jpg,Aman
Train_Set/Aman/Aman_02939.jpg,Aman
Train_Set/Aman/Aman_04872.jpg,Aman
Train_Set/Aman/Aman_06196.jpg,Aman
Train_Set/Aman/Aman_04565.jpg,Aman
Train_Set/Aman/Aman_08510.jpg,Aman
Train_Set/Rusak/Rusak_02216.jpg,Rusak
Train_Set/Rusak/Rusak_02240.jpg,Rusak
Train_Set/Aman/Aman_02522.jpg,Aman
Train_Set/Aman/Aman_03962.jpg,Aman
Train_Set/Aman/Aman_04079.jpg,Aman
Train_Set/Rusak/Rusak_00526.jpg,Rusak
Train_Set/Lainnya/Lainnya_00112.jpg,Lainnya
Train_Set/Aman/Aman_08707.jpg,Aman
Train_Set/Aman/Aman_06389.jpg,Aman
Train_Set/Aman/Aman_00173.jpg,Aman
Train_Set/Aman/Aman_06301.jpg,Aman
Train_Set/Aman/Aman_07106.jpg,Aman
Train_Set/Rusak/Rusak_02388.jpg,Rusak
Train_Set/Aman/Aman_01362.jpg,Aman
Train_Set/Aman/Aman_00736.jpg,Aman
Train_Set/Lainnya/Lainnya_00029.jpg,Lainnya
Train_Set/Aman/Aman_05649.jpg,Aman
Train_Set/Rusak/Rusak_02396.jpg,Rusak
Train_Set/Aman/Aman_06412.jpg,Aman
Train_Set/Aman/Aman_02795.jpg,Aman
Train_Set/Aman/Aman_08130.jpg,Aman
Train_Set/Rusak/Rusak_02626.jpg,Rusak
Train_Set/Aman/Aman_01822.jpg,Aman
Train_Set/Aman/Aman_06453.jpg,Aman
Train_Set/Aman/Aman_05544.jpg,Aman
Train_Set/Aman/Aman_03232.jpg,Aman
Train_Set/Aman/Aman_05071.jpg,Aman
Train_Set/Rusak/Rusak_02291.jpg,Rusak
Train_Set/Lainnya/Lainnya_00227.jpg,Lainnya
Train_Set/Rusak/Rusak_01278.jpg,Rusak
Train_Set/Rusak/Rusak_01043.jpg,Rusak
Train_Set/Rusak/Rusak_01772.jpg,Rusak
Train_Set/Rusak/Rusak_01571.jpg,Rusak
Train_Set/Aman/Aman_08093.jpg,Aman
Train_Set/Aman/Aman_05368.jpg,Aman
Train_Set/Rusak/Rusak_01697.jpg,Rusak
Train_Set/Aman/Aman_04541.jpg,Aman
Train_Set/Rusak/Rusak_00918.jpg,Rusak
Train_Set/Aman/Aman_00869.jpg,Aman
Train_Set/Rusak/Rusak_01702.jpg,Rusak
Train_Set/Aman/Aman_04044.jpg,Aman
Train_Set/Rusak/Rusak_00674.jpg,Rusak
Train_Set/Aman/Aman_00135.jpg,Aman
Train_Set/Aman/Aman_00188.jpg,Aman
Train_Set/Aman/Aman_07894.jpg,Aman
Train_Set/Aman/Aman_07646.jpg,Aman
Train_Set/Aman/Aman_01156.jpg,Aman
Train_Set/Rusak/Rusak_00166.jpg,Rusak
Train_Set/Rusak/Rusak_01739.jpg,Rusak
Train_Set/Aman/Aman_02908.jpg,Aman
Train_Set/Rusak/Rusak_01658.jpg,Rusak
Train_Set/Aman/Aman_05044.jpg,Aman
Train_Set/Aman/Aman_06359.jpg,Aman
Train_Set/Rusak/Rusak_01405.jpg,Rusak
Train_Set/Lainnya/Lainnya_00130.jpg,Lainnya
Train_Set/Aman/Aman_06078.jpg,Aman
Train_Set/Aman/Aman_06556.jpg,Aman
Train_Set/Aman/Aman_04342.png,Aman
Train_Set/Aman/Aman_01950.jpg,Aman
Train_Set/Aman/Aman_02697.jpg,Aman
Train_Set/Lainnya/Lainnya_00151.jpg,Lainnya
Train_Set/Aman/Aman_00022.jpg,Aman
Train_Set/Aman/Aman_02788.jpg,Aman
Train_Set/Aman/Aman_02436.jpg,Aman
Train_Set/Aman/Aman_05082.jpg,Aman
Train_Set/Aman/Aman_07095.jpg,Aman
Train_Set/Aman/Aman_05166.jpg,Aman
Train_Set/Aman/Aman_06341.jpg,Aman
Train_Set/Aman/Aman_05004.jpg,Aman
Train_Set/Rusak/Rusak_01323.jpg,Rusak
Train_Set/Aman/Aman_00197.jpg,Aman
Train_Set/Aman/Aman_00720.jpg,Aman
Train_Set/Rusak/Rusak_01079.jpg,Rusak
Train_Set/Aman/Aman_05459.jpg,Aman
Train_Set/Aman/Aman_03991.jpg,Aman
Train_Set/Aman/Aman_01483.jpg,Aman
Train_Set/Aman/Aman_06858.jpg,Aman
Train_Set/Aman/Aman_01113.jpg,Aman
Train_Set/Rusak/Rusak_00707.jpg,Rusak
Train_Set/Aman/Aman_04177.jpg,Aman
Train_Set/Aman/Aman_02182.jpg,Aman
Train_Set/Aman/Aman_06432.jpg,Aman
Train_Set/Aman/Aman_02603.jpg,Aman
Train_Set/Aman/Aman_07287.jpg,Aman
Train_Set/Aman/Aman_04533.jpg,Aman
Train_Set/Aman/Aman_07951.jpg,Aman
Train_Set/Aman/Aman_06903.jpg,Aman
Train_Set/Aman/Aman_08680.jpg,Aman
Train_Set/Rusak/Rusak_02461.jpg,Rusak
Train_Set/Aman/Aman_05640.jpg,Aman
Train_Set/Aman/Aman_05158.jpg,Aman
Train_Set/Aman/Aman_03662.jpg,Aman
Train_Set/Aman/Aman_06087.jpg,Aman
Train_Set/Rusak/Rusak_01833.jpg,Rusak
Train_Set/Rusak/Rusak_02475.jpg,Rusak
Train_Set/Aman/Aman_00632.jpg,Aman
Train_Set/Aman/Aman_00650.jpg,Aman
Train_Set/Aman/Aman_00527.jpg,Aman
Train_Set/Aman/Aman_03756.jpg,Aman
Train_Set/Aman/Aman_06126.jpg,Aman
Train_Set/Aman/Aman_03896.jpg,Aman
Train_Set/Aman/Aman_04294.jpg,Aman
Train_Set/Lainnya/Lainnya_00324.jpg,Lainnya
Train_Set/Aman/Aman_01798.jpg,Aman
Train_Set/Aman/Aman_04316.jpg,Aman
Train_Set/Aman/Aman_08052.jpg,Aman
Train_Set/Aman/Aman_02680.jpg,Aman
Train_Set/Aman/Aman_00204.jpg,Aman
Train_Set/Aman/Aman_01484.jpg,Aman
Train_Set/Rusak/Rusak_00071.jpg,Rusak
Train_Set/Aman/Aman_04527.jpg,Aman
Train_Set/Rusak/Rusak_01041.jpg,Rusak
Train_Set/Rusak/Rusak_00822.jpg,Rusak
Train_Set/Aman/Aman_07077.jpg,Aman
Train_Set/Aman/Aman_00477.jpg,Aman
Train_Set/Rusak/Rusak_01949.jpg,Rusak
Train_Set/Aman/Aman_03836.jpg,Aman
Train_Set/Rusak/Rusak_00429.jpg,Rusak
Train_Set/Aman/Aman_00648.jpg,Aman
Train_Set/Aman/Aman_04564.jpg,Aman
Train_Set/Aman/Aman_05431.jpg,Aman
Train_Set/Aman/Aman_08136.jpg,Aman
Train_Set/Aman/Aman_00930.jpg,Aman
Train_Set/Aman/Aman_04069.jpg,Aman
Train_Set/Aman/Aman_00114.jpg,Aman
Train_Set/Aman/Aman_02245.jpg,Aman
Train_Set/Aman/Aman_08103.jpg,Aman
Train_Set/Aman/Aman_03417.jpg,Aman
Train_Set/Aman/Aman_01384.jpg,Aman
Train_Set/Lainnya/Lainnya_00019.jpg,Lainnya
Train_Set/Aman/Aman_04714.jpg,Aman
Train_Set/Aman/Aman_05400.jpg,Aman
Train_Set/Aman/Aman_01344.jpg,Aman
Train_Set/Aman/Aman_08315.jpg,Aman
Train_Set/Rusak/Rusak_00109.jpg,Rusak
Train_Set/Aman/Aman_06166.jpg,Aman
Train_Set/Aman/Aman_05452.jpg,Aman
Train_Set/Rusak/Rusak_02192.jpg,Rusak
Train_Set/Aman/Aman_04939.jpg,Aman
Train_Set/Aman/Aman_06643.jpg,Aman
Train_Set/Rusak/Rusak_01629.jpg,Rusak
Train_Set/Aman/Aman_01146.jpg,Aman
Train_Set/Aman/Aman_02171.jpg,Aman
Train_Set/Rusak/Rusak_00018.jpg,Rusak
Train_Set/Aman/Aman_04310.jpg,Aman
Train_Set/Aman/Aman_01178.jpg,Aman
Train_Set/Aman/Aman_02323.jpg,Aman
Train_Set/Aman/Aman_07587.jpg,Aman
Train_Set/Aman/Aman_05222.jpg,Aman
Train_Set/Aman/Aman_07120.jpg,Aman
Train_Set/Aman/Aman_02443.jpg,Aman
Train_Set/Aman/Aman_03156.jpg,Aman
Train_Set/Aman/Aman_08251.jpg,Aman
Train_Set/Aman/Aman_07224.jpg,Aman
Train_Set/Aman/Aman_04076.jpg,Aman
Train_Set/Aman/Aman_00425.jpg,Aman
Train_Set/Aman/Aman_05126.jpg,Aman
Train_Set/Rusak/Rusak_01019.jpg,Rusak
Train_Set/Aman/Aman_00690.jpg,Aman
Train_Set/Rusak/Rusak_01934.jpg,Rusak
Train_Set/Rusak/Rusak_02563.jpg,Rusak
Train_Set/Rusak/Rusak_00677.jpg,Rusak
Train_Set/Aman/Aman_03397.jpg,Aman
Train_Set/Aman/Aman_02231.jpg,Aman
Train_Set/Aman/Aman_01221.jpg,Aman
Train_Set/Rusak/Rusak_02280.jpg,Rusak
Train_Set/Aman/Aman_04186.jpg,Aman
Train_Set/Rusak/Rusak_00455.jpg,Rusak
Train_Set/Aman/Aman_00679.jpg,Aman
Train_Set/Rusak/Rusak_02907.jpg,Rusak
Train_Set/Aman/Aman_01714.jpg,Aman
Train_Set/Aman/Aman_02954.jpg,Aman
Train_Set/Rusak/Rusak_01727.jpg,Rusak
Train_Set/Rusak/Rusak_01994.jpg,Rusak
Train_Set/Aman/Aman_06277.jpg,Aman
Train_Set/Aman/Aman_02494.jpg,Aman
Train_Set/Lainnya/Lainnya_00232.jpg,Lainnya
Train_Set/Rusak/Rusak_02025.jpg,Rusak
Train_Set/Aman/Aman_08650.jpg,Aman
Train_Set/Aman/Aman_08325.jpg,Aman
Train_Set/Aman/Aman_02412.jpg,Aman
Train_Set/Rusak/Rusak_02421.jpg,Rusak
Train_Set/Rusak/Rusak_01431.jpg,Rusak
Train_Set/Aman/Aman_08072.jpg,Aman
Train_Set/Aman/Aman_05027.jpg,Aman
Train_Set/Aman/Aman_00344.jpg,Aman
Train_Set/Aman/Aman_08141.jpg,Aman
Train_Set/Aman/Aman_05590.jpg,Aman
Train_Set/Rusak/Rusak_00928.jpg,Rusak
Train_Set/Aman/Aman_03081.jpg,Aman
Train_Set/Aman/Aman_03932.jpg,Aman
Train_Set/Rusak/Rusak_00648.jpg,Rusak
Train_Set/Aman/Aman_08331.jpg,Aman
Train_Set/Rusak/Rusak_02473.jpg,Rusak
Train_Set/Aman/Aman_07973.jpg,Aman
Train_Set/Aman/Aman_05460.jpg,Aman
Train_Set/Aman/Aman_07513.jpg,Aman
Train_Set/Aman/Aman_03703.jpg,Aman
Train_Set/Aman/Aman_04428.jpg,Aman
Train_Set/Aman/Aman_02368.jpg,Aman
Train_Set/Aman/Aman_05363.jpg,Aman
Train_Set/Aman/Aman_04353.jpg,Aman
Train_Set/Rusak/Rusak_01910.jpg,Rusak
Train_Set/Rusak/Rusak_01170.jpg,Rusak
Train_Set/Aman/Aman_01588.jpg,Aman
Train_Set/Aman/Aman_06437.jpg,Aman
Train_Set/Aman/Aman_05665.jpg,Aman
Train_Set/Aman/Aman_05951.jpg,Aman
Train_Set/Aman/Aman_02794.jpg,Aman
Train_Set/Aman/Aman_01662.jpg,Aman
Train_Set/Aman/Aman_05734.jpg,Aman
Train_Set/Aman/Aman_04284.jpg,Aman
Train_Set/Rusak/Rusak_02690.jpg,Rusak
Train_Set/Aman/Aman_00293.jpg,Aman
Train_Set/Rusak/Rusak_00418.jpg,Rusak
Train_Set/Aman/Aman_03892.jpg,Aman
Train_Set/Aman/Aman_03464.jpg,Aman
Train_Set/Aman/Aman_03568.jpg,Aman
Train_Set/Aman/Aman_01290.jpg,Aman
Train_Set/Rusak/Rusak_02599.jpg,Rusak
Train_Set/Aman/Aman_06684.jpg,Aman
Train_Set/Aman/Aman_06940.jpg,Aman
Train_Set/Aman/Aman_02253.jpg,Aman
Train_Set/Rusak/Rusak_01107.jpg,Rusak
Train_Set/Aman/Aman_07175.jpg,Aman
Train_Set/Rusak/Rusak_01487.jpg,Rusak
Train_Set/Aman/Aman_03787.jpg,Aman
Train_Set/Lainnya/Lainnya_00386.jpg,Lainnya
Train_Set/Aman/Aman_07744.jpg,Aman
Train_Set/Rusak/Rusak_00608.png,Rusak
Train_Set/Aman/Aman_06755.jpg,Aman
Train_Set/Aman/Aman_06033.jpg,Aman
Train_Set/Rusak/Rusak_01762.jpg,Rusak
Train_Set/Aman/Aman_08512.jpg,Aman
Train_Set/Aman/Aman_04056.jpg,Aman
Train_Set/Aman/Aman_06946.jpg,Aman
Train_Set/Aman/Aman_02555.jpg,Aman
Train_Set/Aman/Aman_05925.jpg,Aman
Train_Set/Aman/Aman_08465.jpg,Aman
Train_Set/Aman/Aman_07763.jpg,Aman
Train_Set/Rusak/Rusak_01618.jpg,Rusak
Train_Set/Rusak/Rusak_01558.jpg,Rusak
Train_Set/Aman/Aman_00254.jpg,Aman
Train_Set/Rusak/Rusak_00825.jpg,Rusak
Train_Set/Aman/Aman_03263.jpg,Aman
Train_Set/Aman/Aman_00170.jpg,Aman
Train_Set/Rusak/Rusak_02111.jpg,Rusak
Train_Set/Aman/Aman_08795.jpg,Aman
Train_Set/Aman/Aman_06667.jpg,Aman
Train_Set/Aman/Aman_08061.jpg,Aman
Train_Set/Rusak/Rusak_01465.jpg,Rusak
Train_Set/Aman/Aman_03938.jpg,Aman
Train_Set/Aman/Aman_05556.jpg,Aman
Train_Set/Aman/Aman_05919.jpg,Aman
Train_Set/Aman/Aman_01242.jpg,Aman
Train_Set/Aman/Aman_03935.jpg,Aman
Train_Set/Aman/Aman_08036.jpg,Aman
Train_Set/Aman/Aman_01117.jpg,Aman
Train_Set/Aman/Aman_02853.jpg,Aman
Train_Set/Aman/Aman_01804.jpg,Aman
Train_Set/Rusak/Rusak_00569.jpg,Rusak
Train_Set/Aman/Aman_03412.jpg,Aman
Train_Set/Rusak/Rusak_00095.jpg,Rusak
Train_Set/Rusak/Rusak_01240.jpg,Rusak
Train_Set/Aman/Aman_06962.jpg,Aman
Train_Set/Aman/Aman_01383.jpg,Aman
Train_Set/Aman/Aman_00073.jpg,Aman
Train_Set/Rusak/Rusak_01102.jpg,Rusak
Train_Set/Rusak/Rusak_00406.jpg,Rusak
Train_Set/Aman/Aman_02547.jpg,Aman
Train_Set/Rusak/Rusak_01424.jpg,Rusak
Train_Set/Rusak/Rusak_00051.jpg,Rusak
Train_Set/Aman/Aman_03721.jpg,Aman
Train_Set/Aman/Aman_00415.jpg,Aman
Train_Set/Aman/Aman_05042.jpg,Aman
Train_Set/Aman/Aman_00340.jpg,Aman
Train_Set/Aman/Aman_01008.jpg,Aman
Train_Set/Rusak/Rusak_00252.jpg,Rusak
Train_Set/Aman/Aman_02987.jpg,Aman
Train_Set/Aman/Aman_03746.jpg,Aman
Train_Set/Aman/Aman_06792.jpg,Aman
Train_Set/Aman/Aman_08379.jpg,Aman
Train_Set/Aman/Aman_05364.jpg,Aman
Train_Set/Aman/Aman_00719.jpg,Aman
Train_Set/Aman/Aman_03039.jpg,Aman
Train_Set/Aman/Aman_07523.jpg,Aman
Train_Set/Aman/Aman_05508.jpg,Aman
Train_Set/Aman/Aman_08546.jpg,Aman
Train_Set/Aman/Aman_00117.jpg,Aman
Train_Set/Rusak/Rusak_00580.jpg,Rusak
Train_Set/Aman/Aman_08722.jpg,Aman
Train_Set/Aman/Aman_00564.jpg,Aman
Train_Set/Aman/Aman_08045.jpg,Aman
Train_Set/Aman/Aman_05050.jpg,Aman
Train_Set/Lainnya/Lainnya_00319.jpg,Lainnya
Train_Set/Aman/Aman_02172.jpg,Aman
Train_Set/Rusak/Rusak_02721.jpg,Rusak
Train_Set/Aman/Aman_06943.jpg,Aman
Train_Set/Aman/Aman_03769.jpg,Aman
Train_Set/Rusak/Rusak_01347.jpg,Rusak
Train_Set/Rusak/Rusak_01212.jpg,Rusak
Train_Set/Rusak/Rusak_00345.jpg,Rusak
Train_Set/Aman/Aman_08371.jpg,Aman
Train_Set/Rusak/Rusak_01974.jpg,Rusak
Train_Set/Rusak/Rusak_02836.jpg,Rusak
Train_Set/Rusak/Rusak_00112.jpg,Rusak
Train_Set/Aman/Aman_05499.jpg,Aman
Train_Set/Aman/Aman_05247.jpg,Aman
Train_Set/Aman/Aman_03431.jpg,Aman
Train_Set/Aman/Aman_01020.jpg,Aman
Train_Set/Aman/Aman_05009.jpg,Aman
Train_Set/Aman/Aman_00291.jpg,Aman
Train_Set/Rusak/Rusak_00729.jpg,Rusak
Train_Set/Aman/Aman_04990.jpg,Aman
Train_Set/Rusak/Rusak_02043.jpg,Rusak
Train_Set/Aman/Aman_06423.jpg,Aman
Train_Set/Aman/Aman_05075.jpg,Aman
Train_Set/Aman/Aman_07824.jpg,Aman
Train_Set/Aman/Aman_02057.jpg,Aman
Train_Set/Aman/Aman_02410.jpg,Aman
Train_Set/Aman/Aman_00101.png,Aman
Train_Set/Rusak/Rusak_01390.jpg,Rusak
Train_Set/Rusak/Rusak_02659.jpg,Rusak
Train_Set/Rusak/Rusak_02926.jpg,Rusak
Train_Set/Aman/Aman_05729.jpg,Aman
Train_Set/Aman/Aman_03679.jpg,Aman
Train_Set/Aman/Aman_06050.jpg,Aman
Train_Set/Aman/Aman_03252.jpg,Aman
Train_Set/Aman/Aman_03567.jpg,Aman
Train_Set/Aman/Aman_06574.jpg,Aman
Train_Set/Aman/Aman_01890.jpg,Aman
Train_Set/Rusak/Rusak_00679.jpg,Rusak
Train_Set/Aman/Aman_03822.jpg,Aman
Train_Set/Aman/Aman_03287.jpg,Aman
Train_Set/Aman/Aman_03621.jpg,Aman
Train_Set/Aman/Aman_03701.jpg,Aman
Train_Set/Aman/Aman_06511.jpg,Aman
Train_Set/Aman/Aman_04910.jpg,Aman
Train_Set/Aman/Aman_05768.jpg,Aman
Train_Set/Rusak/Rusak_01475.jpg,Rusak
Train_Set/Aman/Aman_04995.jpg,Aman
Train_Set/Aman/Aman_01133.jpg,Aman
Train_Set/Rusak/Rusak_00218.jpg,Rusak
Train_Set/Aman/Aman_04188.jpg,Aman
Train_Set/Lainnya/Lainnya_00368.jpg,Lainnya
Train_Set/Aman/Aman_08448.jpg,Aman
Train_Set/Aman/Aman_04668.jpg,Aman
Train_Set/Aman/Aman_06256.jpg,Aman
Train_Set/Rusak/Rusak_02343.jpg,Rusak
Train_Set/Aman/Aman_01441.jpg,Aman
Train_Set/Aman/Aman_05103.jpg,Aman
Train_Set/Aman/Aman_05781.jpg,Aman
Train_Set/Rusak/Rusak_01048.jpg,Rusak
Train_Set/Rusak/Rusak_02831.jpg,Rusak
Train_Set/Aman/Aman_04764.jpg,Aman
Train_Set/Rusak/Rusak_00185.jpg,Rusak
Train_Set/Lainnya/Lainnya_00403.jpg,Lainnya
Train_Set/Aman/Aman_06576.jpg,Aman
Train_Set/Rusak/Rusak_02532.jpg,Rusak
Train_Set/Rusak/Rusak_02303.jpg,Rusak
Train_Set/Aman/Aman_02442.jpg,Aman
Train_Set/Rusak/Rusak_02530.jpg,Rusak
Train_Set/Aman/Aman_08055.jpg,Aman
Train_Set/Aman/Aman_01512.jpg,Aman
Train_Set/Rusak/Rusak_02567.jpg,Rusak
Train_Set/Rusak/Rusak_01145.jpg,Rusak
Train_Set/Aman/Aman_00388.jpg,Aman
Train_Set/Aman/Aman_07784.jpg,Aman
Train_Set/Aman/Aman_03295.jpg,Aman
Train_Set/Aman/Aman_02975.jpg,Aman
Train_Set/Aman/Aman_03101.jpg,Aman
Train_Set/Aman/Aman_01815.jpg,Aman
Train_Set/Aman/Aman_04762.jpg,Aman
Train_Set/Rusak/Rusak_02667.jpg,Rusak
Train_Set/Rusak/Rusak_01891.jpg,Rusak
Train_Set/Aman/Aman_02830.jpg,Aman
Train_Set/Rusak/Rusak_00182.jpg,Rusak
Train_Set/Aman/Aman_06120.jpg,Aman
Train_Set/Aman/Aman_06841.jpg,Aman
Train_Set/Aman/Aman_02946.jpg,Aman
Train_Set/Aman/Aman_07188.jpeg,Aman
Train_Set/Aman/Aman_03856.jpg,Aman
Train_Set/Aman/Aman_05390.jpg,Aman
Train_Set/Aman/Aman_01415.jpg,Aman
Train_Set/Aman/Aman_00606.jpg,Aman
Train_Set/Aman/Aman_01865.jpg,Aman
Train_Set/Aman/Aman_07136.jpg,Aman
Train_Set/Aman/Aman_03986.jpg,Aman
Train_Set/Aman/Aman_07732.jpg,Aman
Train_Set/Aman/Aman_04868.jpg,Aman
Train_Set/Lainnya/Lainnya_00271.jpg,Lainnya
Train_Set/Rusak/Rusak_02380.jpg,Rusak
Train_Set/Aman/Aman_02042.jpg,Aman
Train_Set/Aman/Aman_00532.jpg,Aman
Train_Set/Aman/Aman_04508.jpg,Aman
Train_Set/Rusak/Rusak_01063.jpg,Rusak
Train_Set/Aman/Aman_01780.jpg,Aman
Train_Set/Aman/Aman_03522.jpg,Aman
Train_Set/Aman/Aman_01910.jpg,Aman
Train_Set/Aman/Aman_02308.jpg,Aman
Train_Set/Rusak/Rusak_00343.jpg,Rusak
Train_Set/Aman/Aman_04398.jpg,Aman
Train_Set/Aman/Aman_00657.jpg,Aman
Train_Set/Lainnya/Lainnya_00212.jpg,Lainnya
Train_Set/Aman/Aman_01560.jpg,Aman
Train_Set/Aman/Aman_05261.jpg,Aman
Train_Set/Aman/Aman_03602.jpg,Aman
Train_Set/Aman/Aman_00754.jpg,Aman
Train_Set/Rusak/Rusak_00626.jpg,Rusak
Train_Set/Rusak/Rusak_02963.jpg,Rusak
Train_Set/Aman/Aman_03816.jpg,Aman
Train_Set/Aman/Aman_05010.jpg,Aman
Train_Set/Rusak/Rusak_01417.jpg,Rusak
Train_Set/Rusak/Rusak_01074.jpg,Rusak
Train_Set/Aman/Aman_08182.jpg,Aman
Train_Set/Aman/Aman_03831.jpg,Aman
Train_Set/Aman/Aman_04385.jpg,Aman
Train_Set/Rusak/Rusak_00101.jpg,Rusak
Train_Set/Lainnya/Lainnya_00064.jpg,Lainnya
Train_Set/Aman/Aman_03953.jpg,Aman
Train_Set/Aman/Aman_03791.jpg,Aman
Train_Set/Aman/Aman_01739.jpg,Aman
Train_Set/Aman/Aman_06551.jpg,Aman
Train_Set/Aman/Aman_00115.png,Aman
Train_Set/Aman/Aman_00132.jpg,Aman
Train_Set/Aman/Aman_01081.jpg,Aman
Train_Set/Aman/Aman_00336.jpg,Aman
Train_Set/Aman/Aman_05362.jpg,Aman
Train_Set/Aman/Aman_00928.jpg,Aman
Train_Set/Aman/Aman_08102.jpg,Aman
Train_Set/Aman/Aman_04587.jpg,Aman
Train_Set/Aman/Aman_00745.jpg,Aman
Train_Set/Aman/Aman_03009.jpg,Aman
Train_Set/Aman/Aman_03868.jpg,Aman
Train_Set/Aman/Aman_00147.jpg,Aman
Train_Set/Aman/Aman_04436.jpg,Aman
Train_Set/Aman/Aman_01487.jpg,Aman
Train_Set/Aman/Aman_07041.jpg,Aman
Train_Set/Rusak/Rusak_00175.jpg,Rusak
Train_Set/Aman/Aman_06274.jpg,Aman
Train_Set/Aman/Aman_03072.jpg,Aman
Train_Set/Aman/Aman_03095.jpg,Aman
Train_Set/Lainnya/Lainnya_00287.jpg,Lainnya
Train_Set/Aman/Aman_01443.jpg,Aman
Train_Set/Rusak/Rusak_00609.png,Rusak
Train_Set/Aman/Aman_02236.jpg,Aman
Train_Set/Aman/Aman_07389.jpg,Aman
Train_Set/Aman/Aman_01615.jpg,Aman
Train_Set/Aman/Aman_04115.jpg,Aman
Train_Set/Aman/Aman_03362.jpg,Aman
Train_Set/Aman/Aman_08321.jpg,Aman
Train_Set/Aman/Aman_08580.jpg,Aman
Train_Set/Aman/Aman_00508.jpg,Aman
Train_Set/Aman/Aman_07356.jpg,Aman
Train_Set/Rusak/Rusak_02056.jpg,Rusak
Train_Set/Rusak/Rusak_01380.jpg,Rusak
Train_Set/Aman/Aman_06409.jpg,Aman
Train_Set/Aman/Aman_01393.jpg,Aman
Train_Set/Aman/Aman_08277.jpg,Aman
Train_Set/Rusak/Rusak_02151.jpg,Rusak
Train_Set/Lainnya/Lainnya_00174.jpg,Lainnya
Train_Set/Aman/Aman_04517.jpg,Aman
Train_Set/Aman/Aman_05037.jpg,Aman
Train_Set/Rusak/Rusak_02314.jpg,Rusak
Train_Set/Aman/Aman_03610.jpg,Aman
Train_Set/Rusak/Rusak_01522.jpg,Rusak
Train_Set/Rusak/Rusak_01534.jpg,Rusak
Train_Set/Aman/Aman_04113.jpg,Aman
Train_Set/Aman/Aman_04833.jpg,Aman
Train_Set/Aman/Aman_01953.jpg,Aman
Train_Set/Aman/Aman_08769.jpg,Aman
Train_Set/Aman/Aman_00946.jpg,Aman
Train_Set/Aman/Aman_03966.jpg,Aman
Train_Set/Aman/Aman_05582.jpg,Aman
Train_Set/Aman/Aman_04735.jpg,Aman
Train_Set/Rusak/Rusak_00823.jpg,Rusak
Train_Set/Aman/Aman_01563.jpg,Aman
Train_Set/Rusak/Rusak_00288.jpg,Rusak
Train_Set/Aman/Aman_07390.jpg,Aman
Train_Set/Aman/Aman_02149.jpg,Aman
Train_Set/Aman/Aman_05897.jpg,Aman
Train_Set/Aman/Aman_05807.jpg,Aman
Train_Set/Aman/Aman_04023.jpg,Aman
Train_Set/Aman/Aman_03885.jpg,Aman
Train_Set/Aman/Aman_00044.png,Aman
Train_Set/Aman/Aman_01641.jpg,Aman
Train_Set/Aman/Aman_06674.jpg,Aman
Train_Set/Rusak/Rusak_01257.jpg,Rusak
Train_Set/Aman/Aman_07922.jpg,Aman
Train_Set/Aman/Aman_02869.jpg,Aman
Train_Set/Rusak/Rusak_02736.jpg,Rusak
Train_Set/Aman/Aman_06426.jpg,Aman
Train_Set/Aman/Aman_02919.jpg,Aman
Train_Set/Aman/Aman_06924.jpg,Aman
Train_Set/Aman/Aman_07354.jpg,Aman
Train_Set/Aman/Aman_01301.jpg,Aman
Train_Set/Aman/Aman_07053.jpg,Aman
Train_Set/Aman/Aman_04070.jpg,Aman
Train_Set/Aman/Aman_00779.jpg,Aman
Train_Set/Aman/Aman_02602.jpg,Aman
Train_Set/Rusak/Rusak_02924.jpg,Rusak
Train_Set/Aman/Aman_08759.jpg,Aman
Train_Set/Aman/Aman_06326.jpg,Aman
Train_Set/Aman/Aman_04989.jpg,Aman
Train_Set/Aman/Aman_05468.jpg,Aman
Train_Set/Aman/Aman_08110.jpg,Aman
Train_Set/Aman/Aman_08588.png,Aman
Train_Set/Aman/Aman_03112.jpg,Aman
Train_Set/Aman/Aman_05221.jpg,Aman
Train_Set/Rusak/Rusak_00069.jpg,Rusak
Train_Set/Aman/Aman_02096.jpg,Aman
Train_Set/Aman/Aman_01936.jpg,Aman
Train_Set/Rusak/Rusak_02796.jpg,Rusak
Train_Set/Aman/Aman_00653.jpg,Aman
Train_Set/Aman/Aman_00496.jpg,Aman
Train_Set/Aman/Aman_00519.jpg,Aman
Train_Set/Aman/Aman_05688.jpg,Aman
Train_Set/Aman/Aman_01132.jpg,Aman
Train_Set/Aman/Aman_00764.jpg,Aman
Train_Set/Aman/Aman_07396.jpg,Aman
Train_Set/Rusak/Rusak_01243.jpg,Rusak
Train_Set/Aman/Aman_08358.jpg,Aman
Train_Set/Rusak/Rusak_00857.jpg,Rusak
Train_Set/Rusak/Rusak_01548.jpg,Rusak
Train_Set/Aman/Aman_06741.jpg,Aman
Train_Set/Aman/Aman_06227.jpg,Aman
Train_Set/Lainnya/Lainnya_00264.jpg,Lainnya
Train_Set/Aman/Aman_05332.jpg,Aman
Train_Set/Aman/Aman_00404.jpg,Aman
Train_Set/Aman/Aman_04401.jpg,Aman
Train_Set/Rusak/Rusak_00457.jpg,Rusak
Train_Set/Aman/Aman_03405.jpg,Aman
Train_Set/Aman/Aman_05580.jpg,Aman
Train_Set/Rusak/Rusak_00519.jpg,Rusak
Train_Set/Aman/Aman_05954.jpg,Aman
Train_Set/Rusak/Rusak_02031.jpg,Rusak
Train_Set/Aman/Aman_02834.jpg,Aman
Train_Set/Aman/Aman_04884.jpg,Aman
Train_Set/Aman/Aman_02390.jpg,Aman
Train_Set/Aman/Aman_02291.jpg,Aman
Train_Set/Rusak/Rusak_02193.jpg,Rusak
Train_Set/Rusak/Rusak_01279.jpg,Rusak
Train_Set/Aman/Aman_01682.jpg,Aman
Train_Set/Rusak/Rusak_02069.jpg,Rusak
Train_Set/Aman/Aman_05545.jpg,Aman
Train_Set/Aman/Aman_01015.jpg,Aman
Train_Set/Aman/Aman_03538.jpg,Aman
Train_Set/Aman/Aman_02843.jpg,Aman
Train_Set/Aman/Aman_00933.jpg,Aman
Train_Set/Aman/Aman_03466.jpg,Aman
Train_Set/Aman/Aman_08483.jpg,Aman
Train_Set/Aman/Aman_03320.jpg,Aman
Train_Set/Aman/Aman_06762.jpg,Aman
Train_Set/Aman/Aman_08301.jpg,Aman
Train_Set/Rusak/Rusak_00017.jpg,Rusak
Train_Set/Aman/Aman_03317.jpg,Aman
Train_Set/Aman/Aman_06127.jpg,Aman
Train_Set/Aman/Aman_07716.jpg,Aman
Train_Set/Rusak/Rusak_00653.jpg,Rusak
Train_Set/Aman/Aman_05860.jpg,Aman
Train_Set/Rusak/Rusak_00089.jpg,Rusak
Train_Set/Aman/Aman_01472.jpg,Aman
Train_Set/Lainnya/Lainnya_00166.jpg,Lainnya
Train_Set/Aman/Aman_01339.jpg,Aman
Train_Set/Rusak/Rusak_00612.jpg,Rusak
Train_Set/Aman/Aman_06232.jpg,Aman
Train_Set/Aman/Aman_07841.jpg,Aman
Train_Set/Rusak/Rusak_00153.jpg,Rusak
Train_Set/Aman/Aman_07699.jpg,Aman
Train_Set/Aman/Aman_05083.jpg,Aman
Train_Set/Aman/Aman_07278.jpg,Aman
Train_Set/Aman/Aman_05944.png,Aman
Train_Set/Aman/Aman_03144.jpg,Aman
Train_Set/Rusak/Rusak_01760.jpg,Rusak
Train_Set/Aman/Aman_01766.jpg,Aman
Train_Set/Aman/Aman_00459.jpg,Aman
Train_Set/Aman/Aman_00177.jpg,Aman
Train_Set/Aman/Aman_04878.jpg,Aman
Train_Set/Rusak/Rusak_00939.jpg,Rusak
Train_Set/Aman/Aman_07844.jpg,Aman
Train_Set/Aman/Aman_06024.jpg,Aman
Train_Set/Aman/Aman_07370.jpg,Aman
Train_Set/Aman/Aman_07962.jpg,Aman
Train_Set/Aman/Aman_00744.jpg,Aman
Train_Set/Aman/Aman_08705.jpg,Aman
Train_Set/Aman/Aman_02721.jpg,Aman
Train_Set/Aman/Aman_07462.jpg,Aman
Train_Set/Aman/Aman_01578.jpg,Aman
Train_Set/Aman/Aman_00264.jpg,Aman
Train_Set/Aman/Aman_08774.jpg,Aman
Train_Set/Rusak/Rusak_00190.jpg,Rusak
Train_Set/Aman/Aman_08548.jpg,Aman
Train_Set/Aman/Aman_04942.jpg,Aman
Train_Set/Aman/Aman_00158.jpg,Aman
Train_Set/Aman/Aman_03044.jpg,Aman
Train_Set/Aman/Aman_02882.jpg,Aman
Train_Set/Aman/Aman_06477.jpg,Aman
Train_Set/Aman/Aman_02359.jpg,Aman
Train_Set/Aman/Aman_08426.jpg,Aman
Train_Set/Aman/Aman_04726.jpg,Aman
Train_Set/Aman/Aman_04211.jpg,Aman
Train_Set/Aman/Aman_03808.jpg,Aman
Train_Set/Rusak/Rusak_01306.jpg,Rusak
Train_Set/Aman/Aman_08703.jpg,Aman
Train_Set/Aman/Aman_07500.jpg,Aman
Train_Set/Rusak/Rusak_01819.jpg,Rusak
Train_Set/Aman/Aman_04516.jpg,Aman
Train_Set/Rusak/Rusak_02572.jpg,Rusak
Train_Set/Aman/Aman_03246.jpg,Aman
Train_Set/Aman/Aman_01395.jpg,Aman
Train_Set/Rusak/Rusak_02269.jpg,Rusak
Train_Set/Aman/Aman_02474.jpg,Aman
Train_Set/Rusak/Rusak_00722.jpg,Rusak
Train_Set/Aman/Aman_06562.jpg,Aman
Train_Set/Aman/Aman_04528.jpg,Aman
Train_Set/Aman/Aman_02178.jpg,Aman
Train_Set/Aman/Aman_08640.jpg,Aman
Train_Set/Rusak/Rusak_00747.jpg,Rusak
Train_Set/Aman/Aman_01276.jpg,Aman
Train_Set/Aman/Aman_03884.jpg,Aman
Train_Set/Rusak/Rusak_01411.jpg,Rusak
Train_Set/Rusak/Rusak_02621.jpg,Rusak
Train_Set/Rusak/Rusak_00662.jpg,Rusak
Train_Set/Aman/Aman_06886.jpg,Aman
Train_Set/Aman/Aman_02811.jpg,Aman
Train_Set/Aman/Aman_04624.jpg,Aman
Train_Set/Aman/Aman_00251.jpg,Aman
Train_Set/Aman/Aman_08033.jpg,Aman
Train_Set/Rusak/Rusak_02824.jpg,Rusak
Train_Set/Aman/Aman_04109.jpg,Aman
Train_Set/Aman/Aman_02257.jpg,Aman
Train_Set/Aman/Aman_00458.jpg,Aman
Train_Set/Aman/Aman_02592.jpg,Aman
Train_Set/Rusak/Rusak_00764.jpg,Rusak
Train_Set/Aman/Aman_05439.jpg,Aman
Train_Set/Aman/Aman_05947.jpg,Aman
Train_Set/Rusak/Rusak_01956.jpg,Rusak
Train_Set/Aman/Aman_01052.jpg,Aman
Train_Set/Aman/Aman_06170.jpg,Aman
Train_Set/Aman/Aman_03439.jpg,Aman
Train_Set/Aman/Aman_04975.jpg,Aman
Train_Set/Aman/Aman_05280.jpg,Aman
Train_Set/Aman/Aman_02211.jpg,Aman
Train_Set/Rusak/Rusak_00731.jpg,Rusak
Train_Set/Aman/Aman_01518.jpg,Aman
Train_Set/Aman/Aman_01851.jpg,Aman
Train_Set/Aman/Aman_08024.jpg,Aman
Train_Set/Aman/Aman_01650.jpg,Aman
Train_Set/Rusak/Rusak_02557.jpg,Rusak
Train_Set/Rusak/Rusak_00538.jpg,Rusak
Train_Set/Aman/Aman_01612.jpg,Aman
Train_Set/Aman/Aman_06748.jpg,Aman
Train_Set/Rusak/Rusak_02590.jpg,Rusak
Train_Set/Rusak/Rusak_02630.jpg,Rusak
Train_Set/Aman/Aman_03837.jpg,Aman
Train_Set/Rusak/Rusak_00880.jpg,Rusak
Train_Set/Rusak/Rusak_00389.jpg,Rusak
Train_Set/Aman/Aman_02995.jpg,Aman
Train_Set/Aman/Aman_02615.jpg,Aman
Train_Set/Aman/Aman_03389.jpg,Aman
Train_Set/Rusak/Rusak_00535.jpg,Rusak
Train_Set/Aman/Aman_02776.jpg,Aman
Train_Set/Rusak/Rusak_00818.jpg,Rusak
Train_Set/Aman/Aman_06000.jpg,Aman
Train_Set/Aman/Aman_02091.jpg,Aman
Train_Set/Aman/Aman_05140.jpg,Aman
Train_Set/Aman/Aman_01545.jpg,Aman
Train_Set/Rusak/Rusak_01731.jpg,Rusak
Train_Set/Aman/Aman_06503.jpg,Aman
Train_Set/Rusak/Rusak_01829.jpg,Rusak
Train_Set/Aman/Aman_04532.jpg,Aman
Train_Set/Rusak/Rusak_02276.jpg,Rusak
Train_Set/Aman/Aman_07812.jpg,Aman
Train_Set/Rusak/Rusak_00099.jpg,Rusak
Train_Set/Lainnya/Lainnya_00394.jpg,Lainnya
Train_Set/Aman/Aman_05547.jpg,Aman
Train_Set/Aman/Aman_08568.jpg,Aman
Train_Set/Lainnya/Lainnya_00299.jpg,Lainnya
Train_Set/Aman/Aman_03247.jpg,Aman
Train_Set/Aman/Aman_07808.jpg,Aman
Train_Set/Aman/Aman_06194.jpg,Aman
Train_Set/Aman/Aman_06504.jpg,Aman
Train_Set/Aman/Aman_08347.jpg,Aman
Train_Set/Aman/Aman_03624.jpg,Aman
Train_Set/Aman/Aman_03875.jpg,Aman
Train_Set/Aman/Aman_08729.jpg,Aman
Train_Set/Rusak/Rusak_01777.jpg,Rusak
Train_Set/Rusak/Rusak_02089.jpg,Rusak
Train_Set/Rusak/Rusak_00177.jpg,Rusak
Train_Set/Aman/Aman_02728.jpg,Aman
Train_Set/Aman/Aman_08326.jpg,Aman
Train_Set/Aman/Aman_07897.jpg,Aman
Train_Set/Aman/Aman_03625.jpg,Aman
Train_Set/Aman/Aman_02275.jpg,Aman
Train_Set/Aman/Aman_02676.jpg,Aman
Train_Set/Rusak/Rusak_00145.jpg,Rusak
Train_Set/Rusak/Rusak_01015.jpg,Rusak
Train_Set/Aman/Aman_07937.jpg,Aman
Train_Set/Aman/Aman_08491.jpg,Aman
Train_Set/Rusak/Rusak_01983.jpg,Rusak
Train_Set/Rusak/Rusak_01437.jpg,Rusak
Train_Set/Lainnya/Lainnya_00172.jpg,Lainnya
Train_Set/Rusak/Rusak_01308.jpg,Rusak
Train_Set/Rusak/Rusak_02233.jpg,Rusak
Train_Set/Aman/Aman_00511.jpg,Aman
Train_Set/Rusak/Rusak_02940.jpg,Rusak
Train_Set/Aman/Aman_07072.jpg,Aman
Train_Set/Aman/Aman_06727.jpg,Aman
Train_Set/Aman/Aman_05672.jpg,Aman
Train_Set/Lainnya/Lainnya_00328.jpg,Lainnya
Train_Set/Aman/Aman_03591.jpg,Aman
Train_Set/Aman/Aman_04706.jpg,Aman
Train_Set/Aman/Aman_02324.jpg,Aman
Train_Set/Aman/Aman_06693.jpg,Aman
Train_Set/Rusak/Rusak_00705.jpg,Rusak
Train_Set/Aman/Aman_06139.jpg,Aman
Train_Set/Aman/Aman_04275.jpg,Aman
Train_Set/Rusak/Rusak_00430.jpg,Rusak
Train_Set/Rusak/Rusak_01469.jpg,Rusak
Train_Set/Rusak/Rusak_01438.jpg,Rusak
Train_Set/Aman/Aman_04321.jpg,Aman
Train_Set/Aman/Aman_05484.jpg,Aman
Train_Set/Aman/Aman_07854.jpg,Aman
Train_Set/Aman/Aman_02900.jpg,Aman
Train_Set/Rusak/Rusak_02082.jpg,Rusak
Train_Set/Aman/Aman_00742.jpg,Aman
Train_Set/Rusak/Rusak_02922.jpg,Rusak
Train_Set/Rusak/Rusak_01810.jpg,Rusak
Train_Set/Aman/Aman_03941.jpg,Aman
Train_Set/Aman/Aman_01469.jpg,Aman
Train_Set/Aman/Aman_00688.jpg,Aman
Train_Set/Aman/Aman_08285.jpg,Aman
Train_Set/Aman/Aman_08413.jpg,Aman
Train_Set/Aman/Aman_01753.jpg,Aman
Train_Set/Aman/Aman_08086.jpg,Aman
Train_Set/Rusak/Rusak_02673.jpg,Rusak
Train_Set/Rusak/Rusak_01662.jpg,Rusak
Train_Set/Aman/Aman_04530.jpg,Aman
Train_Set/Rusak/Rusak_00336.jpg,Rusak
Train_Set/Rusak/Rusak_00274.jpg,Rusak
Train_Set/Aman/Aman_08229.jpg,Aman
Train_Set/Aman/Aman_01389.jpg,Aman
Train_Set/Aman/Aman_06313.jpg,Aman
Train_Set/Aman/Aman_03399.jpg,Aman
Train_Set/Aman/Aman_01515.jpg,Aman
Train_Set/Aman/Aman_00512.jpg,Aman
Train_Set/Aman/Aman_04512.jpg,Aman
Train_Set/Aman/Aman_00894.jpg,Aman
Train_Set/Rusak/Rusak_02275.jpg,Rusak
Train_Set/Aman/Aman_01207.jpg,Aman
Train_Set/Aman/Aman_00061.jpg,Aman
Train_Set/Aman/Aman_06863.jpg,Aman
Train_Set/Aman/Aman_01076.jpg,Aman
Train_Set/Aman/Aman_07461.jpg,Aman
Train_Set/Aman/Aman_04683.jpg,Aman
Train_Set/Aman/Aman_03129.jpg,Aman
Train_Set/Aman/Aman_05992.jpg,Aman
Train_Set/Rusak/Rusak_02956.jpg,Rusak
Train_Set/Aman/Aman_04237.png,Aman
Train_Set/Aman/Aman_00917.jpg,Aman
Train_Set/Aman/Aman_00899.jpg,Aman
Train_Set/Aman/Aman_01187.jpg,Aman
Train_Set/Aman/Aman_04350.jpg,Aman
Train_Set/Rusak/Rusak_00189.jpg,Rusak
Train_Set/Rusak/Rusak_00820.jpg,Rusak
Train_Set/Aman/Aman_01559.jpg,Aman
Train_Set/Aman/Aman_01229.jpg,Aman
Train_Set/Rusak/Rusak_02006.jpg,Rusak
Train_Set/Aman/Aman_08303.jpg,Aman
Train_Set/Aman/Aman_08092.jpg,Aman
Train_Set/Aman/Aman_02568.jpg,Aman
Train_Set/Lainnya/Lainnya_00023.jpg,Lainnya
Train_Set/Aman/Aman_01364.jpg,Aman
Train_Set/Aman/Aman_08268.jpg,Aman
Train_Set/Rusak/Rusak_00140.jpg,Rusak
Train_Set/Aman/Aman_01744.jpg,Aman
Train_Set/Rusak/Rusak_00866.jpg,Rusak
Train_Set/Rusak/Rusak_00931.jpg,Rusak
Train_Set/Aman/Aman_04454.jpg,Aman
Train_Set/Aman/Aman_00542.jpg,Aman
Train_Set/Rusak/Rusak_01746.jpg,Rusak
Train_Set/Aman/Aman_02685.jpg,Aman
Train_Set/Aman/Aman_03084.jpg,Aman
Train_Set/Aman/Aman_04318.jpg,Aman
Train_Set/Aman/Aman_04920.jpg,Aman
Train_Set/Rusak/Rusak_02182.jpg,Rusak
Train_Set/Rusak/Rusak_00206.jpg,Rusak
Train_Set/Rusak/Rusak_01815.jpg,Rusak
Train_Set/Rusak/Rusak_02150.jpg,Rusak
Train_Set/Rusak/Rusak_02919.jpg,Rusak
Train_Set/Aman/Aman_03575.jpg,Aman
Train_Set/Rusak/Rusak_01113.jpg,Rusak
Train_Set/Aman/Aman_07880.jpg,Aman
Train_Set/Aman/Aman_01689.jpg,Aman
Train_Set/Aman/Aman_00153.jpg,Aman
Train_Set/Lainnya/Lainnya_00058.jpg,Lainnya
Train_Set/Aman/Aman_00490.jpg,Aman
Train_Set/Aman/Aman_05739.jpg,Aman
Train_Set/Aman/Aman_03961.jpg,Aman
Train_Set/Aman/Aman_08518.jpg,Aman
Train_Set/Lainnya/Lainnya_00185.jpg,Lainnya
Train_Set/Aman/Aman_02397.jpg,Aman
Train_Set/Lainnya/Lainnya_00184.jpg,Lainnya
Train_Set/Aman/Aman_04664.jpg,Aman
Train_Set/Lainnya/Lainnya_00066.jpg,Lainnya
Train_Set/Aman/Aman_08243.jpg,Aman
Train_Set/Rusak/Rusak_02062.jpg,Rusak
Train_Set/Aman/Aman_02810.jpg,Aman
Train_Set/Rusak/Rusak_00921.jpg,Rusak
Train_Set/Aman/Aman_03705.jpg,Aman
Train_Set/Rusak/Rusak_01890.jpg,Rusak
Train_Set/Aman/Aman_08456.jpg,Aman
Train_Set/Rusak/Rusak_01085.jpg,Rusak
Train_Set/Aman/Aman_01154.jpg,Aman
Train_Set/Aman/Aman_08082.jpg,Aman
Train_Set/Aman/Aman_06260.jpg,Aman
Train_Set/Aman/Aman_02439.jpg,Aman
Train_Set/Aman/Aman_03699.jpg,Aman
Train_Set/Aman/Aman_04437.jpg,Aman
Train_Set/Aman/Aman_01727.jpg,Aman
Train_Set/Aman/Aman_08187.jpg,Aman
Train_Set/Aman/Aman_01675.jpg,Aman
Train_Set/Lainnya/Lainnya_00276.jpg,Lainnya
Train_Set/Aman/Aman_08282.jpg,Aman
Train_Set/Aman/Aman_00284.jpg,Aman
Train_Set/Aman/Aman_01882.jpg,Aman
Train_Set/Aman/Aman_00972.jpg,Aman
Train_Set/Aman/Aman_05881.jpg,Aman
Train_Set/Rusak/Rusak_01024.jpg,Rusak
Train_Set/Aman/Aman_00329.jpg,Aman
Train_Set/Aman/Aman_07655.jpg,Aman
Train_Set/Aman/Aman_03092.jpg,Aman
Train_Set/Rusak/Rusak_01769.jpg,Rusak
Train_Set/Aman/Aman_07696.jpg,Aman
Train_Set/Aman/Aman_02785.jpg,Aman
Train_Set/Aman/Aman_05317.jpg,Aman
Train_Set/Aman/Aman_02844.jpg,Aman
Train_Set/Rusak/Rusak_00416.jpg,Rusak
Train_Set/Rusak/Rusak_01694.jpg,Rusak
Train_Set/Rusak/Rusak_02129.jpg,Rusak
Train_Set/Rusak/Rusak_01450.jpg,Rusak
Train_Set/Rusak/Rusak_02672.jpg,Rusak
Train_Set/Aman/Aman_00168.jpg,Aman
Train_Set/Rusak/Rusak_02454.jpg,Rusak
Train_Set/Aman/Aman_06395.jpg,Aman
Train_Set/Aman/Aman_01001.jpg,Aman
Train_Set/Aman/Aman_03886.jpg,Aman
Train_Set/Aman/Aman_03235.jpg,Aman
Train_Set/Aman/Aman_00325.jpg,Aman
Train_Set/Aman/Aman_07182.jpeg,Aman
Train_Set/Aman/Aman_02124.jpg,Aman
Train_Set/Rusak/Rusak_00039.jpg,Rusak
Train_Set/Aman/Aman_01316.jpg,Aman
Train_Set/Aman/Aman_01463.jpg,Aman
Train_Set/Aman/Aman_08556.jpg,Aman
Train_Set/Aman/Aman_02916.jpg,Aman
Train_Set/Rusak/Rusak_00465.jpg,Rusak
Train_Set/Aman/Aman_01502.jpg,Aman
Train_Set/Aman/Aman_02973.jpg,Aman
Train_Set/Rusak/Rusak_02397.jpg,Rusak
Train_Set/Rusak/Rusak_02308.jpg,Rusak
Train_Set/Aman/Aman_08364.jpg,Aman
Train_Set/Aman/Aman_01071.jpg,Aman
Train_Set/Aman/Aman_06045.jpg,Aman
Train_Set/Aman/Aman_01451.jpg,Aman
Train_Set/Aman/Aman_08146.jpg,Aman
Train_Set/Aman/Aman_04297.jpg,Aman
Train_Set/Aman/Aman_08069.jpg,Aman
Train_Set/Aman/Aman_01446.jpg,Aman
Train_Set/Aman/Aman_02005.jpg,Aman
Train_Set/Aman/Aman_03643.jpg,Aman
Train_Set/Aman/Aman_07134.jpg,Aman
Train_Set/Aman/Aman_03497.jpg,Aman
Train_Set/Aman/Aman_07202.jpeg,Aman
Train_Set/Rusak/Rusak_00733.jpg,Rusak
Train_Set/Aman/Aman_01035.jpg,Aman
Train_Set/Rusak/Rusak_02028.jpg,Rusak
Train_Set/Aman/Aman_01610.jpg,Aman
Train_Set/Lainnya/Lainnya_00086.jpg,Lainnya
Train_Set/Rusak/Rusak_01587.jpg,Rusak
Train_Set/Aman/Aman_00288.jpg,Aman
Train_Set/Rusak/Rusak_00728.jpg,Rusak
Train_Set/Aman/Aman_03498.jpg,Aman
Train_Set/Rusak/Rusak_00692.jpg,Rusak
Train_Set/Aman/Aman_08398.jpg,Aman
Train_Set/Aman/Aman_07511.jpg,Aman
Train_Set/Aman/Aman_06268.jpg,Aman
Train_Set/Aman/Aman_05710.jpg,Aman
Train_Set/Aman/Aman_05994.png,Aman
Train_Set/Aman/Aman_01555.jpg,Aman
Train_Set/Aman/Aman_08558.jpg,Aman
Train_Set/Aman/Aman_07324.jpg,Aman
Train_Set/Aman/Aman_07302.jpg,Aman
Train_Set/Rusak/Rusak_01303.jpg,Rusak
Train_Set/Rusak/Rusak_01615.jpg,Rusak
Train_Set/Aman/Aman_00614.jpg,Aman
Train_Set/Aman/Aman_05449.jpg,Aman
Train_Set/Lainnya/Lainnya_00381.jpg,Lainnya
Train_Set/Rusak/Rusak_02944.jpg,Rusak
Train_Set/Aman/Aman_05937.jpg,Aman
Train_Set/Aman/Aman_06549.jpg,Aman
Train_Set/Rusak/Rusak_00240.jpg,Rusak
Train_Set/Aman/Aman_01166.jpg,Aman
Train_Set/Rusak/Rusak_01648.jpg,Rusak
Train_Set/Aman/Aman_08355.jpg,Aman
Train_Set/Aman/Aman_00989.jpg,Aman
Train_Set/Rusak/Rusak_01409.jpg,Rusak
Train_Set/Aman/Aman_01326.jpg,Aman
Train_Set/Aman/Aman_06478.jpg,Aman
Train_Set/Aman/Aman_08058.jpg,Aman
Train_Set/Aman/Aman_00680.jpg,Aman
Train_Set/Aman/Aman_00164.jpg,Aman
Train_Set/Rusak/Rusak_00388.jpg,Rusak
Train_Set/Aman/Aman_08412.jpg,Aman
Train_Set/Rusak/Rusak_02173.jpg,Rusak
Train_Set/Rusak/Rusak_00678.jpg,Rusak
Train_Set/Aman/Aman_00559.jpg,Aman
Train_Set/Rusak/Rusak_01209.jpg,Rusak
Train_Set/Rusak/Rusak_02543.jpg,Rusak
Train_Set/Rusak/Rusak_00634.jpg,Rusak
Train_Set/Rusak/Rusak_00851.jpg,Rusak
Train_Set/Aman/Aman_05842.jpg,Aman
Train_Set/Rusak/Rusak_01389.jpg,Rusak
Train_Set/Aman/Aman_01593.jpg,Aman
Train_Set/Aman/Aman_03510.jpg,Aman
Train_Set/Aman/Aman_07199.jpeg,Aman
Train_Set/Aman/Aman_08318.jpg,Aman
Train_Set/Aman/Aman_01400.jpg,Aman
Train_Set/Aman/Aman_06654.jpg,Aman
Train_Set/Aman/Aman_01360.jpg,Aman
Train_Set/Aman/Aman_05041.jpg,Aman
Train_Set/Rusak/Rusak_00533.jpg,Rusak
Train_Set/Aman/Aman_01624.jpg,Aman
Train_Set/Aman/Aman_05497.jpg,Aman
Train_Set/Aman/Aman_00870.jpg,Aman
Train_Set/Rusak/Rusak_01118.jpg,Rusak
Train_Set/Rusak/Rusak_01415.jpg,Rusak
Train_Set/Rusak/Rusak_02443.jpg,Rusak
Train_Set/Aman/Aman_08194.jpg,Aman
Train_Set/Aman/Aman_04980.jpg,Aman
Train_Set/Aman/Aman_05359.jpg,Aman
Train_Set/Rusak/Rusak_02631.jpg,Rusak
Train_Set/Aman/Aman_07398.jpg,Aman
Train_Set/Aman/Aman_08026.jpg,Aman
Train_Set/Aman/Aman_01718.jpg,Aman
Train_Set/Aman/Aman_03003.jpg,Aman
Train_Set/Rusak/Rusak_00273.jpg,Rusak
Train_Set/Lainnya/Lainnya_00412.jpg,Lainnya
Train_Set/Aman/Aman_02200.jpg,Aman
Train_Set/Aman/Aman_06004.jpg,Aman
Train_Set/Aman/Aman_02983.jpg,Aman
Train_Set/Aman/Aman_07856.jpg,Aman
Train_Set/Rusak/Rusak_01334.jpg,Rusak
Train_Set/Lainnya/Lainnya_00126.jpg,Lainnya
Train_Set/Rusak/Rusak_02266.jpg,Rusak
Train_Set/Aman/Aman_01306.jpg,Aman
Train_Set/Aman/Aman_05139.jpg,Aman
Train_Set/Lainnya/Lainnya_00288.jpg,Lainnya
Train_Set/Aman/Aman_03461.jpg,Aman
Train_Set/Aman/Aman_04880.jpg,Aman
Train_Set/Aman/Aman_02160.jpg,Aman
Train_Set/Aman/Aman_03228.jpg,Aman
Train_Set/Aman/Aman_04580.jpg,Aman
Train_Set/Aman/Aman_03077.jpg,Aman
Train_Set/Aman/Aman_03690.jpg,Aman
Train_Set/Aman/Aman_06836.jpg,Aman
Train_Set/Aman/Aman_03840.jpg,Aman
Train_Set/Rusak/Rusak_01084.jpg,Rusak
Train_Set/Aman/Aman_05674.jpg,Aman
Train_Set/Aman/Aman_05142.jpg,Aman
Train_Set/Aman/Aman_02949.jpg,Aman
Train_Set/Aman/Aman_00370.jpg,Aman
Train_Set/Aman/Aman_00421.jpg,Aman
Train_Set/Lainnya/Lainnya_00138.jpg,Lainnya
Train_Set/Aman/Aman_00543.jpg,Aman
Train_Set/Aman/Aman_02395.jpg,Aman
Train_Set/Aman/Aman_00314.jpg,Aman
Train_Set/Aman/Aman_08417.jpg,Aman
Train_Set/Aman/Aman_01707.jpg,Aman
Train_Set/Aman/Aman_06963.jpg,Aman
Train_Set/Rusak/Rusak_02412.jpg,Rusak
Train_Set/Aman/Aman_02190.jpg,Aman
Train_Set/Aman/Aman_05154.jpg,Aman
Train_Set/Rusak/Rusak_02681.jpg,Rusak
Train_Set/Aman/Aman_03436.jpg,Aman
Train_Set/Rusak/Rusak_00131.jpg,Rusak
Train_Set/Rusak/Rusak_01998.jpg,Rusak
Train_Set/Aman/Aman_04308.jpg,Aman
Train_Set/Rusak/Rusak_00933.jpg,Rusak
Train_Set/Aman/Aman_03923.jpg,Aman
Train_Set/Aman/Aman_08688.jpg,Aman
Train_Set/Aman/Aman_01660.jpg,Aman
Train_Set/Rusak/Rusak_00681.jpg,Rusak
Train_Set/Rusak/Rusak_01683.jpg,Rusak
Train_Set/Aman/Aman_06174.jpg,Aman
Train_Set/Aman/Aman_00644.jpg,Aman
Train_Set/Aman/Aman_08563.jpg,Aman
Train_Set/Aman/Aman_01871.jpg,Aman
Train_Set/Aman/Aman_01317.jpg,Aman
Train_Set/Aman/Aman_06760.jpg,Aman
Train_Set/Aman/Aman_07437.jpg,Aman
Train_Set/Aman/Aman_05296.jpg,Aman
Train_Set/Aman/Aman_03022.jpg,Aman
Train_Set/Aman/Aman_06451.jpg,Aman
Train_Set/Rusak/Rusak_00031.jpg,Rusak
Train_Set/Aman/Aman_00427.jpg,Aman
Train_Set/Aman/Aman_04299.jpg,Aman
Train_Set/Aman/Aman_07822.jpg,Aman
Train_Set/Aman/Aman_02332.jpg,Aman
Train_Set/Aman/Aman_05190.jpg,Aman
Train_Set/Rusak/Rusak_00682.jpg,Rusak
Train_Set/Aman/Aman_06659.jpg,Aman
Train_Set/Aman/Aman_01897.jpg,Aman
Train_Set/Aman/Aman_04856.jpg,Aman
Train_Set/Rusak/Rusak_01131.jpg,Rusak
Train_Set/Aman/Aman_05234.jpg,Aman
Train_Set/Aman/Aman_00075.jpg,Aman
Train_Set/Aman/Aman_00057.jpg,Aman
Train_Set/Aman/Aman_07568.jpg,Aman
Train_Set/Rusak/Rusak_00268.jpg,Rusak
Train_Set/Rusak/Rusak_01738.jpg,Rusak
Train_Set/Aman/Aman_08525.jpg,Aman
Train_Set/Aman/Aman_07608.jpg,Aman
Train_Set/Aman/Aman_00185.jpg,Aman
Train_Set/Rusak/Rusak_02898.jpg,Rusak
Train_Set/Aman/Aman_07687.jpg,Aman
Train_Set/Aman/Aman_05731.jpg,Aman
Train_Set/Aman/Aman_06633.jpg,Aman
Train_Set/Aman/Aman_04629.jpg,Aman
Train_Set/Aman/Aman_05163.jpg,Aman
Train_Set/Aman/Aman_02674.jpg,Aman
Train_Set/Aman/Aman_02356.jpg,Aman
Train_Set/Aman/Aman_05132.jpg,Aman
Train_Set/Rusak/Rusak_02004.jpg,Rusak
Train_Set/Aman/Aman_08200.jpg,Aman
Train_Set/Aman/Aman_00994.jpg,Aman
Train_Set/Aman/Aman_02060.jpg,Aman
Train_Set/Rusak/Rusak_00859.jpg,Rusak
Train_Set/Aman/Aman_04346.png,Aman
Train_Set/Rusak/Rusak_02349.jpg,Rusak
Train_Set/Rusak/Rusak_01659.jpg,Rusak
Train_Set/Aman/Aman_06034.jpg,Aman
Train_Set/Aman/Aman_05907.jpg,Aman
Train_Set/Rusak/Rusak_02850.jpg,Rusak
Train_Set/Rusak/Rusak_01128.jpg,Rusak
Train_Set/Aman/Aman_03182.jpg,Aman
Train_Set/Aman/Aman_03244.jpg,Aman
Train_Set/Rusak/Rusak_00150.jpg,Rusak
Train_Set/Aman/Aman_03353.jpg,Aman
Train_Set/Rusak/Rusak_00341.jpg,Rusak
Train_Set/Aman/Aman_08009.jpg,Aman
Train_Set/Rusak/Rusak_00265.jpg,Rusak
Train_Set/Aman/Aman_02693.jpg,Aman
Train_Set/Aman/Aman_08306.jpg,Aman
Train_Set/Aman/Aman_06244.jpg,Aman
Train_Set/Lainnya/Lainnya_00215.jpg,Lainnya
Train_Set/Aman/Aman_03322.jpg,Aman
Train_Set/Aman/Aman_04462.jpg,Aman
Train_Set/Aman/Aman_03345.jpg,Aman
Train_Set/Aman/Aman_03300.jpg,Aman
Train_Set/Aman/Aman_02984.jpg,Aman
Train_Set/Aman/Aman_03343.jpg,Aman
Train_Set/Rusak/Rusak_02720.jpg,Rusak
Train_Set/Aman/Aman_02179.jpg,Aman
Train_Set/Aman/Aman_03098.jpg,Aman
Train_Set/Aman/Aman_06251.jpg,Aman
Train_Set/Aman/Aman_02684.jpg,Aman
Train_Set/Aman/Aman_05179.jpeg,Aman
Train_Set/Rusak/Rusak_01560.jpg,Rusak
Train_Set/Aman/Aman_08171.jpg,Aman
Train_Set/Rusak/Rusak_00782.jpg,Rusak
Train_Set/Aman/Aman_04725.jpg,Aman
Train_Set/Aman/Aman_04060.jpg,Aman
Train_Set/Aman/Aman_00033.jpg,Aman
Train_Set/Aman/Aman_03784.jpg,Aman
Train_Set/Aman/Aman_02638.jpg,Aman
Train_Set/Aman/Aman_00093.jpg,Aman
Train_Set/Rusak/Rusak_01729.jpg,Rusak
Train_Set/Rusak/Rusak_00504.jpg,Rusak
Train_Set/Rusak/Rusak_02806.jpg,Rusak
Train_Set/Aman/Aman_05488.jpg,Aman
Train_Set/Rusak/Rusak_01612.jpg,Rusak
Train_Set/Aman/Aman_03594.jpg,Aman
Train_Set/Aman/Aman_03448.jpg,Aman
Train_Set/Aman/Aman_04857.jpg,Aman
Train_Set/Aman/Aman_05024.jpg,Aman
Train_Set/Aman/Aman_01608.jpg,Aman
Train_Set/Aman/Aman_01411.jpg,Aman
Train_Set/Aman/Aman_03406.jpg,Aman
Train_Set/Aman/Aman_00456.jpg,Aman
Train_Set/Aman/Aman_00438.jpg,Aman
Train_Set/Rusak/Rusak_01712.jpg,Rusak
Train_Set/Aman/Aman_00411.jpg,Aman
Train_Set/Aman/Aman_06501.jpg,Aman
Train_Set/Aman/Aman_04575.jpg,Aman
Train_Set/Aman/Aman_05981.jpg,Aman
Train_Set/Aman/Aman_05656.jpg,Aman
Train_Set/Aman/Aman_00098.jpg,Aman
Train_Set/Aman/Aman_07293.jpg,Aman
Train_Set/Aman/Aman_05500.jpg,Aman
Train_Set/Rusak/Rusak_00195.jpg,Rusak
Train_Set/Rusak/Rusak_00237.jpg,Rusak
Train_Set/Rusak/Rusak_00323.jpg,Rusak
Train_Set/Aman/Aman_01916.jpg,Aman
Train_Set/Aman/Aman_03554.jpg,Aman
Train_Set/Aman/Aman_00892.jpg,Aman
Train_Set/Aman/Aman_06890.jpg,Aman
Train_Set/Rusak/Rusak_02612.jpg,Rusak
Train_Set/Rusak/Rusak_00725.jpg,Rusak
Train_Set/Rusak/Rusak_00081.jpg,Rusak
Train_Set/Aman/Aman_04432.jpg,Aman
Train_Set/Aman/Aman_01508.jpg,Aman
Train_Set/Aman/Aman_02222.jpg,Aman
Train_Set/Aman/Aman_03214.jpg,Aman
Train_Set/Aman/Aman_01445.jpg,Aman
Train_Set/Aman/Aman_08415.jpg,Aman
Train_Set/Aman/Aman_04514.jpg,Aman
Train_Set/Aman/Aman_01043.jpg,Aman
Train_Set/Aman/Aman_05136.jpg,Aman
Train_Set/Aman/Aman_08384.jpg,Aman
Train_Set/Aman/Aman_02418.jpg,Aman
Train_Set/Lainnya/Lainnya_00074.jpg,Lainnya
Train_Set/Aman/Aman_01265.jpg,Aman
Train_Set/Lainnya/Lainnya_00219.jpg,Lainnya
Train_Set/Rusak/Rusak_02749.jpg,Rusak
Train_Set/Aman/Aman_07552.jpg,Aman
Train_Set/Aman/Aman_01781.jpg,Aman
Train_Set/Aman/Aman_03384.jpg,Aman
Train_Set/Rusak/Rusak_02693.jpg,Rusak
Train_Set/Aman/Aman_06305.jpg,Aman
Train_Set/Rusak/Rusak_00606.jpg,Rusak
Train_Set/Aman/Aman_03761.jpg,Aman
Train_Set/Aman/Aman_05453.jpg,Aman
Train_Set/Rusak/Rusak_02407.jpg,Rusak
Train_Set/Aman/Aman_06528.jpg,Aman
Train_Set/Aman/Aman_03381.jpg,Aman
Train_Set/Aman/Aman_01972.jpg,Aman
Train_Set/Rusak/Rusak_01761.jpg,Rusak
Train_Set/Aman/Aman_07479.jpg,Aman
Train_Set/Rusak/Rusak_01398.jpg,Rusak
Train_Set/Rusak/Rusak_02371.jpg,Rusak
Train_Set/Aman/Aman_07700.jpg,Aman
Train_Set/Aman/Aman_06655.jpg,Aman
Train_Set/Aman/Aman_06186.jpg,Aman
Train_Set/Aman/Aman_00319.jpg,Aman
Train_Set/Rusak/Rusak_01780.jpg,Rusak
Train_Set/Aman/Aman_04173.jpg,Aman
Train_Set/Lainnya/Lainnya_00416.jpg,Lainnya
Train_Set/Aman/Aman_07834.jpg,Aman
Train_Set/Aman/Aman_03766.jpg,Aman
Train_Set/Aman/Aman_01294.jpg,Aman
Train_Set/Rusak/Rusak_02190.jpg,Rusak
Train_Set/Aman/Aman_07111.jpg,Aman
Train_Set/Aman/Aman_06822.jpg,Aman
Train_Set/Rusak/Rusak_01359.jpg,Rusak
Train_Set/Lainnya/Lainnya_00014.jpg,Lainnya
Train_Set/Rusak/Rusak_01874.jpg,Rusak
Train_Set/Rusak/Rusak_01979.jpg,Rusak
Train_Set/Aman/Aman_03075.jpg,Aman
Train_Set/Aman/Aman_01040.jpg,Aman
Train_Set/Aman/Aman_00821.jpg,Aman
Train_Set/Aman/Aman_07721.jpg,Aman
Train_Set/Rusak/Rusak_00591.jpg,Rusak
Train_Set/Aman/Aman_05741.jpg,Aman
Train_Set/Aman/Aman_06611.jpg,Aman
Train_Set/Rusak/Rusak_00496.jpg,Rusak
Train_Set/Aman/Aman_04666.jpg,Aman
Train_Set/Rusak/Rusak_01199.jpg,Rusak
Train_Set/Aman/Aman_02860.jpg,Aman
Train_Set/Aman/Aman_02531.jpg,Aman
Train_Set/Rusak/Rusak_01924.jpg,Rusak
Train_Set/Aman/Aman_00027.jpg,Aman
Train_Set/Rusak/Rusak_01626.jpg,Rusak
Train_Set/Aman/Aman_04303.jpg,Aman
Train_Set/Rusak/Rusak_02881.jpg,Rusak
Train_Set/Aman/Aman_01465.jpg,Aman
Train_Set/Aman/Aman_00224.jpg,Aman
Train_Set/Rusak/Rusak_01820.jpg,Rusak
Train_Set/Rusak/Rusak_02899.jpg,Rusak
Train_Set/Aman/Aman_04776.jpg,Aman
Train_Set/Aman/Aman_07218.jpg,Aman
Train_Set/Rusak/Rusak_00663.jpg,Rusak
Train_Set/Aman/Aman_04734.jpg,Aman
Train_Set/Aman/Aman_03357.jpg,Aman
Train_Set/Aman/Aman_08475.jpg,Aman
Train_Set/Rusak/Rusak_02180.jpg,Rusak
Train_Set/Aman/Aman_01671.jpg,Aman
Train_Set/Aman/Aman_07486.jpg,Aman
Train_Set/Aman/Aman_00079.jpg,Aman
Train_Set/Rusak/Rusak_01719.jpg,Rusak
Train_Set/Aman/Aman_04117.jpg,Aman
Train_Set/Rusak/Rusak_00063.jpg,Rusak
Train_Set/Aman/Aman_06747.jpg,Aman
Train_Set/Aman/Aman_03631.jpg,Aman
Train_Set/Aman/Aman_08694.jpg,Aman
Train_Set/Rusak/Rusak_01035.jpg,Rusak
Train_Set/Aman/Aman_07853.jpg,Aman
Train_Set/Aman/Aman_00733.jpg,Aman
Train_Set/Aman/Aman_04288.jpg,Aman
Train_Set/Aman/Aman_04406.jpg,Aman
Train_Set/Aman/Aman_07337.jpg,Aman
Train_Set/Aman/Aman_02110.jpg,Aman
Train_Set/Aman/Aman_07379.jpg,Aman
Train_Set/Aman/Aman_03832.jpg,Aman
Train_Set/Rusak/Rusak_01251.jpg,Rusak
Train_Set/Aman/Aman_07907.jpg,Aman
Train_Set/Rusak/Rusak_00470.jpg,Rusak
Train_Set/Aman/Aman_06696.jpg,Aman
Train_Set/Aman/Aman_00278.jpg,Aman
Train_Set/Aman/Aman_07332.jpg,Aman
Train_Set/Rusak/Rusak_02779.jpg,Rusak
Train_Set/Aman/Aman_07366.jpg,Aman
Train_Set/Aman/Aman_07397.jpg,Aman
Train_Set/Aman/Aman_05736.jpg,Aman
Train_Set/Aman/Aman_06385.jpg,Aman
Train_Set/Rusak/Rusak_01410.jpg,Rusak
Train_Set/Aman/Aman_07185.jpeg,Aman
Train_Set/Aman/Aman_05861.jpg,Aman
Train_Set/Aman/Aman_02315.jpg,Aman
Train_Set/Aman/Aman_07686.jpg,Aman
Train_Set/Aman/Aman_08191.jpg,Aman
Train_Set/Rusak/Rusak_00521.jpg,Rusak
Train_Set/Aman/Aman_04194.jpg,Aman
Train_Set/Rusak/Rusak_01101.jpg,Rusak
Train_Set/Aman/Aman_08742.jpg,Aman
Train_Set/Aman/Aman_01036.jpg,Aman
Train_Set/Rusak/Rusak_02632.jpg,Rusak
Train_Set/Aman/Aman_01184.jpg,Aman
Train_Set/Aman/Aman_05583.jpg,Aman
Train_Set/Lainnya/Lainnya_00311.jpg,Lainnya
Train_Set/Aman/Aman_03034.jpg,Aman
Train_Set/Rusak/Rusak_02098.jpg,Rusak
Train_Set/Rusak/Rusak_01280.jpg,Rusak
Train_Set/Rusak/Rusak_00862.jpg,Rusak
Train_Set/Aman/Aman_01598.jpg,Aman
Train_Set/Aman/Aman_01790.jpg,Aman
Train_Set/Aman/Aman_00692.jpg,Aman
Train_Set/Aman/Aman_03608.jpg,Aman
Train_Set/Rusak/Rusak_01367.jpg,Rusak
Train_Set/Aman/Aman_07472.jpg,Aman
Train_Set/Aman/Aman_06596.jpg,Aman
Train_Set/Aman/Aman_01552.jpg,Aman
Train_Set/Aman/Aman_03835.jpg,Aman
Train_Set/Aman/Aman_04450.jpg,Aman
Train_Set/Rusak/Rusak_00483.jpg,Rusak
Train_Set/Aman/Aman_00834.jpg,Aman
Train_Set/Aman/Aman_02633.jpg,Aman
Train_Set/Rusak/Rusak_01832.jpg,Rusak
Train_Set/Aman/Aman_06175.jpg,Aman
Train_Set/Aman/Aman_07200.jpeg,Aman
Train_Set/Aman/Aman_07070.jpg,Aman
Train_Set/Aman/Aman_03956.jpg,Aman
Train_Set/Rusak/Rusak_02095.jpg,Rusak
Train_Set/Aman/Aman_01094.jpg,Aman
Train_Set/Rusak/Rusak_01285.jpg,Rusak
Train_Set/Lainnya/Lainnya_00366.jpg,Lainnya
Train_Set/Rusak/Rusak_02357.jpg,Rusak
Train_Set/Aman/Aman_04747.jpg,Aman
Train_Set/Rusak/Rusak_00927.jpg,Rusak
Train_Set/Aman/Aman_03048.jpg,Aman
Train_Set/Aman/Aman_05414.jpg,Aman
Train_Set/Rusak/Rusak_02499.jpg,Rusak
Train_Set/Aman/Aman_05630.jpg,Aman
Train_Set/Aman/Aman_07121.jpg,Aman
Train_Set/Rusak/Rusak_02022.jpg,Rusak
Train_Set/Aman/Aman_06390.jpg,Aman
Train_Set/Aman/Aman_06428.jpg,Aman
Train_Set/Aman/Aman_04210.jpg,Aman
Train_Set/Aman/Aman_07711.jpg,Aman
Train_Set/Aman/Aman_00516.jpg,Aman
Train_Set/Aman/Aman_07985.jpg,Aman
Train_Set/Aman/Aman_05408.jpg,Aman
Train_Set/Aman/Aman_05771.jpg,Aman
Train_Set/Aman/Aman_04264.jpg,Aman
Train_Set/Rusak/Rusak_00699.jpg,Rusak
Train_Set/Aman/Aman_02045.jpg,Aman
Train_Set/Aman/Aman_02299.jpg,Aman
Train_Set/Aman/Aman_01435.jpg,Aman
Train_Set/Aman/Aman_04711.jpg,Aman
Train_Set/Aman/Aman_03256.jpg,Aman
Train_Set/Aman/Aman_00272.jpg,Aman
Train_Set/Aman/Aman_02985.jpg,Aman
Train_Set/Aman/Aman_06035.jpg,Aman
Train_Set/Aman/Aman_03890.jpg,Aman
Train_Set/Aman/Aman_08479.jpg,Aman
Train_Set/Aman/Aman_00603.jpg,Aman
Train_Set/Aman/Aman_04435.jpg,Aman
Train_Set/Aman/Aman_07483.jpg,Aman
Train_Set/Aman/Aman_08188.jpg,Aman
Train_Set/Rusak/Rusak_01111.jpg,Rusak
Train_Set/Rusak/Rusak_00856.jpg,Rusak
Train_Set/Aman/Aman_02164.jpg,Aman
Train_Set/Rusak/Rusak_00765.jpg,Rusak
Train_Set/Lainnya/Lainnya_00318.jpg,Lainnya
Train_Set/Aman/Aman_07378.jpg,Aman
Train_Set/Rusak/Rusak_01631.jpg,Rusak
Train_Set/Rusak/Rusak_01619.jpg,Rusak
Train_Set/Aman/Aman_02114.jpg,Aman
Train_Set/Aman/Aman_01136.jpg,Aman
Train_Set/Aman/Aman_04957.jpg,Aman
Train_Set/Rusak/Rusak_02107.jpg,Rusak
Train_Set/Aman/Aman_08350.jpg,Aman
Train_Set/Aman/Aman_08246.jpg,Aman
Train_Set/Aman/Aman_03271.jpg,Aman
Train_Set/Aman/Aman_03620.jpg,Aman
Train_Set/Lainnya/Lainnya_00327.jpg,Lainnya
Train_Set/Aman/Aman_08551.jpg,Aman
Train_Set/Aman/Aman_03782.jpg,Aman
Train_Set/Aman/Aman_05436.jpg,Aman
Train_Set/Aman/Aman_06985.jpg,Aman
Train_Set/Aman/Aman_02008.jpg,Aman
Train_Set/Aman/Aman_08183.jpg,Aman
Train_Set/Aman/Aman_07033.jpg,Aman
Train_Set/Aman/Aman_00417.jpg,Aman
Train_Set/Aman/Aman_07262.jpg,Aman
Train_Set/Aman/Aman_03638.jpg,Aman
Train_Set/Aman/Aman_01763.jpg,Aman
Train_Set/Aman/Aman_07802.jpg,Aman
Train_Set/Aman/Aman_00003.jpg,Aman
Train_Set/Rusak/Rusak_02267.jpg,Rusak
Train_Set/Aman/Aman_05060.jpg,Aman
Train_Set/Rusak/Rusak_00898.jpg,Rusak
Train_Set/Aman/Aman_02035.jpg,Aman
Train_Set/Aman/Aman_01812.jpg,Aman
Train_Set/Aman/Aman_04906.jpg,Aman
Train_Set/Aman/Aman_05878.jpg,Aman
Train_Set/Aman/Aman_08214.jpg,Aman
Train_Set/Aman/Aman_00471.jpg,Aman
Train_Set/Aman/Aman_03719.jpg,Aman
Train_Set/Rusak/Rusak_01606.jpg,Rusak
Train_Set/Aman/Aman_04223.png,Aman
Train_Set/Aman/Aman_01639.jpg,Aman
Train_Set/Aman/Aman_05492.jpg,Aman
Train_Set/Rusak/Rusak_00809.jpg,Rusak
Train_Set/Aman/Aman_05258.jpg,Aman
Train_Set/Aman/Aman_00090.jpg,Aman
Train_Set/Aman/Aman_00817.jpg,Aman
Train_Set/Rusak/Rusak_00652.jpg,Rusak
Train_Set/Rusak/Rusak_01158.jpg,Rusak
Train_Set/Aman/Aman_05605.jpg,Aman
Train_Set/Aman/Aman_08258.jpg,Aman
Train_Set/Aman/Aman_00310.jpg,Aman
Train_Set/Aman/Aman_05832.jpg,Aman
Train_Set/Aman/Aman_01961.jpg,Aman
Train_Set/Aman/Aman_00617.jpg,Aman
Train_Set/Aman/Aman_08148.jpg,Aman
Train_Set/Aman/Aman_06921.jpg,Aman
Train_Set/Aman/Aman_08224.jpg,Aman
Train_Set/Aman/Aman_01979.jpg,Aman
Train_Set/Aman/Aman_01336.jpg,Aman
Train_Set/Aman/Aman_06283.jpg,Aman
Train_Set/Rusak/Rusak_01960.jpg,Rusak
Train_Set/Rusak/Rusak_02242.jpg,Rusak
Train_Set/Rusak/Rusak_01858.jpg,Rusak
Train_Set/Aman/Aman_07793.jpg,Aman
Train_Set/Aman/Aman_07920.jpg,Aman
Train_Set/Aman/Aman_08249.jpg,Aman
Train_Set/Rusak/Rusak_02141.jpg,Rusak
Train_Set/Aman/Aman_02471.jpg,Aman
Train_Set/Aman/Aman_06673.jpg,Aman
Train_Set/Aman/Aman_07610.jpg,Aman
Train_Set/Aman/Aman_00012.jpg,Aman
Train_Set/Aman/Aman_00429.jpg,Aman
Train_Set/Rusak/Rusak_00985.jpg,Rusak
Train_Set/Aman/Aman_07767.jpg,Aman
Train_Set/Aman/Aman_03180.jpg,Aman
Train_Set/Rusak/Rusak_01001.jpg,Rusak
Train_Set/Rusak/Rusak_02805.jpg,Rusak
Train_Set/Aman/Aman_00244.jpg,Aman
Train_Set/Rusak/Rusak_00212.jpg,Rusak
Train_Set/Aman/Aman_03152.jpg,Aman
Train_Set/Aman/Aman_01499.jpg,Aman
Train_Set/Rusak/Rusak_00107.jpg,Rusak
Train_Set/Aman/Aman_02930.jpg,Aman
Train_Set/Aman/Aman_04511.jpg,Aman
Train_Set/Aman/Aman_06729.jpg,Aman
Train_Set/Rusak/Rusak_01174.jpg,Rusak
Train_Set/Aman/Aman_07408.jpg,Aman
Train_Set/Rusak/Rusak_00896.jpg,Rusak
Train_Set/Rusak/Rusak_00410.jpg,Rusak
Train_Set/Rusak/Rusak_00347.jpg,Rusak
Train_Set/Rusak/Rusak_01957.jpg,Rusak
Train_Set/Rusak/Rusak_00683.jpg,Rusak
Train_Set/Aman/Aman_02707.jpg,Aman
Train_Set/Aman/Aman_08541.jpg,Aman
Train_Set/Rusak/Rusak_02761.jpg,Rusak
Train_Set/Rusak/Rusak_02643.jpg,Rusak
Train_Set/Aman/Aman_03413.jpg,Aman
Train_Set/Rusak/Rusak_00087.jpg,Rusak
Train_Set/Aman/Aman_08654.jpg,Aman
Train_Set/Aman/Aman_00432.jpg,Aman
Train_Set/Aman/Aman_06571.jpg,Aman
Train_Set/Aman/Aman_00811.jpg,Aman
Train_Set/Rusak/Rusak_01284.jpg,Rusak
Train_Set/Aman/Aman_08057.jpg,Aman
Train_Set/Rusak/Rusak_02877.jpg,Rusak
Train_Set/Aman/Aman_03124.jpg,Aman
Train_Set/Aman/Aman_00247.jpg,Aman
Train_Set/Aman/Aman_02781.jpg,Aman
Train_Set/Rusak/Rusak_02431.jpg,Rusak
Train_Set/Aman/Aman_04966.jpg,Aman
Train_Set/Aman/Aman_07766.jpg,Aman
Train_Set/Rusak/Rusak_01261.jpg,Rusak
Train_Set/Rusak/Rusak_01203.jpg,Rusak
Train_Set/Aman/Aman_03665.jpg,Aman
Train_Set/Rusak/Rusak_00936.jpg,Rusak
Train_Set/Aman/Aman_04921.jpg,Aman
Train_Set/Aman/Aman_01783.jpg,Aman
Train_Set/Rusak/Rusak_01782.jpg,Rusak
Train_Set/Aman/Aman_07765.jpg,Aman
Train_Set/Aman/Aman_07761.jpg,Aman
Train_Set/Aman/Aman_05778.jpg,Aman
Train_Set/Aman/Aman_08581.jpg,Aman
Train_Set/Rusak/Rusak_00529.jpg,Rusak
Train_Set/Rusak/Rusak_01237.jpg,Rusak
Train_Set/Aman/Aman_00835.jpg,Aman
Train_Set/Aman/Aman_01809.jpg,Aman
Train_Set/Lainnya/Lainnya_00221.jpg,Lainnya
Train_Set/Aman/Aman_03716.jpg,Aman
Train_Set/Aman/Aman_02085.jpg,Aman
Train_Set/Aman/Aman_02817.jpg,Aman
Train_Set/Aman/Aman_01666.jpg,Aman
Train_Set/Rusak/Rusak_01574.jpg,Rusak
Train_Set/Aman/Aman_01147.jpg,Aman
Train_Set/Aman/Aman_01352.jpg,Aman
Train_Set/Aman/Aman_08162.jpg,Aman
Train_Set/Aman/Aman_04905.jpg,Aman
Train_Set/Lainnya/Lainnya_00244.jpg,Lainnya
Train_Set/Aman/Aman_06408.jpg,Aman
Train_Set/Aman/Aman_01630.jpg,Aman
Train_Set/Aman/Aman_07299.jpg,Aman
Train_Set/Aman/Aman_02431.jpg,Aman
Train_Set/Aman/Aman_00381.jpg,Aman
Train_Set/Aman/Aman_00533.jpg,Aman
Train_Set/Aman/Aman_07895.jpg,Aman
Train_Set/Rusak/Rusak_01802.jpg,Rusak
Train_Set/Aman/Aman_07204.jpeg,Aman
Train_Set/Aman/Aman_03686.jpg,Aman
Train_Set/Aman/Aman_01784.jpg,Aman
Train_Set/Aman/Aman_06578.jpg,Aman
Train_Set/Aman/Aman_07007.jpg,Aman
Train_Set/Aman/Aman_08744.jpg,Aman
Train_Set/Aman/Aman_08775.jpg,Aman
Train_Set/Aman/Aman_00641.jpg,Aman
Train_Set/Aman/Aman_02276.jpg,Aman
Train_Set/Rusak/Rusak_01407.jpg,Rusak
Train_Set/Aman/Aman_07452.jpg,Aman
Train_Set/Aman/Aman_05397.jpg,Aman
Train_Set/Rusak/Rusak_02570.jpg,Rusak
Train_Set/Aman/Aman_08566.jpg,Aman
Train_Set/Aman/Aman_05970.jpg,Aman
Train_Set/Aman/Aman_03732.jpg,Aman
Train_Set/Aman/Aman_00196.jpg,Aman
Train_Set/Aman/Aman_08351.jpg,Aman
Train_Set/Rusak/Rusak_01155.jpg,Rusak
Train_Set/Rusak/Rusak_01826.jpg,Rusak
Train_Set/Aman/Aman_05541.jpg,Aman
Train_Set/Rusak/Rusak_00761.jpg,Rusak
Train_Set/Rusak/Rusak_02075.jpg,Rusak
Train_Set/Aman/Aman_03194.jpg,Aman
Train_Set/Aman/Aman_00437.jpg,Aman
Train_Set/Rusak/Rusak_01675.jpg,Rusak
Train_Set/Aman/Aman_03202.jpg,Aman
Train_Set/Aman/Aman_01906.jpg,Aman
Train_Set/Aman/Aman_04362.jpg,Aman
Train_Set/Aman/Aman_03887.jpg,Aman
Train_Set/Rusak/Rusak_02379.jpg,Rusak
Train_Set/Aman/Aman_06757.jpg,Aman
Train_Set/Rusak/Rusak_00986.jpg,Rusak
Train_Set/Rusak/Rusak_02605.jpg,Rusak
Train_Set/Aman/Aman_03828.jpg,Aman
Train_Set/Aman/Aman_06565.jpg,Aman
Train_Set/Aman/Aman_08706.jpg,Aman
Train_Set/Lainnya/Lainnya_00103.jpg,Lainnya
Train_Set/Aman/Aman_08341.jpg,Aman
Train_Set/Aman/Aman_08060.jpg,Aman
Train_Set/Rusak/Rusak_02577.jpg,Rusak
Train_Set/Rusak/Rusak_00408.jpg,Rusak
Train_Set/Rusak/Rusak_00424.jpg,Rusak
Train_Set/Aman/Aman_01406.jpg,Aman
Train_Set/Aman/Aman_05150.jpg,Aman
Train_Set/Aman/Aman_01927.jpg,Aman
Train_Set/Rusak/Rusak_02814.jpg,Rusak
Train_Set/Aman/Aman_01493.jpg,Aman
Train_Set/Aman/Aman_03030.jpg,Aman
Train_Set/Aman/Aman_07173.jpg,Aman
Train_Set/Aman/Aman_04754.jpg,Aman
Train_Set/Aman/Aman_02563.jpg,Aman
Train_Set/Aman/Aman_06604.jpg,Aman
Train_Set/Aman/Aman_01915.jpg,Aman
Train_Set/Aman/Aman_01872.jpg,Aman
Train_Set/Aman/Aman_00103.jpg,Aman
Train_Set/Rusak/Rusak_00714.jpg,Rusak
Train_Set/Rusak/Rusak_02229.jpg,Rusak
Train_Set/Aman/Aman_07842.jpg,Aman
Train_Set/Rusak/Rusak_00449.jpg,Rusak
Train_Set/Rusak/Rusak_02016.jpg,Rusak
Train_Set/Aman/Aman_01088.jpg,Aman
Train_Set/Rusak/Rusak_00515.jpg,Rusak
Train_Set/Aman/Aman_00812.jpg,Aman
Train_Set/Aman/Aman_07298.jpg,Aman
Train_Set/Aman/Aman_01776.jpg,Aman
Train_Set/Rusak/Rusak_02166.jpg,Rusak
Train_Set/Aman/Aman_01144.jpg,Aman
Train_Set/Rusak/Rusak_00910.jpg,Rusak
Train_Set/Aman/Aman_05206.jpg,Aman
Train_Set/Rusak/Rusak_00222.jpg,Rusak
Train_Set/Aman/Aman_04158.jpg,Aman
Train_Set/Aman/Aman_05572.jpg,Aman
Train_Set/Lainnya/Lainnya_00367.jpg,Lainnya
Train_Set/Aman/Aman_06875.jpg,Aman
Train_Set/Aman/Aman_06988.jpg,Aman
Train_Set/Aman/Aman_03945.jpg,Aman
Train_Set/Aman/Aman_03947.jpg,Aman
Train_Set/Aman/Aman_07076.jpg,Aman
Train_Set/Aman/Aman_00046.jpg,Aman
Train_Set/Aman/Aman_05333.jpg,Aman
Train_Set/Aman/Aman_00260.jpg,Aman
Train_Set/Aman/Aman_00883.jpg,Aman
Train_Set/Rusak/Rusak_01266.jpg,Rusak
Train_Set/Aman/Aman_00589.jpg,Aman
Train_Set/Lainnya/Lainnya_00015.jpg,Lainnya
Train_Set/Aman/Aman_01791.jpg,Aman
Train_Set/Aman/Aman_05411.jpg,Aman
Train_Set/Aman/Aman_08295.jpg,Aman
Train_Set/Aman/Aman_02790.jpg,Aman
Train_Set/Aman/Aman_06581.jpg,Aman
Train_Set/Aman/Aman_07244.jpg,Aman
Train_Set/Aman/Aman_00473.jpg,Aman
Train_Set/Rusak/Rusak_00922.jpg,Rusak
Train_Set/Aman/Aman_06140.jpg,Aman
Train_Set/Rusak/Rusak_01566.jpg,Rusak
Train_Set/Aman/Aman_00018.jpg,Aman
Train_Set/Aman/Aman_05015.jpg,Aman
Train_Set/Aman/Aman_04710.jpg,Aman
Train_Set/Rusak/Rusak_01320.jpg,Rusak
Train_Set/Aman/Aman_06913.jpg,Aman
Train_Set/Aman/Aman_01724.jpg,Aman
Train_Set/Rusak/Rusak_01190.jpg,Rusak
Train_Set/Lainnya/Lainnya_00270.jpg,Lainnya
Train_Set/Rusak/Rusak_00688.jpg,Rusak
Train_Set/Aman/Aman_08409.jpg,Aman
Train_Set/Rusak/Rusak_02219.jpg,Rusak
Train_Set/Rusak/Rusak_02574.jpg,Rusak
Train_Set/Aman/Aman_04771.jpg,Aman
Train_Set/Aman/Aman_04994.jpg,Aman
Train_Set/Aman/Aman_04839.jpg,Aman
Train_Set/Aman/Aman_02464.jpg,Aman
Train_Set/Aman/Aman_01256.jpg,Aman
Train_Set/Rusak/Rusak_02005.jpg,Rusak
Train_Set/Aman/Aman_02542.jpg,Aman
Train_Set/Aman/Aman_03308.jpg,Aman
Train_Set/Aman/Aman_07143.jpg,Aman
Train_Set/Aman/Aman_05019.jpg,Aman
Train_Set/Aman/Aman_00290.jpg,Aman
Train_Set/Rusak/Rusak_02007.jpg,Rusak
Train_Set/Rusak/Rusak_00286.jpg,Rusak
Train_Set/Aman/Aman_07983.jpg,Aman
Train_Set/Aman/Aman_06119.jpg,Aman
Train_Set/Aman/Aman_02587.jpg,Aman
Train_Set/Aman/Aman_08701.jpg,Aman
Train_Set/Aman/Aman_04055.jpg,Aman
Train_Set/Aman/Aman_02143.jpg,Aman
Train_Set/Aman/Aman_04100.jpg,Aman
Train_Set/Aman/Aman_02502.jpg,Aman
Train_Set/Aman/Aman_08617.jpg,Aman
Train_Set/Aman/Aman_05067.jpg,Aman
Train_Set/Aman/Aman_05360.jpg,Aman
Train_Set/Lainnya/Lainnya_00249.jpg,Lainnya
Train_Set/Lainnya/Lainnya_00301.jpg,Lainnya
Train_Set/Aman/Aman_03457.jpg,Aman
Train_Set/Aman/Aman_03432.jpg,Aman
Train_Set/Aman/Aman_08237.jpg,Aman
Train_Set/Rusak/Rusak_01822.jpg,Rusak
Train_Set/Rusak/Rusak_02373.jpg,Rusak
Train_Set/Aman/Aman_06265.jpg,Aman
Train_Set/Aman/Aman_04041.jpg,Aman
Train_Set/Aman/Aman_06848.jpg,Aman
Train_Set/Aman/Aman_00906.jpg,Aman
Train_Set/Aman/Aman_01550.jpg,Aman
Train_Set/Aman/Aman_05909.jpg,Aman
Train_Set/Aman/Aman_03174.jpg,Aman
Train_Set/Rusak/Rusak_01524.jpg,Rusak
Train_Set/Aman/Aman_04363.jpg,Aman
Train_Set/Aman/Aman_05485.jpg,Aman
Train_Set/Aman/Aman_01795.jpg,Aman
Train_Set/Rusak/Rusak_02211.jpg,Rusak
Train_Set/Aman/Aman_03619.jpg,Aman
Train_Set/Aman/Aman_04841.jpg,Aman
Train_Set/Aman/Aman_02059.jpg,Aman
Train_Set/Aman/Aman_01090.jpg,Aman
Train_Set/Aman/Aman_00021.jpg,Aman
Train_Set/Aman/Aman_06770.jpg,Aman
Train_Set/Aman/Aman_01204.jpg,Aman
Train_Set/Aman/Aman_03367.jpg,Aman
Train_Set/Aman/Aman_07009.jpg,Aman
Train_Set/Aman/Aman_04679.jpg,Aman
Train_Set/Aman/Aman_00102.jpg,Aman
Train_Set/Aman/Aman_02392.jpg,Aman
Train_Set/Aman/Aman_06532.jpg,Aman
Train_Set/Rusak/Rusak_02300.jpg,Rusak
Train_Set/Aman/Aman_05461.jpg,Aman
Train_Set/Lainnya/Lainnya_00013.jpg,Lainnya
Train_Set/Rusak/Rusak_01578.jpg,Rusak
Train_Set/Aman/Aman_06716.jpg,Aman
Train_Set/Aman/Aman_04768.jpg,Aman
Train_Set/Rusak/Rusak_02381.jpg,Rusak
Train_Set/Rusak/Rusak_02065.jpg,Rusak
Train_Set/Aman/Aman_02997.jpg,Aman
Train_Set/Aman/Aman_02173.jpg,Aman
Train_Set/Aman/Aman_07342.jpg,Aman
Train_Set/Aman/Aman_01782.jpg,Aman
Train_Set/Aman/Aman_03546.jpg,Aman
Train_Set/Rusak/Rusak_00553.jpg,Rusak
Train_Set/Aman/Aman_05719.jpg,Aman
Train_Set/Rusak/Rusak_02786.jpg,Rusak
Train_Set/Rusak/Rusak_00757.jpg,Rusak
Train_Set/Aman/Aman_04135.jpg,Aman
Train_Set/Aman/Aman_05031.jpg,Aman
Train_Set/Aman/Aman_00308.jpg,Aman
Train_Set/Rusak/Rusak_02196.jpg,Rusak
Train_Set/Aman/Aman_05353.jpg,Aman
Train_Set/Rusak/Rusak_00320.jpg,Rusak
Train_Set/Aman/Aman_07692.jpg,Aman
Train_Set/Aman/Aman_05124.jpg,Aman
Train_Set/Rusak/Rusak_02328.jpg,Rusak
Train_Set/Aman/Aman_07375.jpg,Aman
Train_Set/Aman/Aman_04078.jpg,Aman
Train_Set/Aman/Aman_00566.jpg,Aman
Train_Set/Aman/Aman_05029.jpg,Aman
Train_Set/Aman/Aman_01006.jpg,Aman
Train_Set/Aman/Aman_06381.jpg,Aman
Train_Set/Rusak/Rusak_01713.jpg,Rusak
Train_Set/Aman/Aman_02972.jpg,Aman
Train_Set/Aman/Aman_06101.jpg,Aman
Train_Set/Rusak/Rusak_01255.jpg,Rusak
Train_Set/Rusak/Rusak_02738.jpg,Rusak
Train_Set/Aman/Aman_00904.jpg,Aman
Train_Set/Aman/Aman_03682.jpg,Aman
Train_Set/Rusak/Rusak_02509.jpg,Rusak
Train_Set/Aman/Aman_04773.jpg,Aman
Train_Set/Aman/Aman_01310.jpg,Aman
Train_Set/Aman/Aman_02440.jpg,Aman
Train_Set/Aman/Aman_04722.jpg,Aman
Train_Set/Rusak/Rusak_00297.jpg,Rusak
Train_Set/Aman/Aman_00882.jpg,Aman
Train_Set/Rusak/Rusak_00555.jpg,Rusak
Train_Set/Aman/Aman_02654.jpg,Aman
Train_Set/Aman/Aman_05109.jpg,Aman
Train_Set/Aman/Aman_02953.jpg,Aman
Train_Set/Aman/Aman_04058.jpg,Aman
Train_Set/Aman/Aman_01876.jpg,Aman
Train_Set/Rusak/Rusak_02584.jpg,Rusak
Train_Set/Aman/Aman_08781.jpg,Aman
Train_Set/Aman/Aman_06038.jpg,Aman
Train_Set/Aman/Aman_02223.jpg,Aman
Train_Set/Aman/Aman_02271.jpg,Aman
Train_Set/Rusak/Rusak_00906.jpg,Rusak
Train_Set/Aman/Aman_08363.jpg,Aman
Train_Set/Rusak/Rusak_02741.jpg,Rusak
Train_Set/Aman/Aman_01051.jpg,Aman
Train_Set/Aman/Aman_07640.jpg,Aman
Train_Set/Aman/Aman_04003.jpg,Aman
Train_Set/Aman/Aman_00673.jpg,Aman
Train_Set/Aman/Aman_02341.jpg,Aman
Train_Set/Rusak/Rusak_00755.jpg,Rusak
Train_Set/Aman/Aman_06358.jpg,Aman
Train_Set/Aman/Aman_01845.jpg,Aman
Train_Set/Aman/Aman_00495.jpg,Aman
Train_Set/Rusak/Rusak_01789.jpg,Rusak
Train_Set/Aman/Aman_00992.jpg,Aman
Train_Set/Rusak/Rusak_01800.jpg,Rusak
Train_Set/Rusak/Rusak_01268.jpg,Rusak
Train_Set/Aman/Aman_03691.jpg,Aman
Train_Set/Aman/Aman_07255.jpg,Aman
Train_Set/Rusak/Rusak_00312.jpg,Rusak
Train_Set/Aman/Aman_05283.jpg,Aman
Train_Set/Aman/Aman_03651.jpg,Aman
Train_Set/Aman/Aman_03027.jpg,Aman
Train_Set/Aman/Aman_05134.jpg,Aman
Train_Set/Aman/Aman_02136.jpg,Aman
Train_Set/Rusak/Rusak_00887.jpg,Rusak
Train_Set/Aman/Aman_08508.jpg,Aman
Train_Set/Aman/Aman_07259.jpg,Aman
Train_Set/Aman/Aman_03765.jpg,Aman
Train_Set/Aman/Aman_07704.jpg,Aman
Train_Set/Aman/Aman_04603.jpg,Aman
Train_Set/Rusak/Rusak_02320.jpg,Rusak
Train_Set/Aman/Aman_01774.jpg,Aman
Train_Set/Aman/Aman_08557.jpg,Aman
Train_Set/Aman/Aman_05420.jpg,Aman
Train_Set/Aman/Aman_06764.jpg,Aman
Train_Set/Aman/Aman_06210.jpg,Aman
Train_Set/Aman/Aman_05737.jpg,Aman
Train_Set/Rusak/Rusak_02996.jpg,Rusak
Train_Set/Rusak/Rusak_02890.jpg,Rusak
Train_Set/Aman/Aman_04136.jpg,Aman
Train_Set/Rusak/Rusak_00988.jpg,Rusak
Train_Set/Aman/Aman_06240.jpg,Aman
Train_Set/Aman/Aman_00339.jpg,Aman
Train_Set/Lainnya/Lainnya_00308.jpg,Lainnya
Train_Set/Aman/Aman_04751.jpg,Aman
Train_Set/Aman/Aman_03750.jpg,Aman
Train_Set/Aman/Aman_06085.jpg,Aman
Train_Set/Aman/Aman_01329.jpg,Aman
Train_Set/Aman/Aman_06336.jpg,Aman
Train_Set/Rusak/Rusak_02278.jpg,Rusak
Train_Set/Aman/Aman_01584.jpg,Aman
Train_Set/Rusak/Rusak_01441.jpg,Rusak
Train_Set/Aman/Aman_05104.jpg,Aman
Train_Set/Rusak/Rusak_02608.jpg,Rusak
Train_Set/Aman/Aman_08433.jpg,Aman
Train_Set/Rusak/Rusak_00382.jpg,Rusak
Train_Set/Aman/Aman_07048.jpg,Aman
Train_Set/Aman/Aman_04968.jpg,Aman
Train_Set/Aman/Aman_02964.jpg,Aman
Train_Set/Aman/Aman_06829.jpg,Aman
Train_Set/Rusak/Rusak_02843.jpg,Rusak
Train_Set/Aman/Aman_02573.jpg,Aman
Train_Set/Rusak/Rusak_00484.jpg,Rusak
Train_Set/Aman/Aman_05463.jpg,Aman
Train_Set/Rusak/Rusak_00629.jpg,Rusak
Train_Set/Aman/Aman_03674.jpg,Aman
Train_Set/Aman/Aman_05308.jpg,Aman
Train_Set/Rusak/Rusak_00104.jpg,Rusak
Train_Set/Aman/Aman_02623.jpg,Aman
Train_Set/Aman/Aman_02485.jpg,Aman
Train_Set/Rusak/Rusak_01888.jpg,Rusak
Train_Set/Aman/Aman_00218.jpg,Aman
Train_Set/Aman/Aman_04520.jpg,Aman
Train_Set/Rusak/Rusak_00231.jpg,Rusak
Train_Set/Aman/Aman_04907.jpg,Aman
Train_Set/Aman/Aman_01669.jpg,Aman
Train_Set/Aman/Aman_01408.jpg,Aman
Train_Set/Aman/Aman_01941.jpg,Aman
Train_Set/Aman/Aman_02890.jpg,Aman
Train_Set/Rusak/Rusak_01299.jpg,Rusak
Train_Set/Aman/Aman_01328.jpg,Aman
Train_Set/Rusak/Rusak_01790.jpg,Rusak
Train_Set/Aman/Aman_00047.png,Aman
Train_Set/Rusak/Rusak_01766.jpg,Rusak
Train_Set/Rusak/Rusak_02807.jpg,Rusak
Train_Set/Rusak/Rusak_00141.jpg,Rusak
Train_Set/Aman/Aman_08613.jpg,Aman
Train_Set/Aman/Aman_03070.jpg,Aman
Train_Set/Aman/Aman_02409.jpg,Aman
Train_Set/Aman/Aman_00445.jpg,Aman
Train_Set/Rusak/Rusak_02804.jpg,Rusak
Train_Set/Aman/Aman_00789.jpg,Aman
Train_Set/Aman/Aman_02433.jpg,Aman
Train_Set/Rusak/Rusak_00428.jpg,Rusak
Train_Set/Aman/Aman_06619.jpg,Aman
Train_Set/Rusak/Rusak_01883.jpg,Rusak
Train_Set/Rusak/Rusak_01188.jpg,Rusak
Train_Set/Rusak/Rusak_01349.jpg,Rusak
Train_Set/Aman/Aman_04095.jpg,Aman
Train_Set/Rusak/Rusak_02960.jpg,Rusak
Train_Set/Aman/Aman_08127.jpg,Aman
Train_Set/Rusak/Rusak_00472.jpg,Rusak
Train_Set/Aman/Aman_01104.jpg,Aman
Train_Set/Aman/Aman_07987.jpg,Aman
Train_Set/Aman/Aman_00442.jpg,Aman
Train_Set/Rusak/Rusak_00283.jpg,Rusak
Train_Set/Aman/Aman_02138.jpg,Aman
Train_Set/Aman/Aman_01958.jpg,Aman
Train_Set/Aman/Aman_06425.jpg,Aman
Train_Set/Aman/Aman_03222.jpg,Aman
Train_Set/Lainnya/Lainnya_00060.jpg,Lainnya
Train_Set/Aman/Aman_02154.jpg,Aman
Train_Set/Aman/Aman_04442.jpg,Aman
Train_Set/Aman/Aman_03234.jpg,Aman
Train_Set/Aman/Aman_06334.jpg,Aman
Train_Set/Aman/Aman_08652.jpg,Aman
Train_Set/Aman/Aman_05546.jpg,Aman
Train_Set/Aman/Aman_00561.jpg,Aman
Train_Set/Aman/Aman_04399.jpg,Aman
Train_Set/Aman/Aman_01345.jpg,Aman
Train_Set/Aman/Aman_03265.jpg,Aman
Train_Set/Aman/Aman_04898.jpg,Aman
Train_Set/Aman/Aman_00594.jpg,Aman
Train_Set/Rusak/Rusak_00281.jpg,Rusak
Train_Set/Aman/Aman_08750.jpg,Aman
Train_Set/Aman/Aman_00212.jpg,Aman
Train_Set/Rusak/Rusak_02708.jpg,Rusak
Train_Set/Aman/Aman_07228.jpg,Aman
Train_Set/Aman/Aman_04110.jpg,Aman
Train_Set/Aman/Aman_00937.jpg,Aman
Train_Set/Aman/Aman_00849.jpg,Aman
Train_Set/Aman/Aman_02585.jpg,Aman
Train_Set/Aman/Aman_07002.jpg,Aman
Train_Set/Rusak/Rusak_01562.jpg,Rusak
Train_Set/Aman/Aman_06411.jpg,Aman
Train_Set/Rusak/Rusak_00016.jpg,Rusak
Train_Set/Aman/Aman_02658.jpg,Aman
Train_Set/Rusak/Rusak_02823.jpg,Rusak
Train_Set/Aman/Aman_00888.jpg,Aman
Train_Set/Aman/Aman_05354.jpg,Aman
Train_Set/Aman/Aman_05618.jpg,Aman
Train_Set/Aman/Aman_06649.jpg,Aman
Train_Set/Aman/Aman_06736.jpg,Aman
Train_Set/Aman/Aman_06338.jpg,Aman
Train_Set/Rusak/Rusak_00853.jpg,Rusak
Train_Set/Aman/Aman_00324.jpg,Aman
Train_Set/Aman/Aman_06821.jpg,Aman
Train_Set/Rusak/Rusak_01397.jpg,Rusak
Train_Set/Aman/Aman_00217.jpg,Aman
Train_Set/Rusak/Rusak_00353.jpg,Rusak
Train_Set/Rusak/Rusak_00869.jpg,Rusak
Train_Set/Aman/Aman_08196.jpg,Aman
Train_Set/Aman/Aman_01054.jpg,Aman
Train_Set/Rusak/Rusak_02934.jpg,Rusak
Train_Set/Aman/Aman_00390.jpg,Aman
Train_Set/Aman/Aman_02719.jpg,Aman
Train_Set/Aman/Aman_00086.jpg,Aman
Train_Set/Rusak/Rusak_02860.jpg,Rusak
Train_Set/Aman/Aman_05695.jpg,Aman
Train_Set/Aman/Aman_04908.jpg,Aman
Train_Set/Aman/Aman_06686.jpg,Aman
Train_Set/Aman/Aman_04498.jpg,Aman
Train_Set/Rusak/Rusak_00781.jpg,Rusak
Train_Set/Aman/Aman_08721.jpg,Aman
Train_Set/Rusak/Rusak_00264.jpg,Rusak
Train_Set/Aman/Aman_05702.jpg,Aman
Train_Set/Aman/Aman_06121.jpg,Aman
Train_Set/Aman/Aman_00119.jpg,Aman
Train_Set/Aman/Aman_04000.jpg,Aman
Train_Set/Aman/Aman_01847.jpg,Aman
Train_Set/Rusak/Rusak_00881.jpg,Rusak
Train_Set/Aman/Aman_06555.jpg,Aman
Train_Set/Aman/Aman_06382.jpg,Aman
Train_Set/Rusak/Rusak_00224.jpg,Rusak
Train_Set/Aman/Aman_01378.jpg,Aman
Train_Set/Rusak/Rusak_01765.jpg,Rusak
Train_Set/Aman/Aman_01928.jpg,Aman
Train_Set/Aman/Aman_04774.jpg,Aman
Train_Set/Aman/Aman_03985.jpg,Aman
Train_Set/Aman/Aman_03640.jpg,Aman
Train_Set/Aman/Aman_06124.jpg,Aman
Train_Set/Aman/Aman_00851.jpg,Aman
Train_Set/Rusak/Rusak_00993.jpg,Rusak
Train_Set/Rusak/Rusak_01214.jpg,Rusak
Train_Set/Aman/Aman_07542.jpg,Aman
Train_Set/Aman/Aman_00911.jpg,Aman
Train_Set/Aman/Aman_07064.jpg,Aman
Train_Set/Aman/Aman_00739.jpg,Aman
Train_Set/Aman/Aman_06552.jpg,Aman
Train_Set/Lainnya/Lainnya_00340.jpg,Lainnya
Train_Set/Aman/Aman_00100.jpg,Aman
Train_Set/Aman/Aman_07774.jpg,Aman
Train_Set/Aman/Aman_03834.jpg,Aman
Train_Set/Rusak/Rusak_02012.jpg,Rusak
Train_Set/Aman/Aman_01594.jpg,Aman
Train_Set/Aman/Aman_06424.jpg,Aman
Train_Set/Aman/Aman_05199.jpg,Aman
Train_Set/Aman/Aman_07440.jpg,Aman
Train_Set/Aman/Aman_03490.jpg,Aman
Train_Set/Aman/Aman_04780.jpg,Aman
Train_Set/Rusak/Rusak_01786.jpg,Rusak
Train_Set/Aman/Aman_00229.jpg,Aman
Train_Set/Aman/Aman_07639.jpg,Aman
Train_Set/Lainnya/Lainnya_00242.jpg,Lainnya
Train_Set/Aman/Aman_01717.jpg,Aman
Train_Set/Aman/Aman_05313.jpg,Aman
Train_Set/Aman/Aman_08638.jpg,Aman
Train_Set/Aman/Aman_02689.jpg,Aman
Train_Set/Aman/Aman_07086.jpg,Aman
Train_Set/Aman/Aman_04825.jpg,Aman
Train_Set/Aman/Aman_00534.jpg,Aman
Train_Set/Aman/Aman_00774.jpg,Aman
Train_Set/Rusak/Rusak_00756.jpg,Rusak
Train_Set/Aman/Aman_08573.jpg,Aman
Train_Set/Aman/Aman_04686.jpg,Aman
Train_Set/Aman/Aman_06422.jpg,Aman
Train_Set/Aman/Aman_00810.jpg,Aman
Train_Set/Aman/Aman_00684.jpg,Aman
Train_Set/Aman/Aman_05723.jpg,Aman
Train_Set/Aman/Aman_07296.jpg,Aman
Train_Set/Rusak/Rusak_02704.jpg,Rusak
Train_Set/Aman/Aman_06102.jpg,Aman
Train_Set/Rusak/Rusak_02156.jpg,Rusak
Train_Set/Aman/Aman_06354.jpg,Aman
Train_Set/Aman/Aman_02261.jpg,Aman
Train_Set/Aman/Aman_07073.jpg,Aman
Train_Set/Rusak/Rusak_02447.jpg,Rusak
Train_Set/Rusak/Rusak_00660.jpg,Rusak
Train_Set/Aman/Aman_00629.jpg,Aman
Train_Set/Aman/Aman_01703.jpg,Aman
Train_Set/Aman/Aman_06429.jpg,Aman
Train_Set/Rusak/Rusak_01044.jpg,Rusak
Train_Set/Rusak/Rusak_02715.jpg,Rusak
Train_Set/Aman/Aman_02254.jpg,Aman
Train_Set/Rusak/Rusak_00495.jpg,Rusak
Train_Set/Aman/Aman_06054.jpg,Aman
Train_Set/Aman/Aman_00665.jpg,Aman
Train_Set/Rusak/Rusak_00871.jpg,Rusak
Train_Set/Aman/Aman_02003.jpg,Aman
Train_Set/Aman/Aman_01302.jpg,Aman
Train_Set/Aman/Aman_07981.jpg,Aman
Train_Set/Aman/Aman_01018.jpg,Aman
Train_Set/Aman/Aman_04682.jpg,Aman
Train_Set/Rusak/Rusak_01507.jpg,Rusak
Train_Set/Aman/Aman_03312.jpg,Aman
Train_Set/Aman/Aman_02851.jpg,Aman
Train_Set/Rusak/Rusak_00282.jpg,Rusak
Train_Set/Lainnya/Lainnya_00001.jpg,Lainnya
Train_Set/Aman/Aman_03964.jpg,Aman
Train_Set/Aman/Aman_02630.jpg,Aman
Train_Set/Rusak/Rusak_00570.jpg,Rusak
Train_Set/Rusak/Rusak_02292.jpg,Rusak
Train_Set/Rusak/Rusak_01921.jpg,Rusak
Train_Set/Aman/Aman_04804.jpg,Aman
Train_Set/Aman/Aman_04129.jpg,Aman
Train_Set/Aman/Aman_04048.jpg,Aman
Train_Set/Aman/Aman_01715.jpg,Aman
Train_Set/Rusak/Rusak_02863.jpg,Rusak
Train_Set/Aman/Aman_00886.jpg,Aman
Train_Set/Aman/Aman_05651.jpg,Aman
Train_Set/Aman/Aman_06510.jpg,Aman
Train_Set/Rusak/Rusak_02789.jpg,Rusak
Train_Set/Aman/Aman_04355.jpg,Aman
Train_Set/Rusak/Rusak_02554.jpg,Rusak
Train_Set/Aman/Aman_03544.jpg,Aman
Train_Set/Rusak/Rusak_01066.jpg,Rusak
Train_Set/Aman/Aman_03659.jpg,Aman
Train_Set/Aman/Aman_05821.jpg,Aman
Train_Set/Lainnya/Lainnya_00120.jpg,Lainnya
Train_Set/Aman/Aman_06690.jpg,Aman
Train_Set/Aman/Aman_08419.jpg,Aman
Train_Set/Aman/Aman_05868.jpg,Aman
Train_Set/Aman/Aman_08338.jpg,Aman
Train_Set/Aman/Aman_02163.jpg,Aman
Train_Set/Aman/Aman_00248.jpg,Aman
Train_Set/Aman/Aman_05370.jpg,Aman
Train_Set/Aman/Aman_03533.jpg,Aman
Train_Set/Aman/Aman_04630.jpg,Aman
Train_Set/Rusak/Rusak_01965.jpg,Rusak
Train_Set/Aman/Aman_00062.jpg,Aman
Train_Set/Rusak/Rusak_00034.jpg,Rusak
Train_Set/Rusak/Rusak_01179.jpg,Rusak
Train_Set/Aman/Aman_07317.jpg,Aman
Train_Set/Rusak/Rusak_02047.jpg,Rusak
Train_Set/Aman/Aman_06259.jpg,Aman
Train_Set/Aman/Aman_03233.jpg,Aman
Train_Set/Aman/Aman_04077.jpg,Aman
Train_Set/Aman/Aman_00014.jpg,Aman
Train_Set/Aman/Aman_04340.png,Aman
Train_Set/Aman/Aman_07360.jpg,Aman
Train_Set/Aman/Aman_00576.jpg,Aman
Train_Set/Aman/Aman_07179.jpeg,Aman
Train_Set/Aman/Aman_01696.jpg,Aman
Train_Set/Aman/Aman_07709.jpg,Aman
Train_Set/Lainnya/Lainnya_00072.jpg,Lainnya
Train_Set/Aman/Aman_05245.jpg,Aman
Train_Set/Aman/Aman_06499.jpg,Aman
Train_Set/Aman/Aman_04397.jpg,Aman
Train_Set/Rusak/Rusak_01969.jpg,Rusak
Train_Set/Aman/Aman_05177.jpeg,Aman
Train_Set/Aman/Aman_03870.jpg,Aman
Train_Set/Lainnya/Lainnya_00266.jpg,Lainnya
Train_Set/Aman/Aman_01285.jpg,Aman
Train_Set/Aman/Aman_00676.jpg,Aman
Train_Set/Aman/Aman_06644.jpg,Aman
Train_Set/Aman/Aman_03725.jpg,Aman
Train_Set/Aman/Aman_07622.jpg,Aman
Train_Set/Aman/Aman_06801.jpg,Aman
Train_Set/Aman/Aman_00105.jpg,Aman
Train_Set/Aman/Aman_01848.jpg,Aman
Train_Set/Aman/Aman_03630.jpg,Aman
Train_Set/Aman/Aman_06607.jpg,Aman
Train_Set/Aman/Aman_00880.jpg,Aman
Train_Set/Aman/Aman_05895.jpg,Aman
Train_Set/Rusak/Rusak_02101.jpg,Rusak
Train_Set/Aman/Aman_04266.jpg,Aman
Train_Set/Aman/Aman_00741.jpg,Aman
Train_Set/Aman/Aman_08405.jpg,Aman
Train_Set/Aman/Aman_07910.jpg,Aman
Train_Set/Aman/Aman_05273.jpg,Aman
Train_Set/Rusak/Rusak_02226.jpg,Rusak
Train_Set/Aman/Aman_01595.jpg,Aman
Train_Set/Aman/Aman_06444.jpg,Aman
Train_Set/Aman/Aman_08173.jpg,Aman
Train_Set/Aman/Aman_01005.jpg,Aman
Train_Set/Aman/Aman_06965.jpg,Aman
Train_Set/Aman/Aman_01534.jpg,Aman
Train_Set/Aman/Aman_00140.jpg,Aman
Train_Set/Aman/Aman_05490.jpg,Aman
Train_Set/Aman/Aman_00568.jpg,Aman
Train_Set/Lainnya/Lainnya_00255.jpg,Lainnya
Train_Set/Aman/Aman_06815.jpg,Aman
Train_Set/Lainnya/Lainnya_00390.jpg,Lainnya
Train_Set/Aman/Aman_07864.jpg,Aman
Train_Set/Rusak/Rusak_00549.jpg,Rusak
Train_Set/Aman/Aman_04616.jpg,Aman
Train_Set/Rusak/Rusak_01100.jpg,Rusak
Train_Set/Aman/Aman_01772.jpg,Aman
Train_Set/Aman/Aman_02014.jpg,Aman
Train_Set/Aman/Aman_08639.jpg,Aman
Train_Set/Aman/Aman_00697.jpg,Aman
Train_Set/Rusak/Rusak_02906.jpg,Rusak
Train_Set/Aman/Aman_02248.jpg,Aman
Train_Set/Aman/Aman_00943.jpg,Aman
Train_Set/Lainnya/Lainnya_00413.jpg,Lainnya
Train_Set/Aman/Aman_02910.jpg,Aman
Train_Set/Lainnya/Lainnya_00383.jpg,Lainnya
Train_Set/Aman/Aman_07530.jpg,Aman
Train_Set/Aman/Aman_07675.jpg,Aman
Train_Set/Aman/Aman_03542.jpg,Aman
Train_Set/Rusak/Rusak_02097.jpg,Rusak
Train_Set/Aman/Aman_01186.jpg,Aman
Train_Set/Aman/Aman_03170.jpg,Aman
Train_Set/Aman/Aman_04010.jpg,Aman
Train_Set/Aman/Aman_02073.jpg,Aman
Train_Set/Aman/Aman_02250.jpg,Aman
Train_Set/Aman/Aman_06750.jpg,Aman
Train_Set/Rusak/Rusak_02163.jpg,Rusak
Train_Set/Aman/Aman_07525.jpg,Aman
Train_Set/Aman/Aman_03488.jpg,Aman
Train_Set/Aman/Aman_07464.jpg,Aman
Train_Set/Aman/Aman_02877.jpg,Aman
Train_Set/Aman/Aman_02465.jpg,Aman
Train_Set/Aman/Aman_06597.jpg,Aman
Train_Set/Aman/Aman_07274.jpg,Aman
Train_Set/Aman/Aman_05048.jpg,Aman
Train_Set/Aman/Aman_08436.jpg,Aman
Train_Set/Aman/Aman_03313.jpg,Aman
Train_Set/Rusak/Rusak_02517.jpg,Rusak
Train_Set/Rusak/Rusak_02549.jpg,Rusak
Train_Set/Aman/Aman_04704.jpg,Aman
Train_Set/Aman/Aman_06888.jpg,Aman
Train_Set/Aman/Aman_04027.jpg,Aman
Train_Set/Aman/Aman_04938.jpg,Aman
Train_Set/Aman/Aman_04393.jpg,Aman
Train_Set/Aman/Aman_01289.jpg,Aman
Train_Set/Aman/Aman_07693.jpg,Aman
Train_Set/Aman/Aman_01488.jpg,Aman
Train_Set/Aman/Aman_04111.jpg,Aman
Train_Set/Aman/Aman_03743.jpg,Aman
Train_Set/Aman/Aman_06415.jpg,Aman
Train_Set/Lainnya/Lainnya_00144.jpg,Lainnya
Train_Set/Aman/Aman_04617.jpg,Aman
Train_Set/Rusak/Rusak_02946.jpg,Rusak
Train_Set/Rusak/Rusak_01745.jpg,Rusak
Train_Set/Rusak/Rusak_01931.jpg,Rusak
Train_Set/Rusak/Rusak_00042.jpg,Rusak
Train_Set/Aman/Aman_06742.jpg,Aman
Train_Set/Aman/Aman_01216.jpg,Aman
Train_Set/Aman/Aman_03388.jpg,Aman
Train_Set/Aman/Aman_02012.jpg,Aman
Train_Set/Rusak/Rusak_01908.jpg,Rusak
Train_Set/Aman/Aman_01667.jpg,Aman
Train_Set/Rusak/Rusak_02873.jpg,Rusak
Train_Set/Aman/Aman_05554.jpg,Aman
Train_Set/Aman/Aman_01628.jpg,Aman
Train_Set/Rusak/Rusak_00693.jpg,Rusak
Train_Set/Aman/Aman_01065.jpg,Aman
Train_Set/Aman/Aman_01526.jpg,Aman
Train_Set/Aman/Aman_01182.jpg,Aman
Train_Set/Aman/Aman_06561.jpg,Aman
Train_Set/Aman/Aman_08751.jpg,Aman
Train_Set/Aman/Aman_07569.jpg,Aman
Train_Set/Aman/Aman_08260.jpg,Aman
Train_Set/Aman/Aman_08777.jpg,Aman
Train_Set/Rusak/Rusak_02662.jpg,Rusak
Train_Set/Aman/Aman_06546.jpg,Aman
Train_Set/Aman/Aman_00591.jpg,Aman
Train_Set/Aman/Aman_06172.jpg,Aman
Train_Set/Rusak/Rusak_00370.jpg,Rusak
Train_Set/Aman/Aman_07233.jpg,Aman
Train_Set/Aman/Aman_01197.jpg,Aman
Train_Set/Aman/Aman_02700.jpg,Aman
Train_Set/Aman/Aman_04807.jpg,Aman
Train_Set/Rusak/Rusak_02387.jpg,Rusak
Train_Set/Aman/Aman_06291.jpg,Aman
Train_Set/Aman/Aman_03209.jpg,Aman
Train_Set/Rusak/Rusak_02611.jpg,Rusak
Train_Set/Rusak/Rusak_00994.jpg,Rusak
Train_Set/Aman/Aman_08181.jpg,Aman
Train_Set/Aman/Aman_02895.jpg,Aman
Train_Set/Rusak/Rusak_01723.jpg,Rusak
Train_Set/Rusak/Rusak_00138.jpg,Rusak
Train_Set/Aman/Aman_02625.jpg,Aman
Train_Set/Rusak/Rusak_02398.jpg,Rusak
Train_Set/Aman/Aman_00206.jpg,Aman
Train_Set/Aman/Aman_01127.jpg,Aman
Train_Set/Aman/Aman_06399.jpg,Aman
Train_Set/Aman/Aman_00530.jpg,Aman
Train_Set/Rusak/Rusak_01649.jpg,Rusak
Train_Set/Aman/Aman_01833.jpg,Aman
Train_Set/Aman/Aman_04405.jpg,Aman
Train_Set/Aman/Aman_08637.jpg,Aman
Train_Set/Aman/Aman_03653.jpg,Aman
Train_Set/Rusak/Rusak_00047.jpg,Rusak
Train_Set/Aman/Aman_00968.jpg,Aman
Train_Set/Rusak/Rusak_00324.jpg,Rusak
Train_Set/Aman/Aman_01442.jpg,Aman
Train_Set/Rusak/Rusak_02521.jpg,Rusak
Train_Set/Rusak/Rusak_02746.jpg,Rusak
Train_Set/Rusak/Rusak_01889.jpg,Rusak
Train_Set/Aman/Aman_05754.jpg,Aman
Train_Set/Aman/Aman_07350.jpg,Aman
Train_Set/Rusak/Rusak_02105.jpg,Rusak
Train_Set/Aman/Aman_01434.jpg,Aman
Train_Set/Aman/Aman_04371.jpg,Aman
Train_Set/Aman/Aman_02989.jpg,Aman
Train_Set/Aman/Aman_07529.jpg,Aman
Train_Set/Aman/Aman_01837.jpg,Aman
Train_Set/Aman/Aman_02764.jpg,Aman
Train_Set/Aman/Aman_06917.jpg,Aman
Train_Set/Aman/Aman_06346.jpg,Aman
Train_Set/Aman/Aman_02022.jpg,Aman
Train_Set/Aman/Aman_05818.jpg,Aman
Train_Set/Aman/Aman_08267.jpg,Aman
Train_Set/Rusak/Rusak_02734.jpg,Rusak
Train_Set/Aman/Aman_02267.jpg,Aman
Train_Set/Aman/Aman_02796.jpg,Aman
Train_Set/Aman/Aman_02317.jpg,Aman
Train_Set/Aman/Aman_03428.jpg,Aman
Train_Set/Aman/Aman_01933.jpg,Aman
Train_Set/Aman/Aman_07964.jpg,Aman
Train_Set/Rusak/Rusak_01371.jpg,Rusak
Train_Set/Aman/Aman_00239.jpg,Aman
Train_Set/Rusak/Rusak_02221.jpg,Rusak
Train_Set/Aman/Aman_01288.jpg,Aman
Train_Set/Rusak/Rusak_00650.jpg,Rusak
Train_Set/Aman/Aman_00109.jpg,Aman
Train_Set/Rusak/Rusak_01486.jpg,Rusak
Train_Set/Rusak/Rusak_01016.jpg,Rusak
Train_Set/Rusak/Rusak_01451.jpg,Rusak
Train_Set/Aman/Aman_02754.jpg,Aman
Train_Set/Aman/Aman_05072.jpg,Aman
Train_Set/Aman/Aman_04441.jpg,Aman
Train_Set/Aman/Aman_07835.jpg,Aman
Train_Set/Aman/Aman_01194.jpg,Aman
Train_Set/Aman/Aman_03612.jpg,Aman
Train_Set/Aman/Aman_01134.jpg,Aman
Train_Set/Aman/Aman_08081.jpg,Aman
Train_Set/Aman/Aman_07434.jpg,Aman
Train_Set/Aman/Aman_07566.jpg,Aman
Train_Set/Aman/Aman_04280.jpg,Aman
Train_Set/Aman/Aman_02103.jpg,Aman
Train_Set/Aman/Aman_05506.jpg,Aman
Train_Set/Aman/Aman_08376.jpg,Aman
Train_Set/Aman/Aman_07353.jpg,Aman
Train_Set/Aman/Aman_01531.jpg,Aman
Train_Set/Aman/Aman_00096.jpg,Aman
Train_Set/Aman/Aman_04063.jpg,Aman
Train_Set/Aman/Aman_08126.jpg,Aman
Train_Set/Aman/Aman_04347.jpg,Aman
Train_Set/Rusak/Rusak_02034.jpg,Rusak
Train_Set/Rusak/Rusak_01676.jpg,Rusak
Train_Set/Aman/Aman_04669.jpg,Aman
Train_Set/Aman/Aman_01096.jpg,Aman
Train_Set/Rusak/Rusak_01906.jpg,Rusak
Train_Set/Rusak/Rusak_00395.jpg,Rusak
Train_Set/Rusak/Rusak_01351.jpg,Rusak
Train_Set/Aman/Aman_03588.jpg,Aman
Train_Set/Aman/Aman_05706.jpg,Aman
Train_Set/Aman/Aman_03556.jpg,Aman
Train_Set/Rusak/Rusak_02579.jpg,Rusak
Train_Set/Aman/Aman_03285.jpg,Aman
Train_Set/Aman/Aman_02347.jpg,Aman
Train_Set/Aman/Aman_04661.jpg,Aman
Train_Set/Rusak/Rusak_01325.jpg,Rusak
Train_Set/Rusak/Rusak_01120.jpg,Rusak
Train_Set/Rusak/Rusak_01609.jpg,Rusak
Train_Set/Rusak/Rusak_01195.jpg,Rusak
Train_Set/Aman/Aman_01547.jpg,Aman
Train_Set/Rusak/Rusak_01907.jpg,Rusak
Train_Set/Lainnya/Lainnya_00165.jpg,Lainnya
Train_Set/Rusak/Rusak_00476.jpg,Rusak
Train_Set/Rusak/Rusak_01884.jpg,Rusak
Train_Set/Aman/Aman_05385.jpg,Aman
Train_Set/Aman/Aman_04201.jpg,Aman
Train_Set/Aman/Aman_05279.jpg,Aman
Train_Set/Aman/Aman_04134.jpg,Aman
Train_Set/Aman/Aman_03480.jpg,Aman
Train_Set/Aman/Aman_04338.png,Aman
Train_Set/Lainnya/Lainnya_00238.jpg,Lainnya
Train_Set/Aman/Aman_02716.jpg,Aman
Train_Set/Rusak/Rusak_00534.jpg,Rusak
Train_Set/Aman/Aman_02280.jpg,Aman
Train_Set/Rusak/Rusak_00797.jpg,Rusak
Train_Set/Aman/Aman_01590.jpg,Aman
Train_Set/Rusak/Rusak_00220.jpg,Rusak
Train_Set/Rusak/Rusak_01335.jpg,Rusak
Train_Set/Aman/Aman_01077.jpg,Aman
Train_Set/Aman/Aman_01773.jpg,Aman
Train_Set/Aman/Aman_02389.jpg,Aman
Train_Set/Aman/Aman_08488.jpg,Aman
Train_Set/Rusak/Rusak_02818.jpg,Rusak
Train_Set/Aman/Aman_01924.jpg,Aman
Train_Set/Aman/Aman_04084.jpg,Aman
Train_Set/Aman/Aman_04097.jpg,Aman
Train_Set/Aman/Aman_04443.jpg,Aman
Train_Set/Rusak/Rusak_02713.jpg,Rusak
Train_Set/Rusak/Rusak_02296.jpg,Rusak
Train_Set/Aman/Aman_07614.jpg,Aman
Train_Set/Rusak/Rusak_00579.jpg,Rusak
Train_Set/Rusak/Rusak_02855.jpg,Rusak
Train_Set/Rusak/Rusak_02523.jpg,Rusak
Train_Set/Aman/Aman_02125.jpg,Aman
Train_Set/Rusak/Rusak_01803.jpg,Rusak
Train_Set/Rusak/Rusak_01461.jpg,Rusak
Train_Set/Aman/Aman_07225.jpg,Aman
Train_Set/Aman/Aman_00332.jpg,Aman
Train_Set/Rusak/Rusak_02400.jpg,Rusak
Train_Set/Aman/Aman_07054.jpg,Aman
Train_Set/Rusak/Rusak_01252.jpg,Rusak
Train_Set/Aman/Aman_08287.jpg,Aman
Train_Set/Aman/Aman_03881.jpg,Aman
Train_Set/Rusak/Rusak_01515.jpg,Rusak
Train_Set/Aman/Aman_01522.jpg,Aman
Train_Set/Aman/Aman_02659.jpg,Aman
Train_Set/Aman/Aman_02903.jpg,Aman
Train_Set/Rusak/Rusak_01964.jpg,Rusak
Train_Set/Aman/Aman_02624.jpg,Aman
Train_Set/Aman/Aman_03753.jpg,Aman
Train_Set/Rusak/Rusak_01868.jpg,Rusak
Train_Set/Aman/Aman_07289.jpg,Aman
Train_Set/Rusak/Rusak_02474.jpg,Rusak
Train_Set/Aman/Aman_07759.jpg,Aman
Train_Set/Aman/Aman_01881.jpg,Aman
Train_Set/Aman/Aman_06376.jpg,Aman
Train_Set/Aman/Aman_04239.png,Aman
Train_Set/Aman/Aman_06180.jpg,Aman
Train_Set/Aman/Aman_02489.jpg,Aman
Train_Set/Rusak/Rusak_00383.jpg,Rusak
Train_Set/Lainnya/Lainnya_00087.jpg,Lainnya
Train_Set/Aman/Aman_00816.jpg,Aman
Train_Set/Aman/Aman_07480.jpg,Aman
Train_Set/Rusak/Rusak_02058.jpg,Rusak
Train_Set/Rusak/Rusak_02168.jpg,Rusak
Train_Set/Rusak/Rusak_01011.jpg,Rusak
Train_Set/Aman/Aman_02343.jpg,Aman
Train_Set/Aman/Aman_04307.jpg,Aman
Train_Set/Lainnya/Lainnya_00124.jpg,Lainnya
Train_Set/Aman/Aman_05088.jpg,Aman
Train_Set/Aman/Aman_07445.jpg,Aman
Train_Set/Aman/Aman_03459.jpg,Aman
Train_Set/Aman/Aman_01101.jpg,Aman
Train_Set/Aman/Aman_08160.jpg,Aman
Train_Set/Aman/Aman_05410.jpg,Aman
Train_Set/Rusak/Rusak_01392.jpg,Rusak
Train_Set/Rusak/Rusak_02688.jpg,Rusak
Train_Set/Aman/Aman_05698.jpg,Aman
Train_Set/Aman/Aman_02290.jpg,Aman
Train_Set/Rusak/Rusak_02802.jpg,Rusak
Train_Set/Aman/Aman_05428.jpg,Aman
Train_Set/Rusak/Rusak_02200.jpg,Rusak
Train_Set/Aman/Aman_05575.jpg,Aman
Train_Set/Rusak/Rusak_00635.jpg,Rusak
Train_Set/Rusak/Rusak_00342.jpg,Rusak
Train_Set/Aman/Aman_06286.jpg,Aman
Train_Set/Rusak/Rusak_01077.jpg,Rusak
Train_Set/Aman/Aman_08275.jpg,Aman
Train_Set/Rusak/Rusak_02528.jpg,Rusak
Train_Set/Aman/Aman_01150.jpg,Aman
Train_Set/Rusak/Rusak_02974.jpg,Rusak
Train_Set/Aman/Aman_08218.jpg,Aman
Train_Set/Aman/Aman_03135.jpg,Aman
Train_Set/Aman/Aman_08730.jpg,Aman
Train_Set/Rusak/Rusak_01471.jpg,Rusak
Train_Set/Aman/Aman_03018.jpg,Aman
Train_Set/Rusak/Rusak_02008.jpg,Rusak
Train_Set/Aman/Aman_04130.jpg,Aman
Train_Set/Aman/Aman_04216.png,Aman
Train_Set/Aman/Aman_02088.jpg,Aman
Train_Set/Aman/Aman_07531.jpg,Aman
Train_Set/Aman/Aman_07628.jpg,Aman
Train_Set/Aman/Aman_03524.jpg,Aman
Train_Set/Rusak/Rusak_02033.jpg,Rusak
Train_Set/Aman/Aman_07797.jpg,Aman
Train_Set/Aman/Aman_08584.jpg,Aman
Train_Set/Aman/Aman_01157.jpg,Aman
Train_Set/Aman/Aman_06914.jpg,Aman
Train_Set/Aman/Aman_05445.jpg,Aman
Train_Set/Aman/Aman_00916.jpg,Aman
Train_Set/Aman/Aman_00326.jpg,Aman
Train_Set/Aman/Aman_06588.jpg,Aman
Train_Set/Aman/Aman_02508.jpg,Aman
Train_Set/Lainnya/Lainnya_00070.jpg,Lainnya
Train_Set/Aman/Aman_01139.jpg,Aman
Train_Set/Rusak/Rusak_00315.jpg,Rusak
Train_Set/Aman/Aman_07694.jpg,Aman
Train_Set/Aman/Aman_05011.jpg,Aman
Train_Set/Aman/Aman_07519.jpg,Aman
Train_Set/Aman/Aman_00853.jpg,Aman
Train_Set/Rusak/Rusak_02609.jpg,Rusak
Train_Set/Rusak/Rusak_01462.jpg,Rusak
Train_Set/Aman/Aman_08420.jpg,Aman
Train_Set/Rusak/Rusak_00614.jpg,Rusak
Train_Set/Rusak/Rusak_02709.jpg,Rusak
Train_Set/Aman/Aman_04614.jpg,Aman
Train_Set/Rusak/Rusak_00364.jpg,Rusak
Train_Set/Aman/Aman_06887.jpg,Aman
Train_Set/Aman/Aman_00502.jpg,Aman
Train_Set/Aman/Aman_06634.jpg,Aman
Train_Set/Aman/Aman_07936.jpg,Aman
Train_Set/Aman/Aman_03179.jpg,Aman
Train_Set/Aman/Aman_01769.jpg,Aman
Train_Set/Rusak/Rusak_02689.jpg,Rusak
Train_Set/Rusak/Rusak_02725.jpg,Rusak
Train_Set/Aman/Aman_05284.jpg,Aman
Train_Set/Aman/Aman_00116.jpg,Aman
Train_Set/Rusak/Rusak_01620.jpg,Rusak
Train_Set/Aman/Aman_03722.jpg,Aman
Train_Set/Aman/Aman_08006.jpg,Aman
Train_Set/Rusak/Rusak_02854.jpg,Rusak
Train_Set/Aman/Aman_00059.jpg,Aman
Train_Set/Rusak/Rusak_02220.jpg,Rusak
Train_Set/Aman/Aman_06481.jpg,Aman
Train_Set/Aman/Aman_01599.jpg,Aman
Train_Set/Aman/Aman_02158.jpg,Aman
Train_Set/Aman/Aman_02544.jpg,Aman
Train_Set/Aman/Aman_07625.jpg,Aman
Train_Set/Aman/Aman_03423.jpg,Aman
Train_Set/Rusak/Rusak_01083.jpg,Rusak
Train_Set/Rusak/Rusak_00954.jpg,Rusak
Train_Set/Aman/Aman_01892.jpg,Aman
Train_Set/Rusak/Rusak_02932.jpg,Rusak
Train_Set/Rusak/Rusak_00955.jpg,Rusak
Train_Set/Aman/Aman_05783.jpg,Aman
Train_Set/Aman/Aman_07184.jpeg,Aman
Train_Set/Aman/Aman_02896.jpg,Aman
Train_Set/Lainnya/Lainnya_00140.jpg,Lainnya
Train_Set/Aman/Aman_08445.jpg,Aman
Train_Set/Aman/Aman_01668.jpg,Aman
Train_Set/Lainnya/Lainnya_00105.jpg,Lainnya
Train_Set/Rusak/Rusak_00497.jpg,Rusak
Train_Set/Rusak/Rusak_00154.jpg,Rusak
Train_Set/Aman/Aman_00193.jpg,Aman
Train_Set/Rusak/Rusak_00348.jpg,Rusak
Train_Set/Aman/Aman_06459.jpg,Aman
Train_Set/Aman/Aman_05287.jpg,Aman
Train_Set/Aman/Aman_02351.jpg,Aman
Train_Set/Aman/Aman_00907.jpg,Aman
Train_Set/Aman/Aman_06675.jpg,Aman
Train_Set/Aman/Aman_06228.jpg,Aman
Train_Set/Aman/Aman_04391.jpg,Aman
Train_Set/Aman/Aman_01942.jpg,Aman
Train_Set/Rusak/Rusak_00527.jpg,Rusak
Train_Set/Rusak/Rusak_02664.jpg,Rusak
Train_Set/Aman/Aman_05018.jpg,Aman
Train_Set/Aman/Aman_04741.jpg,Aman
Train_Set/Aman/Aman_00507.jpg,Aman
Train_Set/Aman/Aman_07470.jpg,Aman
Train_Set/Rusak/Rusak_00724.jpg,Rusak
Train_Set/Aman/Aman_06796.jpg,Aman
Train_Set/Aman/Aman_06512.jpg,Aman
Train_Set/Aman/Aman_02316.jpg,Aman
Train_Set/Aman/Aman_04251.jpg,Aman
Train_Set/Aman/Aman_03349.jpg,Aman
Train_Set/Aman/Aman_03391.jpg,Aman
Train_Set/Rusak/Rusak_02445.jpg,Rusak
Train_Set/Rusak/Rusak_01169.jpg,Rusak
Train_Set/Rusak/Rusak_02364.jpg,Rusak
Train_Set/Aman/Aman_05874.jpg,Aman
Train_Set/Aman/Aman_05058.jpg,Aman
Train_Set/Aman/Aman_08519.jpg,Aman
Train_Set/Aman/Aman_05608.jpg,Aman
Train_Set/Aman/Aman_04214.jpg,Aman
Train_Set/Rusak/Rusak_02669.jpg,Rusak
Train_Set/Rusak/Rusak_02737.jpg,Rusak
Train_Set/Aman/Aman_01128.jpg,Aman
Train_Set/Aman/Aman_03292.jpg,Aman
Train_Set/Rusak/Rusak_00637.jpg,Rusak
Train_Set/Aman/Aman_04422.jpg,Aman
Train_Set/Aman/Aman_01966.jpg,Aman
Train_Set/Aman/Aman_08261.jpg,Aman
Train_Set/Aman/Aman_01428.jpg,Aman
Train_Set/Lainnya/Lainnya_00230.jpg,Lainnya
Train_Set/Rusak/Rusak_02353.jpg,Rusak
Train_Set/Aman/Aman_05201.jpg,Aman
Train_Set/Aman/Aman_03861.jpg,Aman
Train_Set/Aman/Aman_01730.jpg,Aman
Train_Set/Aman/Aman_03915.jpg,Aman
Train_Set/Aman/Aman_06973.jpg,Aman
Train_Set/Aman/Aman_05442.jpg,Aman
Train_Set/Aman/Aman_01475.jpg,Aman
Train_Set/Rusak/Rusak_01986.jpg,Rusak
Train_Set/Aman/Aman_04584.jpg,Aman
Train_Set/Aman/Aman_00072.jpg,Aman
Train_Set/Aman/Aman_08106.jpg,Aman
Train_Set/Aman/Aman_03258.jpg,Aman
Train_Set/Rusak/Rusak_01259.jpg,Rusak
Train_Set/Aman/Aman_06128.jpg,Aman
Train_Set/Aman/Aman_03900.jpg,Aman
Train_Set/Aman/Aman_07089.jpg,Aman
Train_Set/Aman/Aman_01523.jpg,Aman
Train_Set/Aman/Aman_01841.jpg,Aman
Train_Set/Aman/Aman_03882.jpg,Aman
Train_Set/Aman/Aman_00172.jpg,Aman
Train_Set/Rusak/Rusak_01796.jpg,Rusak
Train_Set/Rusak/Rusak_02569.jpg,Rusak
Train_Set/Aman/Aman_06028.jpg,Aman
Train_Set/Rusak/Rusak_00824.jpg,Rusak
Train_Set/Rusak/Rusak_00974.jpg,Rusak
Train_Set/Aman/Aman_03572.jpg,Aman
Train_Set/Aman/Aman_07635.jpg,Aman
Train_Set/Aman/Aman_01386.jpg,Aman
Train_Set/Rusak/Rusak_02122.jpg,Rusak
Train_Set/Aman/Aman_03273.jpg,Aman
Train_Set/Aman/Aman_04477.jpg,Aman
Train_Set/Aman/Aman_03151.jpg,Aman
Train_Set/Aman/Aman_01033.jpg,Aman
Train_Set/Aman/Aman_04640.jpg,Aman
Train_Set/Rusak/Rusak_02206.jpg,Rusak
Train_Set/Aman/Aman_01874.jpg,Aman
Train_Set/Aman/Aman_02046.jpg,Aman
Train_Set/Aman/Aman_01565.jpg,Aman
Train_Set/Aman/Aman_01860.jpg,Aman
Train_Set/Rusak/Rusak_01733.jpg,Rusak
Train_Set/Aman/Aman_05761.jpg,Aman
Train_Set/Aman/Aman_07439.jpg,Aman
Train_Set/Aman/Aman_05678.jpg,Aman
Train_Set/Aman/Aman_03553.jpg,Aman
Train_Set/Aman/Aman_07968.jpg,Aman
Train_Set/Aman/Aman_08643.jpg,Aman
Train_Set/Aman/Aman_04593.jpg,Aman
Train_Set/Aman/Aman_07436.jpg,Aman
Train_Set/Aman/Aman_06608.jpg,Aman
Train_Set/Aman/Aman_06881.jpg,Aman
Train_Set/Rusak/Rusak_02896.jpg,Rusak
Train_Set/Aman/Aman_00859.jpg,Aman
Train_Set/Lainnya/Lainnya_00220.jpg,Lainnya
Train_Set/Aman/Aman_02601.jpg,Aman
Train_Set/Aman/Aman_07883.jpg,Aman
Train_Set/Aman/Aman_01217.jpg,Aman
Train_Set/Aman/Aman_01452.jpg,Aman
Train_Set/Aman/Aman_00850.jpg,Aman
Train_Set/Rusak/Rusak_02929.jpg,Rusak
Train_Set/Aman/Aman_02447.jpg,Aman
Train_Set/Aman/Aman_00407.jpg,Aman
Train_Set/Rusak/Rusak_01505.jpg,Rusak
Train_Set/Aman/Aman_00276.jpg,Aman
Train_Set/Rusak/Rusak_01366.jpg,Rusak
Train_Set/Aman/Aman_04695.jpg,Aman
Train_Set/Rusak/Rusak_02100.jpg,Rusak
Train_Set/Aman/Aman_07395.jpg,Aman
Train_Set/Aman/Aman_02974.jpg,Aman
Train_Set/Aman/Aman_02128.jpg,Aman
Train_Set/Aman/Aman_06725.jpg,Aman
Train_Set/Aman/Aman_06147.jpg,Aman
Train_Set/Rusak/Rusak_02419.jpg,Rusak
Train_Set/Aman/Aman_02108.jpg,Aman
Train_Set/Aman/Aman_03013.jpg,Aman
Train_Set/Aman/Aman_00142.jpg,Aman
Train_Set/Aman/Aman_01353.jpg,Aman
Train_Set/Aman/Aman_06323.jpg,Aman
Train_Set/Aman/Aman_02302.jpg,Aman
Train_Set/Aman/Aman_03596.jpg,Aman
Train_Set/Lainnya/Lainnya_00356.jpg,Lainnya
Train_Set/Rusak/Rusak_01573.jpg,Rusak
Train_Set/Rusak/Rusak_02884.jpg,Rusak
Train_Set/Aman/Aman_00562.jpg,Aman
Train_Set/Aman/Aman_07046.jpg,Aman
Train_Set/Rusak/Rusak_00556.jpg,Rusak
Train_Set/Aman/Aman_02855.jpg,Aman
Train_Set/Aman/Aman_02300.jpg,Aman
Train_Set/Aman/Aman_04775.jpg,Aman
Train_Set/Aman/Aman_06524.jpg,Aman
Train_Set/Aman/Aman_01609.jpg,Aman
Train_Set/Rusak/Rusak_01518.jpg,Rusak
Train_Set/Aman/Aman_07647.jpg,Aman
Train_Set/Aman/Aman_00359.jpg,Aman
Train_Set/Aman/Aman_03860.jpg,Aman
Train_Set/Rusak/Rusak_00505.jpg,Rusak
Train_Set/Rusak/Rusak_01753.jpg,Rusak
Train_Set/Aman/Aman_08041.jpg,Aman
Train_Set/Aman/Aman_05133.jpg,Aman
Train_Set/Rusak/Rusak_02245.jpg,Rusak
Train_Set/Aman/Aman_01527.jpg,Aman
Train_Set/Aman/Aman_01891.jpg,Aman
Train_Set/Aman/Aman_04276.jpg,Aman
Train_Set/Aman/Aman_03854.jpg,Aman
Train_Set/Aman/Aman_00309.jpg,Aman
Train_Set/Aman/Aman_08462.jpg,Aman
Train_Set/Aman/Aman_03778.jpg,Aman
Train_Set/Rusak/Rusak_01945.jpg,Rusak
Train_Set/Aman/Aman_07678.jpg,Aman
Train_Set/Aman/Aman_06977.jpg,Aman
Train_Set/Aman/Aman_04845.jpg,Aman
Train_Set/Aman/Aman_05602.jpg,Aman
Train_Set/Lainnya/Lainnya_00421.jpg,Lainnya
Train_Set/Aman/Aman_04403.jpg,Aman
Train_Set/Rusak/Rusak_02125.jpg,Rusak
Train_Set/Aman/Aman_00596.jpg,Aman
Train_Set/Aman/Aman_02619.jpg,Aman
Train_Set/Aman/Aman_06243.jpg,Aman
Train_Set/Aman/Aman_04985.jpg,Aman
Train_Set/Rusak/Rusak_00651.jpg,Rusak
Train_Set/Aman/Aman_00727.jpg,Aman
Train_Set/Rusak/Rusak_00427.jpg,Rusak
Train_Set/Rusak/Rusak_00022.jpg,Rusak
Train_Set/Aman/Aman_07791.jpg,Aman
Train_Set/Rusak/Rusak_01873.jpg,Rusak
Train_Set/Aman/Aman_04259.jpg,Aman
Train_Set/Rusak/Rusak_00307.jpg,Rusak
Train_Set/Rusak/Rusak_01892.jpg,Rusak
Train_Set/Aman/Aman_06935.jpg,Aman
Train_Set/Aman/Aman_00541.jpg,Aman
Train_Set/Aman/Aman_06393.jpg,Aman
Train_Set/Rusak/Rusak_02389.jpg,Rusak
Train_Set/Rusak/Rusak_00452.jpg,Rusak
Train_Set/Rusak/Rusak_01337.jpg,Rusak
Train_Set/Rusak/Rusak_00432.jpg,Rusak
Train_Set/Aman/Aman_02848.jpg,Aman
Train_Set/Aman/Aman_03016.jpg,Aman
Train_Set/Aman/Aman_04944.jpg,Aman
Train_Set/Aman/Aman_08616.jpg,Aman
Train_Set/Aman/Aman_00874.jpg,Aman
Train_Set/Aman/Aman_06772.jpg,Aman
Train_Set/Aman/Aman_06001.jpg,Aman
Train_Set/Rusak/Rusak_01374.jpg,Rusak
Train_Set/Rusak/Rusak_01585.jpg,Rusak
Train_Set/Aman/Aman_03176.jpg,Aman
Train_Set/Rusak/Rusak_01307.jpg,Rusak
Train_Set/Aman/Aman_07412.jpg,Aman
Train_Set/Aman/Aman_07956.jpg,Aman
Train_Set/Rusak/Rusak_01502.jpg,Rusak
Train_Set/Rusak/Rusak_00272.jpg,Rusak
Train_Set/Lainnya/Lainnya_00281.jpg,Lainnya
Train_Set/Aman/Aman_04915.jpg,Aman
Train_Set/Aman/Aman_04777.jpg,Aman
Train_Set/Aman/Aman_01437.jpg,Aman
Train_Set/Aman/Aman_05511.jpg,Aman
Train_Set/Aman/Aman_07783.jpg,Aman
Train_Set/Rusak/Rusak_01576.jpg,Rusak
Train_Set/Aman/Aman_01238.jpg,Aman
Train_Set/Aman/Aman_04161.jpg,Aman
Train_Set/Aman/Aman_00611.jpg,Aman
Train_Set/Aman/Aman_06828.jpg,Aman
Train_Set/Aman/Aman_08565.jpg,Aman
Train_Set/Aman/Aman_07606.jpg,Aman
Train_Set/Aman/Aman_03068.jpg,Aman
Train_Set/Aman/Aman_02295.jpg,Aman
Train_Set/Rusak/Rusak_02876.jpg,Rusak
Train_Set/Aman/Aman_02604.jpg,Aman
Train_Set/Aman/Aman_02225.jpg,Aman
Train_Set/Aman/Aman_04539.jpg,Aman
Train_Set/Lainnya/Lainnya_00104.jpg,Lainnya
Train_Set/Aman/Aman_03785.jpg,Aman
Train_Set/Rusak/Rusak_00877.jpg,Rusak
Train_Set/Rusak/Rusak_02845.jpg,Rusak
Train_Set/Aman/Aman_02688.jpg,Aman
Train_Set/Rusak/Rusak_00581.jpg,Rusak
Train_Set/Aman/Aman_06642.jpg,Aman
Train_Set/Aman/Aman_02605.jpg,Aman
Train_Set/Aman/Aman_05131.jpg,Aman
Train_Set/Rusak/Rusak_01830.jpg,Rusak
Train_Set/Aman/Aman_06805.jpg,Aman
Train_Set/Aman/Aman_05910.jpg,Aman
Train_Set/Aman/Aman_05961.jpg,Aman
Train_Set/Aman/Aman_00755.jpg,Aman
Train_Set/Lainnya/Lainnya_00035.jpg,Lainnya
Train_Set/Aman/Aman_07253.jpg,Aman
Train_Set/Rusak/Rusak_01875.jpg,Rusak
Train_Set/Aman/Aman_07799.jpg,Aman
Train_Set/Aman/Aman_00136.jpg,Aman
Train_Set/Aman/Aman_05311.jpg,Aman
Train_Set/Rusak/Rusak_02795.jpg,Rusak
Train_Set/Aman/Aman_03187.jpg,Aman
Train_Set/Aman/Aman_05697.jpg,Aman
Train_Set/Aman/Aman_04835.jpg,Aman
Train_Set/Aman/Aman_05889.jpg,Aman
Train_Set/Rusak/Rusak_00753.jpg,Rusak
Train_Set/Aman/Aman_04529.jpg,Aman
Train_Set/Aman/Aman_08771.jpg,Aman
Train_Set/Aman/Aman_01189.jpg,Aman
Train_Set/Rusak/Rusak_02270.jpg,Rusak
Train_Set/Aman/Aman_08583.jpg,Aman
Train_Set/Aman/Aman_00712.jpg,Aman
Train_Set/Lainnya/Lainnya_00098.jpg,Lainnya
Train_Set/Rusak/Rusak_02374.jpg,Rusak
Train_Set/Rusak/Rusak_01912.jpg,Rusak
Train_Set/Aman/Aman_07889.jpg,Aman
Train_Set/Rusak/Rusak_01757.jpg,Rusak
Train_Set/Aman/Aman_08747.jpg,Aman
Train_Set/Rusak/Rusak_02861.jpg,Rusak
Train_Set/Aman/Aman_05040.jpg,Aman
Train_Set/Aman/Aman_03275.jpg,Aman
Train_Set/Rusak/Rusak_02183.jpg,Rusak
Train_Set/Aman/Aman_05574.jpg,Aman
Train_Set/Aman/Aman_00358.jpg,Aman
Train_Set/Aman/Aman_02215.jpg,Aman
Train_Set/Aman/Aman_05403.jpg,Aman
Train_Set/Aman/Aman_02770.jpg,Aman
Train_Set/Aman/Aman_02778.jpg,Aman
Train_Set/Rusak/Rusak_00201.jpg,Rusak
Train_Set/Aman/Aman_04694.jpg,Aman
Train_Set/Aman/Aman_03709.jpg,Aman
Train_Set/Aman/Aman_03528.jpg,Aman
Train_Set/Aman/Aman_01929.jpg,Aman
Train_Set/Aman/Aman_03411.jpg,Aman
Train_Set/Aman/Aman_01862.jpg,Aman
Train_Set/Aman/Aman_02518.jpg,Aman
Train_Set/Aman/Aman_07273.jpg,Aman
Train_Set/Aman/Aman_00052.jpg,Aman
Train_Set/Rusak/Rusak_01448.jpg,Rusak
Train_Set/Aman/Aman_02583.jpg,Aman
Train_Set/Aman/Aman_00615.jpg,Aman
Train_Set/Aman/Aman_02889.jpg,Aman
Train_Set/Aman/Aman_03370.jpg,Aman
Train_Set/Aman/Aman_06387.jpg,Aman
Train_Set/Rusak/Rusak_01036.jpg,Rusak
Train_Set/Aman/Aman_07328.jpg,Aman
Train_Set/Aman/Aman_08088.jpg,Aman
Train_Set/Rusak/Rusak_02423.jpg,Rusak
Train_Set/Aman/Aman_06335.jpg,Aman
Train_Set/Aman/Aman_00654.jpg,Aman
Train_Set/Aman/Aman_02146.jpg,Aman
Train_Set/Rusak/Rusak_02199.jpg,Rusak
Train_Set/Aman/Aman_07747.jpg,Aman
Train_Set/Aman/Aman_03566.jpg,Aman
Train_Set/Aman/Aman_03664.jpg,Aman
Train_Set/Rusak/Rusak_00403.jpg,Rusak
Train_Set/Aman/Aman_01701.jpg,Aman
Train_Set/Aman/Aman_08056.jpg,Aman
Train_Set/Aman/Aman_08484.jpg,Aman
Train_Set/Rusak/Rusak_02945.jpg,Rusak
Train_Set/Aman/Aman_06008.jpg,Aman
Train_Set/Aman/Aman_02425.jpg,Aman
Train_Set/Aman/Aman_06215.jpg,Aman
Train_Set/Aman/Aman_05231.jpg,Aman
Train_Set/Aman/Aman_07066.jpg,Aman
Train_Set/Aman/Aman_01983.jpg,Aman
Train_Set/Aman/Aman_01743.jpg,Aman
Train_Set/Aman/Aman_00378.jpg,Aman
Train_Set/Aman/Aman_01919.jpg,Aman
Train_Set/Aman/Aman_08490.jpg,Aman
Train_Set/Aman/Aman_03728.jpg,Aman
Train_Set/Aman/Aman_01135.jpg,Aman
Train_Set/Rusak/Rusak_01376.jpg,Rusak
Train_Set/Rusak/Rusak_02619.jpg,Rusak
Train_Set/Rusak/Rusak_02079.jpg,Rusak
Train_Set/Aman/Aman_01564.jpg,Aman
Train_Set/Rusak/Rusak_02995.jpg,Rusak
Train_Set/Rusak/Rusak_02827.jpg,Rusak
Train_Set/Aman/Aman_03790.jpg,Aman
Train_Set/Rusak/Rusak_02385.jpg,Rusak
Train_Set/Aman/Aman_04282.jpg,Aman
Train_Set/Rusak/Rusak_02955.jpg,Rusak
Train_Set/Aman/Aman_02185.jpg,Aman
Train_Set/Aman/Aman_02156.jpg,Aman
Train_Set/Aman/Aman_07489.jpg,Aman
Train_Set/Lainnya/Lainnya_00350.jpg,Lainnya
Train_Set/Aman/Aman_03649.jpg,Aman
Train_Set/Rusak/Rusak_01372.jpg,Rusak
Train_Set/Rusak/Rusak_01721.jpg,Rusak
Train_Set/Rusak/Rusak_01002.jpg,Rusak
Train_Set/Rusak/Rusak_01677.jpg,Rusak
Train_Set/Aman/Aman_05644.jpg,Aman
Train_Set/Aman/Aman_05348.jpg,Aman
Train_Set/Aman/Aman_04369.jpg,Aman
Train_Set/Aman/Aman_02029.jpg,Aman
Train_Set/Aman/Aman_08322.jpg,Aman
Train_Set/Aman/Aman_05924.jpg,Aman
Train_Set/Aman/Aman_05550.jpg,Aman
Train_Set/Aman/Aman_03023.jpg,Aman
Train_Set/Aman/Aman_01278.jpg,Aman
Train_Set/Rusak/Rusak_02157.jpg,Rusak
Train_Set/Aman/Aman_05229.jpg,Aman
Train_Set/Rusak/Rusak_01577.jpg,Rusak
Train_Set/Aman/Aman_00058.jpg,Aman
Train_Set/Rusak/Rusak_01222.jpg,Rusak
Train_Set/Aman/Aman_01602.jpg,Aman
Train_Set/Aman/Aman_03689.jpg,Aman
Train_Set/Rusak/Rusak_01637.jpg,Rusak
Train_Set/Aman/Aman_01145.jpg,Aman
Train_Set/Rusak/Rusak_02117.jpg,Rusak
Train_Set/Rusak/Rusak_00643.jpg,Rusak
Train_Set/Aman/Aman_03407.jpg,Aman
Train_Set/Rusak/Rusak_00691.jpg,Rusak
Train_Set/Aman/Aman_06689.jpg,Aman
Train_Set/Aman/Aman_02020.jpg,Aman
Train_Set/Aman/Aman_07227.jpg,Aman
Train_Set/Aman/Aman_00234.jpg,Aman
Train_Set/Rusak/Rusak_02856.jpg,Rusak
Train_Set/Aman/Aman_05407.jpg,Aman
Train_Set/Rusak/Rusak_02614.jpg,Rusak
Train_Set/Aman/Aman_00345.jpg,Aman
Train_Set/Aman/Aman_05835.jpg,Aman
Train_Set/Aman/Aman_06357.jpg,Aman
Train_Set/Rusak/Rusak_00510.jpg,Rusak
Train_Set/Aman/Aman_00587.jpg,Aman
Train_Set/Rusak/Rusak_01894.jpg,Rusak
Train_Set/Aman/Aman_06386.jpg,Aman
Train_Set/Rusak/Rusak_01416.jpg,Rusak
Train_Set/Aman/Aman_01252.jpg,Aman
Train_Set/Aman/Aman_04212.jpg,Aman
Train_Set/Rusak/Rusak_02329.jpg,Rusak
Train_Set/Aman/Aman_04440.jpg,Aman
Train_Set/Aman/Aman_05829.jpg,Aman
Train_Set/Rusak/Rusak_01126.jpg,Rusak
Train_Set/Aman/Aman_00578.jpg,Aman
Train_Set/Aman/Aman_02238.jpg,Aman
Train_Set/Aman/Aman_02457.jpg,Aman
Train_Set/Aman/Aman_01740.jpg,Aman
Train_Set/Aman/Aman_05271.jpg,Aman
Train_Set/Aman/Aman_02836.jpg,Aman
Train_Set/Rusak/Rusak_01196.jpg,Rusak
Train_Set/Aman/Aman_01433.jpg,Aman
Train_Set/Rusak/Rusak_01564.jpg,Rusak
Train_Set/Rusak/Rusak_01088.jpg,Rusak
Train_Set/Aman/Aman_08040.jpg,Aman
Train_Set/Rusak/Rusak_01917.jpg,Rusak
Train_Set/Aman/Aman_00200.jpg,Aman
Train_Set/Rusak/Rusak_00130.jpg,Rusak
Train_Set/Aman/Aman_05654.jpg,Aman
Train_Set/Aman/Aman_02690.jpg,Aman
Train_Set/Aman/Aman_03577.jpg,Aman
Train_Set/Aman/Aman_07133.jpg,Aman
Train_Set/Aman/Aman_07494.jpg,Aman
Train_Set/Aman/Aman_03250.jpg,Aman
Train_Set/Aman/Aman_04756.jpg,Aman
Train_Set/Aman/Aman_08370.jpg,Aman
Train_Set/Aman/Aman_05339.jpg,Aman
Train_Set/Aman/Aman_04327.jpg,Aman
Train_Set/Rusak/Rusak_01365.jpg,Rusak
Train_Set/Aman/Aman_00040.jpg,Aman
Train_Set/Rusak/Rusak_02620.jpg,Rusak
Train_Set/Rusak/Rusak_00113.jpg,Rusak
Train_Set/Rusak/Rusak_02844.jpg,Rusak
Train_Set/Aman/Aman_04583.jpg,Aman
Train_Set/Lainnya/Lainnya_00225.jpg,Lainnya
Train_Set/Aman/Aman_05404.jpg,Aman
Train_Set/Rusak/Rusak_01071.jpg,Rusak
Train_Set/Aman/Aman_06439.jpg,Aman
Train_Set/Aman/Aman_06309.jpg,Aman
Train_Set/Aman/Aman_05309.jpg,Aman
Train_Set/Aman/Aman_03894.jpg,Aman
Train_Set/Aman/Aman_07660.jpg,Aman
Train_Set/Aman/Aman_05606.jpg,Aman
Train_Set/Aman/Aman_03712.jpg,Aman
Train_Set/Aman/Aman_00619.jpg,Aman
Train_Set/Aman/Aman_06830.jpg,Aman
Train_Set/Rusak/Rusak_01353.jpg,Rusak
Train_Set/Aman/Aman_06068.jpg,Aman
Train_Set/Rusak/Rusak_01844.jpg,Rusak
Train_Set/Aman/Aman_05844.jpg,Aman
Train_Set/Rusak/Rusak_01267.jpg,Rusak
Train_Set/Aman/Aman_07421.jpg,Aman
Train_Set/Rusak/Rusak_00641.jpg,Rusak
Train_Set/Aman/Aman_05516.jpg,Aman
Train_Set/Aman/Aman_03110.jpg,Aman
Train_Set/Aman/Aman_05903.jpg,Aman
Train_Set/Rusak/Rusak_01605.jpg,Rusak
Train_Set/Aman/Aman_07654.jpg,Aman
Train_Set/Aman/Aman_05207.jpg,Aman
Train_Set/Aman/Aman_00620.jpg,Aman
Train_Set/Aman/Aman_01516.jpg,Aman
Train_Set/Aman/Aman_00064.jpg,Aman
Train_Set/Aman/Aman_04465.jpg,Aman
Train_Set/Lainnya/Lainnya_00018.jpg,Lainnya
Train_Set/Aman/Aman_04645.jpg,Aman
Train_Set/Aman/Aman_02135.jpg,Aman
Train_Set/Aman/Aman_07174.jpg,Aman
Train_Set/Aman/Aman_03654.jpg,Aman
Train_Set/Lainnya/Lainnya_00303.jpg,Lainnya
Train_Set/Aman/Aman_00579.jpg,Aman
Train_Set/Rusak/Rusak_00602.jpg,Rusak
Train_Set/Rusak/Rusak_00983.jpg,Rusak
Train_Set/Aman/Aman_02742.jpg,Aman
Train_Set/Aman/Aman_04263.jpg,Aman
Train_Set/Aman/Aman_04081.jpg,Aman
Train_Set/Aman/Aman_02002.jpg,Aman
Train_Set/Aman/Aman_04495.jpg,Aman
Train_Set/Aman/Aman_06471.jpg,Aman
Train_Set/Rusak/Rusak_01735.jpg,Rusak
Train_Set/Aman/Aman_04106.jpg,Aman
Train_Set/Rusak/Rusak_01352.jpg,Rusak
Train_Set/Aman/Aman_04458.jpg,Aman
Train_Set/Aman/Aman_05595.jpg,Aman
Train_Set/Aman/Aman_04309.jpg,Aman
Train_Set/Aman/Aman_06285.jpg,Aman
Train_Set/Rusak/Rusak_00267.jpg,Rusak
Train_Set/Aman/Aman_02408.jpg,Aman
Train_Set/Aman/Aman_01039.jpg,Aman
Train_Set/Aman/Aman_00938.jpg,Aman
Train_Set/Aman/Aman_04869.jpg,Aman
Train_Set/Aman/Aman_01729.jpg,Aman
Train_Set/Rusak/Rusak_01863.jpg,Rusak
Train_Set/Aman/Aman_02736.jpg,Aman
Train_Set/Aman/Aman_06067.jpg,Aman
Train_Set/Rusak/Rusak_02223.jpg,Rusak
Train_Set/Aman/Aman_00683.jpg,Aman
Train_Set/Aman/Aman_04547.jpg,Aman
Train_Set/Aman/Aman_02362.jpg,Aman
Train_Set/Aman/Aman_03134.jpg,Aman
Train_Set/Aman/Aman_01223.jpg,Aman
Train_Set/Aman/Aman_00914.jpg,Aman
Train_Set/Rusak/Rusak_01346.jpg,Rusak
Train_Set/Rusak/Rusak_00735.jpg,Rusak
Train_Set/Aman/Aman_07022.jpg,Aman
Train_Set/Rusak/Rusak_02950.jpg,Rusak
Train_Set/Aman/Aman_08440.jpg,Aman
Train_Set/Aman/Aman_06670.jpg,Aman
Train_Set/Aman/Aman_01179.jpg,Aman
Train_Set/Aman/Aman_00161.jpg,Aman
Train_Set/Aman/Aman_06641.jpg,Aman
Train_Set/Aman/Aman_02802.jpg,Aman
Train_Set/Aman/Aman_06866.jpg,Aman
Train_Set/Aman/Aman_07887.jpg,Aman
Train_Set/Rusak/Rusak_01840.jpg,Rusak
Train_Set/Aman/Aman_05886.jpg,Aman
Train_Set/Aman/Aman_01603.jpg,Aman
Train_Set/Lainnya/Lainnya_00092.jpg,Lainnya
Train_Set/Aman/Aman_01201.jpg,Aman
Train_Set/Aman/Aman_04658.jpg,Aman
Train_Set/Aman/Aman_00687.jpg,Aman
Train_Set/Aman/Aman_01901.jpg,Aman
Train_Set/Aman/Aman_04820.jpg,Aman
Train_Set/Aman/Aman_03472.jpg,Aman
Train_Set/Aman/Aman_00130.jpg,Aman
Train_Set/Aman/Aman_07433.jpg,Aman
Train_Set/Lainnya/Lainnya_00259.jpg,Lainnya
Train_Set/Aman/Aman_05114.jpg,Aman
Train_Set/Lainnya/Lainnya_00236.jpg,Lainnya
Train_Set/Aman/Aman_00909.jpg,Aman
Train_Set/Aman/Aman_06970.jpg,Aman
Train_Set/Aman/Aman_03730.jpg,Aman
Train_Set/Aman/Aman_04707.jpg,Aman
Train_Set/Aman/Aman_06600.jpg,Aman
Train_Set/Aman/Aman_00702.jpg,Aman
Train_Set/Aman/Aman_04376.jpg,Aman
Train_Set/Aman/Aman_02203.jpg,Aman
Train_Set/Aman/Aman_07051.jpg,Aman
Train_Set/Aman/Aman_04934.jpg,Aman
Train_Set/Aman/Aman_02533.jpg,Aman
Train_Set/Lainnya/Lainnya_00193.jpg,Lainnya
Train_Set/Aman/Aman_07326.jpg,Aman
Train_Set/Aman/Aman_02285.jpg,Aman
Train_Set/Aman/Aman_07982.jpg,Aman
Train_Set/Aman/Aman_08015.jpg,Aman
Train_Set/Rusak/Rusak_00226.jpg,Rusak
Train_Set/Rusak/Rusak_01122.jpg,Rusak
Train_Set/Aman/Aman_01852.jpg,Aman
Train_Set/Lainnya/Lainnya_00048.jpg,Lainnya
Train_Set/Aman/Aman_06889.jpg,Aman
Train_Set/Aman/Aman_01296.jpg,Aman
Train_Set/Aman/Aman_04358.jpg,Aman
Train_Set/Rusak/Rusak_02954.jpg,Rusak
Train_Set/Aman/Aman_01158.jpg,Aman
Train_Set/Aman/Aman_08521.jpg,Aman
Train_Set/Aman/Aman_08394.jpg,Aman
Train_Set/Aman/Aman_06584.jpg,Aman
Train_Set/Aman/Aman_07670.jpg,Aman
Train_Set/Aman/Aman_03169.jpg,Aman
Train_Set/Aman/Aman_03333.jpg,Aman
Train_Set/Rusak/Rusak_00379.jpg,Rusak
Train_Set/Aman/Aman_08427.jpg,Aman
Train_Set/Aman/Aman_02637.jpg,Aman
Train_Set/Rusak/Rusak_01281.jpg,Rusak
Train_Set/Rusak/Rusak_02733.jpg,Rusak
Train_Set/Aman/Aman_00571.png,Aman
Train_Set/Aman/Aman_03846.jpg,Aman
Train_Set/Aman/Aman_06509.jpg,Aman
Train_Set/Aman/Aman_01643.jpg,Aman
Train_Set/Aman/Aman_03940.jpg,Aman
Train_Set/Aman/Aman_04138.jpg,Aman
Train_Set/Rusak/Rusak_00804.jpg,Rusak
Train_Set/Aman/Aman_06941.jpg,Aman
Train_Set/Lainnya/Lainnya_00136.jpg,Lainnya
Train_Set/Rusak/Rusak_00943.jpg,Rusak
Train_Set/Aman/Aman_04729.jpg,Aman
Train_Set/Rusak/Rusak_00133.jpg,Rusak
Train_Set/Rusak/Rusak_00876.jpg,Rusak
Train_Set/Aman/Aman_01318.jpg,Aman
Train_Set/Aman/Aman_07884.jpg,Aman
Train_Set/Rusak/Rusak_02476.jpg,Rusak
Train_Set/Aman/Aman_08167.jpg,Aman
Train_Set/Aman/Aman_02469.jpg,Aman
Train_Set/Aman/Aman_00554.jpg,Aman
Train_Set/Rusak/Rusak_01166.jpg,Rusak
Train_Set/Aman/Aman_05687.jpg,Aman
Train_Set/Aman/Aman_05395.jpg,Aman
Train_Set/Aman/Aman_08792.jpg,Aman
Train_Set/Aman/Aman_02804.jpg,Aman
Train_Set/Aman/Aman_07706.jpg,Aman
Train_Set/Rusak/Rusak_02561.jpg,Rusak
Train_Set/Aman/Aman_04605.jpg,Aman
Train_Set/Aman/Aman_07423.jpg,Aman
Train_Set/Rusak/Rusak_02422.jpg,Rusak
Train_Set/Aman/Aman_00351.jpg,Aman
Train_Set/Aman/Aman_06046.jpg,Aman
Train_Set/Aman/Aman_00758.jpg,Aman
Train_Set/Aman/Aman_08349.jpg,Aman
Train_Set/Aman/Aman_06165.jpg,Aman
Train_Set/Aman/Aman_04472.jpg,Aman
Train_Set/Aman/Aman_07477.jpg,Aman
Train_Set/Aman/Aman_01613.jpg,Aman
Train_Set/Rusak/Rusak_00671.jpg,Rusak
Train_Set/Aman/Aman_04792.jpg,Aman
Train_Set/Aman/Aman_01589.jpg,Aman
Train_Set/Rusak/Rusak_01726.jpg,Rusak
Train_Set/Aman/Aman_00030.jpg,Aman
Train_Set/Aman/Aman_02828.jpg,Aman
Train_Set/Rusak/Rusak_01344.jpg,Rusak
Train_Set/Aman/Aman_04133.jpg,Aman
Train_Set/Rusak/Rusak_01156.jpg,Rusak
Train_Set/Aman/Aman_03863.jpg,Aman
Train_Set/Aman/Aman_04973.jpg,Aman
Train_Set/Aman/Aman_03879.jpg,Aman
Train_Set/Aman/Aman_07459.jpg,Aman
Train_Set/Aman/Aman_05691.jpg,Aman
Train_Set/Aman/Aman_04748.jpg,Aman
Train_Set/Rusak/Rusak_02112.jpg,Rusak
Train_Set/Rusak/Rusak_00647.jpg,Rusak
Train_Set/Aman/Aman_07811.jpg,Aman
Train_Set/Aman/Aman_07154.jpg,Aman
Train_Set/Aman/Aman_05421.jpg,Aman
Train_Set/Rusak/Rusak_00040.jpg,Rusak
Train_Set/Aman/Aman_04752.jpg,Aman
Train_Set/Aman/Aman_05065.jpg,Aman
Train_Set/Aman/Aman_07098.jpg,Aman
Train_Set/Aman/Aman_01453.jpg,Aman
Train_Set/Aman/Aman_08492.jpg,Aman
Train_Set/Lainnya/Lainnya_00123.jpg,Lainnya
Train_Set/Aman/Aman_07367.jpg,Aman
Train_Set/Rusak/Rusak_02776.jpg,Rusak
Train_Set/Aman/Aman_00971.jpg,Aman
Train_Set/Aman/Aman_04155.jpg,Aman
Train_Set/Rusak/Rusak_02247.jpg,Rusak
Train_Set/Aman/Aman_00555.jpg,Aman
Train_Set/Lainnya/Lainnya_00389.jpg,Lainnya
Train_Set/Aman/Aman_08516.jpg,Aman
Train_Set/Rusak/Rusak_01635.jpg,Rusak
Train_Set/Aman/Aman_02541.jpg,Aman
Train_Set/Aman/Aman_04794.jpg,Aman
Train_Set/Aman/Aman_01661.jpg,Aman
Train_Set/Aman/Aman_04853.jpg,Aman
Train_Set/Rusak/Rusak_01684.jpg,Rusak
Train_Set/Aman/Aman_06070.jpg,Aman
Train_Set/Aman/Aman_07349.jpg,Aman
Train_Set/Rusak/Rusak_02847.jpg,Rusak
Train_Set/Rusak/Rusak_02432.jpg,Rusak
Train_Set/Lainnya/Lainnya_00339.jpg,Lainnya
Train_Set/Aman/Aman_07268.jpg,Aman
Train_Set/Aman/Aman_01819.jpg,Aman
Train_Set/Rusak/Rusak_01207.jpg,Rusak
Train_Set/Aman/Aman_02965.jpg,Aman
Train_Set/Rusak/Rusak_02218.jpg,Rusak
Train_Set/Aman/Aman_05850.jpg,Aman
Train_Set/Aman/Aman_02887.jpg,Aman
Train_Set/Aman/Aman_00069.jpg,Aman
Train_Set/Aman/Aman_01645.jpg,Aman
Train_Set/Aman/Aman_08388.jpg,Aman
Train_Set/Rusak/Rusak_01869.jpg,Rusak
Train_Set/Aman/Aman_04352.jpg,Aman
Train_Set/Aman/Aman_02849.jpg,Aman
Train_Set/Aman/Aman_07018.jpg,Aman
Train_Set/Rusak/Rusak_02816.jpg,Rusak
Train_Set/Aman/Aman_05496.jpg,Aman
Train_Set/Aman/Aman_07595.jpg,Aman
Train_Set/Rusak/Rusak_02453.jpg,Rusak
Train_Set/Aman/Aman_04011.jpg,Aman
Train_Set/Aman/Aman_05253.jpg,Aman
Train_Set/Aman/Aman_01492.jpg,Aman
Train_Set/Aman/Aman_08487.jpg,Aman
Train_Set/Aman/Aman_02782.jpg,Aman
Train_Set/Aman/Aman_02497.jpg,Aman
Train_Set/Aman/Aman_06701.jpg,Aman
Train_Set/Rusak/Rusak_00775.jpg,Rusak
Train_Set/Rusak/Rusak_02901.jpg,Rusak
Train_Set/Aman/Aman_02031.jpg,Aman
Train_Set/Aman/Aman_05888.jpg,Aman
Train_Set/Rusak/Rusak_02138.jpg,Rusak
Train_Set/Aman/Aman_05631.jpg,Aman
Train_Set/Aman/Aman_02771.jpg,Aman
Train_Set/Rusak/Rusak_01666.jpg,Rusak
Train_Set/Aman/Aman_07932.jpg,Aman
Train_Set/Aman/Aman_05928.jpg,Aman
Train_Set/Aman/Aman_05795.jpg,Aman
Train_Set/Aman/Aman_05675.jpg,Aman
Train_Set/Aman/Aman_01764.jpg,Aman
Train_Set/Aman/Aman_05055.jpg,Aman
Train_Set/Aman/Aman_04970.jpg,Aman
Train_Set/Aman/Aman_08226.jpg,Aman
Train_Set/Aman/Aman_06340.jpg,Aman
Train_Set/Aman/Aman_02432.jpg,Aman
Train_Set/Rusak/Rusak_02257.jpg,Rusak
Train_Set/Rusak/Rusak_02405.jpg,Rusak
Train_Set/Aman/Aman_00192.jpg,Aman
Train_Set/Aman/Aman_02868.jpg,Aman
Train_Set/Aman/Aman_02981.jpg,Aman
Train_Set/Rusak/Rusak_00668.jpg,Rusak
Train_Set/Lainnya/Lainnya_00032.jpg,Lainnya
Train_Set/Rusak/Rusak_02282.jpg,Rusak
Train_Set/Rusak/Rusak_00214.jpg,Rusak
Train_Set/Rusak/Rusak_00392.jpg,Rusak
Train_Set/Rusak/Rusak_01286.jpg,Rusak
Train_Set/Aman/Aman_03708.jpg,Aman
Train_Set/Aman/Aman_08236.jpg,Aman
Train_Set/Rusak/Rusak_02355.jpg,Rusak
Train_Set/Aman/Aman_06490.jpg,Aman
Train_Set/Aman/Aman_01323.jpg,Aman
Train_Set/Aman/Aman_00747.jpg,Aman
Train_Set/Aman/Aman_00273.jpg,Aman
Train_Set/Rusak/Rusak_01992.jpg,Rusak
Train_Set/Aman/Aman_02857.jpg,Aman
Train_Set/Rusak/Rusak_02485.jpg,Rusak
Train_Set/Aman/Aman_07377.jpg,Aman
Train_Set/Aman/Aman_00791.jpg,Aman
Train_Set/Aman/Aman_07794.jpg,Aman
Train_Set/Aman/Aman_00640.jpg,Aman
Train_Set/Rusak/Rusak_02918.jpg,Rusak
Train_Set/Aman/Aman_01711.jpg,Aman
Train_Set/Aman/Aman_02009.jpg,Aman
Train_Set/Aman/Aman_00953.jpg,Aman
Train_Set/Aman/Aman_07502.jpg,Aman
Train_Set/Aman/Aman_05693.jpg,Aman
Train_Set/Aman/Aman_03574.jpg,Aman
Train_Set/Rusak/Rusak_02290.jpg,Rusak
Train_Set/Aman/Aman_06027.jpg,Aman
Train_Set/Rusak/Rusak_00848.jpg,Rusak
Train_Set/Rusak/Rusak_02559.jpg,Rusak
Train_Set/Aman/Aman_05894.jpg,Aman
Train_Set/Aman/Aman_04240.png,Aman
Train_Set/Rusak/Rusak_01018.jpg,Rusak
Train_Set/Aman/Aman_05996.jpg,Aman
Train_Set/Rusak/Rusak_00280.jpg,Rusak
Train_Set/Rusak/Rusak_00164.jpg,Rusak
Train_Set/Rusak/Rusak_02115.jpg,Rusak
Train_Set/Aman/Aman_01196.jpg,Aman
Train_Set/Aman/Aman_07733.jpg,Aman
Train_Set/Rusak/Rusak_01403.jpg,Rusak
Train_Set/Lainnya/Lainnya_00285.jpg,Lainnya
Train_Set/Aman/Aman_07330.jpg,Aman
Train_Set/Aman/Aman_06621.jpg,Aman
Train_Set/Aman/Aman_07192.jpeg,Aman
Train_Set/Aman/Aman_02835.jpg,Aman
Train_Set/Aman/Aman_02517.jpg,Aman
Train_Set/Aman/Aman_05328.jpg,Aman
Train_Set/Aman/Aman_01264.jpg,Aman
Train_Set/Aman/Aman_06931.jpg,Aman
Train_Set/Aman/Aman_03936.jpg,Aman
Train_Set/Rusak/Rusak_01625.jpg,Rusak
Train_Set/Aman/Aman_04687.jpg,Aman
Train_Set/Rusak/Rusak_02915.jpg,Rusak
Train_Set/Aman/Aman_06915.jpg,Aman
Train_Set/Aman/Aman_00896.jpg,Aman
Train_Set/Aman/Aman_02312.jpg,Aman
Train_Set/Rusak/Rusak_01953.jpg,Rusak
Train_Set/Aman/Aman_01274.jpg,Aman
Train_Set/Aman/Aman_06148.jpg,Aman
Train_Set/Aman/Aman_00209.jpg,Aman
Train_Set/Aman/Aman_04540.jpg,Aman
Train_Set/Rusak/Rusak_01579.jpg,Rusak
Train_Set/Aman/Aman_05730.jpg,Aman
Train_Set/Aman/Aman_01284.jpg,Aman
Train_Set/Aman/Aman_01765.jpg,Aman
Train_Set/Aman/Aman_06647.jpg,Aman
Train_Set/Rusak/Rusak_01554.jpg,Rusak
Train_Set/Aman/Aman_01912.jpg,Aman
Train_Set/Rusak/Rusak_01086.jpg,Rusak
Train_Set/Aman/Aman_08756.jpg,Aman
Train_Set/Lainnya/Lainnya_00254.jpg,Lainnya
Train_Set/Aman/Aman_02354.jpg,Aman
Train_Set/Aman/Aman_05773.jpg,Aman
Train_Set/Aman/Aman_06824.jpg,Aman
Train_Set/Rusak/Rusak_00590.jpg,Rusak
Train_Set/Rusak/Rusak_02893.jpg,Rusak
Train_Set/Aman/Aman_01542.jpg,Aman
Train_Set/Aman/Aman_00960.jpg,Aman
Train_Set/Aman/Aman_03611.jpg,Aman
Train_Set/Aman/Aman_00428.jpg,Aman
Train_Set/Aman/Aman_00480.jpg,Aman
Train_Set/Aman/Aman_00397.jpg,Aman
Train_Set/Aman/Aman_07782.jpg,Aman
Train_Set/Rusak/Rusak_00390.jpg,Rusak
Train_Set/Aman/Aman_07617.jpg,Aman
Train_Set/Aman/Aman_07403.jpg,Aman
Train_Set/Aman/Aman_01937.jpg,Aman
Train_Set/Aman/Aman_00622.jpg,Aman
Train_Set/Aman/Aman_00121.jpg,Aman
Train_Set/Aman/Aman_02087.jpg,Aman
Train_Set/Rusak/Rusak_01740.jpg,Rusak
Train_Set/Rusak/Rusak_02985.jpg,Rusak
Train_Set/Aman/Aman_07541.jpg,Aman
Train_Set/Aman/Aman_06361.jpg,Aman
Train_Set/Rusak/Rusak_02017.jpg,Rusak
Train_Set/Rusak/Rusak_00313.jpg,Rusak
Train_Set/Rusak/Rusak_02665.jpg,Rusak
Train_Set/Aman/Aman_06702.jpg,Aman
Train_Set/Aman/Aman_00391.jpg,Aman
Train_Set/Aman/Aman_03519.jpg,Aman
Train_Set/Aman/Aman_08645.jpg,Aman
Train_Set/Aman/Aman_05794.jpg,Aman
Train_Set/Lainnya/Lainnya_00298.jpg,Lainnya
Train_Set/Aman/Aman_04611.jpg,Aman
Train_Set/Aman/Aman_07545.jpg,Aman
Train_Set/Rusak/Rusak_02298.jpg,Rusak
Train_Set/Aman/Aman_04222.png,Aman
Train_Set/Rusak/Rusak_00970.jpg,Rusak
Train_Set/Aman/Aman_03366.jpg,Aman
Train_Set/Rusak/Rusak_00250.jpg,Rusak
Train_Set/Aman/Aman_02453.jpg,Aman
Train_Set/Aman/Aman_05677.jpg,Aman
Train_Set/Aman/Aman_01322.jpg,Aman
Train_Set/Aman/Aman_03035.jpg,Aman
Train_Set/Aman/Aman_07712.jpg,Aman
Train_Set/Aman/Aman_05087.jpg,Aman
Train_Set/Aman/Aman_01489.jpg,Aman
Train_Set/Rusak/Rusak_01421.jpg,Rusak
Train_Set/Aman/Aman_03713.jpg,Aman
Train_Set/Rusak/Rusak_00044.jpg,Rusak
Train_Set/Aman/Aman_07599.jpg,Aman
Train_Set/Rusak/Rusak_01541.jpg,Rusak
Train_Set/Aman/Aman_03173.jpg,Aman
Train_Set/Aman/Aman_00039.jpg,Aman
Train_Set/Aman/Aman_01208.jpg,Aman
Train_Set/Aman/Aman_06216.jpg,Aman
Train_Set/Aman/Aman_02230.jpg,Aman
Train_Set/Aman/Aman_08120.jpg,Aman
Train_Set/Aman/Aman_04064.jpg,Aman
Train_Set/Rusak/Rusak_00588.jpg,Rusak
Train_Set/Aman/Aman_06132.jpg,Aman
Train_Set/Aman/Aman_06927.jpg,Aman
Train_Set/Aman/Aman_08220.jpg,Aman
Train_Set/Aman/Aman_05225.jpg,Aman
Train_Set/Aman/Aman_05290.jpg,Aman
Train_Set/Aman/Aman_06495.jpg,Aman
Train_Set/Aman/Aman_05028.jpg,Aman
Train_Set/Rusak/Rusak_01017.jpg,Rusak
Train_Set/Lainnya/Lainnya_00182.jpg,Lainnya
Train_Set/Aman/Aman_06516.jpg,Aman
Train_Set/Aman/Aman_03426.jpg,Aman
Train_Set/Aman/Aman_03216.jpg,Aman
Train_Set/Aman/Aman_02911.jpg,Aman
Train_Set/Rusak/Rusak_00357.jpg,Rusak
Train_Set/Aman/Aman_02033.jpg,Aman
Train_Set/Aman/Aman_08367.jpg,Aman
Train_Set/Aman/Aman_08239.jpg,Aman
Train_Set/Aman/Aman_03145.jpg,Aman
Train_Set/Aman/Aman_08441.jpg,Aman
Train_Set/Aman/Aman_04195.jpg,Aman
Train_Set/Aman/Aman_06595.jpg,Aman
Train_Set/Aman/Aman_01806.jpg,Aman
Train_Set/Aman/Aman_08362.jpg,Aman
Train_Set/Rusak/Rusak_01181.jpg,Rusak
Train_Set/Rusak/Rusak_01909.jpg,Rusak
Train_Set/Aman/Aman_05705.jpg,Aman
Train_Set/Rusak/Rusak_02000.jpg,Rusak
Train_Set/Aman/Aman_05808.jpg,Aman
Train_Set/Aman/Aman_04882.jpg,Aman
Train_Set/Aman/Aman_03599.jpg,Aman
Train_Set/Aman/Aman_00431.jpg,Aman
Train_Set/Aman/Aman_07909.jpg,Aman
Train_Set/Aman/Aman_00122.jpg,Aman
Train_Set/Aman/Aman_00111.jpg,Aman
Train_Set/Aman/Aman_04879.jpg,Aman
Train_Set/Lainnya/Lainnya_00056.jpg,Lainnya
Train_Set/Aman/Aman_02404.jpg,Aman
Train_Set/Rusak/Rusak_00574.jpg,Rusak
Train_Set/Aman/Aman_04817.jpg,Aman
Train_Set/Aman/Aman_05184.jpeg,Aman
Train_Set/Aman/Aman_06543.jpg,Aman
Train_Set/Aman/Aman_03946.jpg,Aman
Train_Set/Aman/Aman_07965.jpg,Aman
Train_Set/Rusak/Rusak_00860.jpg,Rusak
Train_Set/Rusak/Rusak_01973.jpg,Rusak
Train_Set/Aman/Aman_02402.jpg,Aman
Train_Set/Aman/Aman_05817.jpg,Aman
Train_Set/Rusak/Rusak_01454.jpg,Rusak
Train_Set/Aman/Aman_04901.jpg,Aman
Train_Set/Aman/Aman_03802.jpg,Aman
Train_Set/Rusak/Rusak_00287.jpg,Rusak
Train_Set/Rusak/Rusak_00837.jpg,Rusak
Train_Set/Aman/Aman_05194.jpg,Aman
Train_Set/Aman/Aman_06707.jpg,Aman
Train_Set/Aman/Aman_06252.jpg,Aman
Train_Set/Aman/Aman_08382.jpg,Aman
Train_Set/Aman/Aman_03563.jpg,Aman
Train_Set/Aman/Aman_02168.jpg,Aman
Train_Set/Aman/Aman_05913.jpg,Aman
Train_Set/Rusak/Rusak_00499.jpg,Rusak
Train_Set/Aman/Aman_00007.jpg,Aman
Train_Set/Rusak/Rusak_00176.jpg,Rusak
Train_Set/Rusak/Rusak_01453.jpg,Rusak
Train_Set/Aman/Aman_01111.jpg,Aman
Train_Set/Aman/Aman_06877.jpg,Aman
Train_Set/Aman/Aman_04505.jpg,Aman
Train_Set/Aman/Aman_01202.jpg,Aman
Train_Set/Rusak/Rusak_00912.jpg,Rusak
Train_Set/Rusak/Rusak_02964.jpg,Rusak
Train_Set/Aman/Aman_02026.jpg,Aman
Train_Set/Aman/Aman_00658.jpg,Aman
Train_Set/Aman/Aman_05156.jpg,Aman
Train_Set/Rusak/Rusak_01862.jpg,Rusak
Train_Set/Rusak/Rusak_01484.jpg,Rusak
Train_Set/Aman/Aman_08425.jpg,Aman
Train_Set/Rusak/Rusak_02562.jpg,Rusak
Train_Set/Aman/Aman_01418.jpg,Aman
Train_Set/Aman/Aman_01412.jpg,Aman
Train_Set/Aman/Aman_05908.jpg,Aman
Train_Set/Aman/Aman_00216.jpg,Aman
Train_Set/Aman/Aman_08401.jpg,Aman
Train_Set/Aman/Aman_06199.jpg,Aman
Train_Set/Rusak/Rusak_02564.jpg,Rusak
Train_Set/Aman/Aman_07994.jpg,Aman
Train_Set/Aman/Aman_03983.jpg,Aman
Train_Set/Aman/Aman_03427.jpg,Aman
Train_Set/Aman/Aman_06804.jpg,Aman
Train_Set/Aman/Aman_04367.jpg,Aman
Train_Set/Rusak/Rusak_02462.jpg,Rusak
Train_Set/Aman/Aman_04042.jpg,Aman
Train_Set/Rusak/Rusak_02587.jpg,Rusak
Train_Set/Aman/Aman_02793.jpg,Aman
Train_Set/Rusak/Rusak_00752.jpg,Rusak
Train_Set/Aman/Aman_06112.jpg,Aman
Train_Set/Rusak/Rusak_02886.jpg,Rusak
Train_Set/Aman/Aman_05840.jpg,Aman
Train_Set/Rusak/Rusak_00950.jpg,Rusak
Train_Set/Aman/Aman_02331.jpg,Aman
Train_Set/Aman/Aman_04101.jpg,Aman
Train_Set/Aman/Aman_04890.jpg,Aman
Train_Set/Aman/Aman_00487.jpg,Aman
Train_Set/Aman/Aman_00352.jpg,Aman
Train_Set/Rusak/Rusak_01260.jpg,Rusak
Train_Set/Rusak/Rusak_01497.jpg,Rusak
Train_Set/Aman/Aman_06873.jpg,Aman
Train_Set/Aman/Aman_08746.jpg,Aman
Train_Set/Aman/Aman_06831.jpg,Aman
Train_Set/Aman/Aman_05744.jpg,Aman
Train_Set/Aman/Aman_01372.jpg,Aman
Train_Set/Aman/Aman_05063.jpg,Aman
Train_Set/Aman/Aman_08359.jpg,Aman
Train_Set/Rusak/Rusak_00842.jpg,Rusak
Train_Set/Aman/Aman_00743.jpg,Aman
Train_Set/Rusak/Rusak_01799.jpg,Rusak
Train_Set/Rusak/Rusak_01377.jpg,Rusak
Train_Set/Aman/Aman_06378.jpg,Aman
Train_Set/Rusak/Rusak_00894.jpg,Rusak
Train_Set/Aman/Aman_06860.jpg,Aman
Train_Set/Rusak/Rusak_02519.jpg,Rusak
Train_Set/Aman/Aman_02065.jpg,Aman
Train_Set/Aman/Aman_00439.jpg,Aman
Train_Set/Aman/Aman_02667.jpg,Aman
Train_Set/Rusak/Rusak_00191.jpg,Rusak
Train_Set/Aman/Aman_04924.jpg,Aman
Train_Set/Aman/Aman_05711.jpg,Aman
Train_Set/Aman/Aman_00804.jpg,Aman
Train_Set/Aman/Aman_03253.jpg,Aman
Train_Set/Aman/Aman_03310.jpg,Aman
Train_Set/Aman/Aman_03091.jpg,Aman
Train_Set/Rusak/Rusak_01116.jpg,Rusak
Train_Set/Rusak/Rusak_00867.jpg,Rusak
Train_Set/Rusak/Rusak_02527.jpg,Rusak
Train_Set/Aman/Aman_05912.jpg,Aman
Train_Set/Aman/Aman_08595.jpg,Aman
Train_Set/Aman/Aman_00215.jpg,Aman
Train_Set/Aman/Aman_04379.jpg,Aman
Train_Set/Rusak/Rusak_01401.jpg,Rusak
Train_Set/Aman/Aman_05573.jpg,Aman
Train_Set/Rusak/Rusak_02867.jpg,Rusak
Train_Set/Aman/Aman_08784.jpg,Aman
Train_Set/Aman/Aman_05984.jpg,Aman
Train_Set/Rusak/Rusak_01234.jpg,Rusak
Train_Set/Lainnya/Lainnya_00407.jpg,Lainnya
Train_Set/Rusak/Rusak_01028.jpg,Rusak
Train_Set/Aman/Aman_00708.jpg,Aman
Train_Set/Aman/Aman_01228.jpg,Aman
Train_Set/Aman/Aman_07521.jpg,Aman
Train_Set/Rusak/Rusak_00930.jpg,Rusak
Train_Set/Rusak/Rusak_02551.jpg,Rusak
Train_Set/Aman/Aman_03793.jpg,Aman
Train_Set/Rusak/Rusak_01270.jpg,Rusak
Train_Set/Aman/Aman_04961.jpg,Aman
Train_Set/Rusak/Rusak_00941.jpg,Rusak
Train_Set/Rusak/Rusak_00284.jpg,Rusak
Train_Set/Aman/Aman_00368.jpg,Aman
Train_Set/Rusak/Rusak_02289.jpg,Rusak
Train_Set/Aman/Aman_07818.jpg,Aman
Train_Set/Aman/Aman_03293.jpg,Aman
Train_Set/Aman/Aman_08245.jpg,Aman
Train_Set/Aman/Aman_07453.jpg,Aman
Train_Set/Aman/Aman_06136.jpg,Aman
Train_Set/Rusak/Rusak_02600.jpg,Rusak
Train_Set/Rusak/Rusak_02110.jpg,Rusak
Train_Set/Aman/Aman_00980.jpg,Aman
Train_Set/Aman/Aman_00013.jpg,Aman
Train_Set/Aman/Aman_01440.jpg,Aman
Train_Set/Lainnya/Lainnya_00362.jpg,Lainnya
Train_Set/Aman/Aman_03933.jpg,Aman
Train_Set/Rusak/Rusak_00244.jpg,Rusak
Train_Set/Aman/Aman_07931.jpg,Aman
Train_Set/Lainnya/Lainnya_00354.jpg,Lainnya
Train_Set/Aman/Aman_08010.jpg,Aman
Train_Set/Aman/Aman_02922.jpg,Aman
Train_Set/Rusak/Rusak_01404.jpg,Rusak
Train_Set/Rusak/Rusak_01023.jpg,Rusak
Train_Set/Rusak/Rusak_01915.jpg,Rusak
Train_Set/Rusak/Rusak_00779.jpg,Rusak
Train_Set/Aman/Aman_06715.jpg,Aman
Train_Set/Aman/Aman_07753.jpg,Aman
Train_Set/Lainnya/Lainnya_00040.jpg,Lainnya
Train_Set/Aman/Aman_00945.jpg,Aman
Train_Set/Rusak/Rusak_02448.jpg,Rusak
Train_Set/Aman/Aman_07947.jpg,Aman
Train_Set/Rusak/Rusak_02071.jpg,Rusak
Train_Set/Rusak/Rusak_02976.jpg,Rusak
Train_Set/Aman/Aman_06483.jpg,Aman
Train_Set/Aman/Aman_02813.jpg,Aman
Train_Set/Aman/Aman_02779.jpg,Aman
Train_Set/Rusak/Rusak_02801.jpg,Rusak
Train_Set/Aman/Aman_06974.jpg,Aman
Train_Set/Aman/Aman_01311.jpg,Aman
Train_Set/Aman/Aman_02016.jpg,Aman
Train_Set/Lainnya/Lainnya_00307.jpg,Lainnya
Train_Set/Rusak/Rusak_02674.jpg,Rusak
Train_Set/Rusak/Rusak_00532.jpeg,Rusak
Train_Set/Aman/Aman_06303.jpg,Aman
Train_Set/Aman/Aman_06867.jpg,Aman
Train_Set/Aman/Aman_05278.jpg,Aman
Train_Set/Aman/Aman_04897.jpg,Aman
Train_Set/Aman/Aman_06919.jpg,Aman
Train_Set/Aman/Aman_03307.jpg,Aman
Train_Set/Aman/Aman_07449.jpg,Aman
Train_Set/Aman/Aman_07110.jpg,Aman
Train_Set/Aman/Aman_02309.jpg,Aman
Train_Set/Aman/Aman_03203.jpg,Aman
Train_Set/Aman/Aman_01100.jpg,Aman
Train_Set/Aman/Aman_07933.jpg,Aman
Train_Set/Aman/Aman_02420.jpg,Aman
Train_Set/Aman/Aman_05291.jpg,Aman
Train_Set/Aman/Aman_04142.jpg,Aman
Train_Set/Rusak/Rusak_02784.jpg,Rusak
Train_Set/Rusak/Rusak_01845.jpg,Rusak
Train_Set/Rusak/Rusak_01850.jpg,Rusak
Train_Set/Aman/Aman_06392.jpg,Aman
Train_Set/Aman/Aman_02819.jpg,Aman
Train_Set/Aman/Aman_01454.jpg,Aman
Train_Set/Aman/Aman_06687.jpg,Aman
Train_Set/Aman/Aman_04852.jpg,Aman
Train_Set/Aman/Aman_08697.jpg,Aman
Train_Set/Aman/Aman_07465.jpg,Aman
Train_Set/Aman/Aman_07960.jpg,Aman
Train_Set/Aman/Aman_04424.jpg,Aman
Train_Set/Rusak/Rusak_01759.jpg,Rusak
Train_Set/Aman/Aman_00867.jpg,Aman
Train_Set/Aman/Aman_06823.jpg,Aman
Train_Set/Aman/Aman_03049.jpg,Aman
Train_Set/Rusak/Rusak_01952.jpg,Rusak
Train_Set/Aman/Aman_06782.jpg,Aman
Train_Set/Aman/Aman_08308.jpg,Aman
Train_Set/Rusak/Rusak_01923.jpg,Rusak
Train_Set/Aman/Aman_04431.jpg,Aman
Train_Set/Rusak/Rusak_01947.jpg,Rusak
Train_Set/Aman/Aman_08216.jpg,Aman
Train_Set/Aman/Aman_05607.jpg,Aman
Train_Set/Rusak/Rusak_02466.jpg,Rusak
Train_Set/Aman/Aman_07250.jpg,Aman
Train_Set/Rusak/Rusak_02765.jpg,Rusak
Train_Set/Aman/Aman_02094.jpg,Aman
Train_Set/Aman/Aman_03779.jpg,Aman
Train_Set/Aman/Aman_02403.jpg,Aman
Train_Set/Rusak/Rusak_00669.jpg,Rusak
Train_Set/Aman/Aman_05788.jpg,Aman
Train_Set/Lainnya/Lainnya_00355.jpg,Lainnya
Train_Set/Aman/Aman_00270.jpg,Aman
Train_Set/Rusak/Rusak_02177.jpg,Rusak
Train_Set/Rusak/Rusak_01812.jpg,Rusak
Train_Set/Aman/Aman_00645.jpg,Aman
Train_Set/Rusak/Rusak_01962.jpg,Rusak
Train_Set/Rusak/Rusak_01246.jpg,Rusak
Train_Set/Rusak/Rusak_00136.jpg,Rusak
Train_Set/Aman/Aman_02571.jpg,Aman
Train_Set/Aman/Aman_03858.jpg,Aman
Train_Set/Aman/Aman_06077.jpg,Aman
Train_Set/Rusak/Rusak_01695.jpg,Rusak
Train_Set/Aman/Aman_05212.jpg,Aman
Train_Set/Aman/Aman_00110.jpg,Aman
Train_Set/Rusak/Rusak_02629.jpg,Rusak
Train_Set/Rusak/Rusak_01669.jpg,Rusak
Train_Set/Rusak/Rusak_02641.jpg,Rusak
Train_Set/Aman/Aman_01719.jpg,Aman
Train_Set/Rusak/Rusak_02541.jpg,Rusak
Train_Set/Aman/Aman_01524.jpg,Aman
Train_Set/Aman/Aman_06961.jpg,Aman
Train_Set/Aman/Aman_05752.jpg,Aman
Train_Set/Lainnya/Lainnya_00065.jpg,Lainnya
Train_Set/Aman/Aman_01546.jpg,Aman
Train_Set/Aman/Aman_04559.jpg,Aman
Train_Set/Lainnya/Lainnya_00292.jpg,Lainnya
Train_Set/Aman/Aman_02768.jpg,Aman
Train_Set/Aman/Aman_07516.jpg,Aman
Train_Set/Aman/Aman_02865.jpg,Aman
Train_Set/Rusak/Rusak_02819.jpg,Rusak
Train_Set/Aman/Aman_02632.jpg,Aman
Train_Set/Rusak/Rusak_00584.jpg,Rusak
Train_Set/Aman/Aman_00484.jpg,Aman
Train_Set/Aman/Aman_07196.jpeg,Aman
Train_Set/Aman/Aman_01037.jpg,Aman
Train_Set/Aman/Aman_04446.jpg,Aman
Train_Set/Aman/Aman_04046.jpg,Aman
Train_Set/Rusak/Rusak_00012.jpg,Rusak
Train_Set/Rusak/Rusak_01749.jpg,Rusak
Train_Set/Aman/Aman_03139.jpg,Aman
Train_Set/Aman/Aman_01056.jpg,Aman
Train_Set/Aman/Aman_07913.jpg,Aman
Train_Set/Aman/Aman_02511.jpg,Aman
Train_Set/Aman/Aman_01261.jpg,Aman
Train_Set/Rusak/Rusak_01253.jpg,Rusak
Train_Set/Aman/Aman_00380.jpg,Aman
Train_Set/Aman/Aman_02878.jpg,Aman
Train_Set/Aman/Aman_01080.jpg,Aman
Train_Set/Aman/Aman_00423.jpg,Aman
Train_Set/Aman/Aman_07430.jpg,Aman
Train_Set/Aman/Aman_07788.jpg,Aman
Train_Set/Aman/Aman_04560.jpg,Aman
Train_Set/Aman/Aman_04268.jpg,Aman
Train_Set/Aman/Aman_03959.jpg,Aman
Train_Set/Aman/Aman_06225.jpg,Aman
Train_Set/Rusak/Rusak_01567.jpg,Rusak
Train_Set/Aman/Aman_00798.jpg,Aman
Train_Set/Aman/Aman_04457.jpg,Aman
Train_Set/Aman/Aman_02580.jpg,Aman
Train_Set/Rusak/Rusak_00421.jpg,Rusak
Train_Set/Aman/Aman_03195.jpg,Aman
Train_Set/Aman/Aman_06575.jpg,Aman
Train_Set/Aman/Aman_00395.jpg,Aman
Train_Set/Aman/Aman_01355.jpg,Aman
Train_Set/Aman/Aman_08504.jpg,Aman
Train_Set/Rusak/Rusak_00464.jpg,Rusak
Train_Set/Aman/Aman_04215.jpg,Aman
Train_Set/Aman/Aman_06356.jpg,Aman
Train_Set/Aman/Aman_05268.jpg,Aman
Train_Set/Rusak/Rusak_02920.jpg,Rusak
Train_Set/Aman/Aman_06365.jpg,Aman
Train_Set/Rusak/Rusak_02136.jpg,Rusak
Train_Set/Aman/Aman_07830.jpg,Aman
Train_Set/Aman/Aman_07230.jpg,Aman
Train_Set/Aman/Aman_07790.jpg,Aman
Train_Set/Rusak/Rusak_01054.jpg,Rusak
Train_Set/Aman/Aman_02582.jpg,Aman
Train_Set/Rusak/Rusak_01034.jpg,Rusak
Train_Set/Aman/Aman_06845.jpg,Aman
Train_Set/Aman/Aman_02113.jpg,Aman
Train_Set/Rusak/Rusak_02338.jpg,Rusak
Train_Set/Aman/Aman_05681.jpg,Aman
Train_Set/Aman/Aman_04861.jpg,Aman
Train_Set/Aman/Aman_02998.jpg,Aman
Train_Set/Aman/Aman_03758.jpg,Aman
Train_Set/Aman/Aman_07923.jpg,Aman
Train_Set/Aman/Aman_07447.jpg,Aman
Train_Set/Aman/Aman_06443.jpg,Aman
Train_Set/Rusak/Rusak_01056.jpg,Rusak
Train_Set/Aman/Aman_02671.jpg,Aman
Train_Set/Aman/Aman_07800.jpg,Aman
Train_Set/Rusak/Rusak_01642.jpg,Rusak
Train_Set/Aman/Aman_08700.jpg,Aman
Train_Set/Aman/Aman_01205.jpg,Aman
Train_Set/Aman/Aman_07701.jpg,Aman
Train_Set/Rusak/Rusak_02718.jpg,Rusak
Train_Set/Aman/Aman_02072.jpg,Aman
Train_Set/Rusak/Rusak_00711.jpg,Rusak
Train_Set/Rusak/Rusak_01880.jpg,Rusak
Train_Set/Aman/Aman_07213.jpeg,Aman
Train_Set/Rusak/Rusak_02722.jpg,Rusak
Train_Set/Aman/Aman_01175.jpg,Aman
Train_Set/Aman/Aman_06517.jpg,Aman
Train_Set/Rusak/Rusak_02670.jpg,Rusak
Train_Set/Aman/Aman_02765.jpg,Aman
Train_Set/Aman/Aman_00778.jpg,Aman
Train_Set/Aman/Aman_03924.jpg,Aman
Train_Set/Aman/Aman_01180.jpg,Aman
Train_Set/Aman/Aman_07891.jpg,Aman
Train_Set/Aman/Aman_05389.jpg,Aman
Train_Set/Aman/Aman_03648.jpg,Aman
Train_Set/Rusak/Rusak_00178.jpg,Rusak
Train_Set/Aman/Aman_07564.jpg,Aman
Train_Set/Aman/Aman_01327.jpg,Aman
Train_Set/Rusak/Rusak_02315.jpg,Rusak
Train_Set/Aman/Aman_00901.jpg,Aman
Train_Set/Aman/Aman_06697.jpg,Aman
Train_Set/Aman/Aman_05935.jpg,Aman
Train_Set/Aman/Aman_02116.jpg,Aman
Train_Set/Lainnya/Lainnya_00231.jpg,Lainnya
Train_Set/Rusak/Rusak_00368.jpg,Rusak
Train_Set/Lainnya/Lainnya_00395.jpg,Lainnya
Train_Set/Aman/Aman_00488.jpg,Aman
Train_Set/Aman/Aman_08408.jpg,Aman
Train_Set/Aman/Aman_01425.jpg,Aman
Train_Set/Rusak/Rusak_02822.jpg,Rusak
Train_Set/Aman/Aman_07504.jpg,Aman
Train_Set/Rusak/Rusak_02883.jpg,Rusak
Train_Set/Rusak/Rusak_00300.jpg,Rusak
Train_Set/Aman/Aman_05857.jpg,Aman
Train_Set/Aman/Aman_03404.jpg,Aman
Train_Set/Aman/Aman_06533.jpg,Aman
Train_Set/Aman/Aman_07756.jpg,Aman
Train_Set/Aman/Aman_02500.jpg,Aman
Train_Set/Aman/Aman_07746.jpg,Aman
Train_Set/Rusak/Rusak_01208.jpg,Rusak
Train_Set/Aman/Aman_02247.jpg,Aman
Train_Set/Aman/Aman_07999.jpg,Aman
Train_Set/Rusak/Rusak_00114.jpg,Rusak
Train_Set/Aman/Aman_01561.jpg,Aman
Train_Set/Aman/Aman_01173.jpg,Aman
Train_Set/Aman/Aman_05725.jpg,Aman
Train_Set/Rusak/Rusak_01982.jpg,Rusak
Train_Set/Aman/Aman_06538.jpg,Aman
Train_Set/Rusak/Rusak_02628.jpg,Rusak
Train_Set/Aman/Aman_00143.jpg,Aman
Train_Set/Aman/Aman_04626.jpg,Aman
Train_Set/Aman/Aman_08789.jpg,Aman
Train_Set/Rusak/Rusak_00916.jpg,Rusak
Train_Set/Aman/Aman_01981.jpg,Aman
Train_Set/Rusak/Rusak_02558.jpg,Rusak
Train_Set/Rusak/Rusak_00828.jpg,Rusak
Train_Set/Aman/Aman_05870.jpg,Aman
Train_Set/Aman/Aman_01429.jpg,Aman
Train_Set/Aman/Aman_02227.jpg,Aman
Train_Set/Aman/Aman_06794.jpg,Aman
Train_Set/Rusak/Rusak_02140.jpg,Rusak
Train_Set/Rusak/Rusak_01971.jpg,Rusak
Train_Set/Aman/Aman_01346.jpg,Aman
Train_Set/Aman/Aman_00091.jpg,Aman
Train_Set/Aman/Aman_03969.jpg,Aman
Train_Set/Aman/Aman_06628.jpg,Aman
Train_Set/Rusak/Rusak_01775.jpg,Rusak
Train_Set/Aman/Aman_06445.jpg,Aman
Train_Set/Aman/Aman_01887.jpg,Aman
Train_Set/Aman/Aman_02019.jpg,Aman
Train_Set/Rusak/Rusak_00100.jpg,Rusak
Train_Set/Aman/Aman_07786.jpg,Aman
Train_Set/Aman/Aman_03324.jpg,Aman
Train_Set/Aman/Aman_07455.jpg,Aman
Train_Set/Aman/Aman_01222.jpg,Aman
Train_Set/Aman/Aman_05724.jpg,Aman
Train_Set/Rusak/Rusak_00882.jpg,Rusak
Train_Set/Rusak/Rusak_01470.jpg,Rusak
Train_Set/Rusak/Rusak_00962.jpg,Rusak
Train_Set/Aman/Aman_07949.jpg,Aman
Train_Set/Aman/Aman_03224.jpg,Aman
Train_Set/Aman/Aman_07426.jpg,Aman
Train_Set/Aman/Aman_08474.jpg,Aman
Train_Set/Aman/Aman_08089.jpg,Aman
Train_Set/Aman/Aman_02437.jpg,Aman
Train_Set/Aman/Aman_01459.jpg,Aman
Train_Set/Aman/Aman_07400.jpg,Aman
Train_Set/Aman/Aman_00455.jpg,Aman
Train_Set/Rusak/Rusak_01821.jpg,Rusak
Train_Set/Aman/Aman_06861.jpg,Aman
Train_Set/Aman/Aman_05090.jpg,Aman
Train_Set/Aman/Aman_00020.jpg,Aman
Train_Set/Aman/Aman_06752.jpg,Aman
Train_Set/Aman/Aman_08118.jpg,Aman
Train_Set/Aman/Aman_06466.jpg,Aman
Train_Set/Aman/Aman_05418.jpg,Aman
Train_Set/Aman/Aman_03128.jpg,Aman
Train_Set/Aman/Aman_04931.jpg,Aman
Train_Set/Aman/Aman_02863.jpg,Aman
Train_Set/Aman/Aman_06181.jpg,Aman
Train_Set/Lainnya/Lainnya_00110.jpg,Lainnya
Train_Set/Rusak/Rusak_01793.jpg,Rusak
Train_Set/Aman/Aman_07144.jpg,Aman
Train_Set/Aman/Aman_06553.jpg,Aman
Train_Set/Aman/Aman_07443.jpg,Aman
Train_Set/Rusak/Rusak_01418.jpg,Rusak
Train_Set/Aman/Aman_03930.jpg,Aman
Train_Set/Aman/Aman_08451.jpg,Aman
Train_Set/Lainnya/Lainnya_00031.jpg,Lainnya
Train_Set/Aman/Aman_03458.jpg,Aman
Train_Set/Rusak/Rusak_00517.jpg,Rusak
Train_Set/Aman/Aman_05159.jpg,Aman
Train_Set/Rusak/Rusak_02582.jpg,Rusak
Train_Set/Aman/Aman_03456.jpg,Aman
Train_Set/Rusak/Rusak_01943.jpg,Rusak
Train_Set/Aman/Aman_07158.jpg,Aman
Train_Set/Lainnya/Lainnya_00150.jpg,Lainnya
Train_Set/Aman/Aman_07888.jpg,Aman
Train_Set/Aman/Aman_05462.jpg,Aman
Train_Set/Aman/Aman_05297.jpg,Aman
Train_Set/Aman/Aman_02532.jpg,Aman
Train_Set/Aman/Aman_08125.jpg,Aman
Train_Set/Aman/Aman_05398.jpg,Aman
Train_Set/Rusak/Rusak_02928.jpg,Rusak
Train_Set/Aman/Aman_05331.jpg,Aman
Train_Set/Aman/Aman_00034.jpg,Aman
Train_Set/Lainnya/Lainnya_00181.jpg,Lainnya
Train_Set/Aman/Aman_01402.jpg,Aman
Train_Set/Aman/Aman_00485.jpg,Aman
Train_Set/Aman/Aman_07223.jpg,Aman
Train_Set/Rusak/Rusak_02751.jpg,Rusak
Train_Set/Aman/Aman_04323.jpg,Aman
Train_Set/Rusak/Rusak_00270.jpg,Rusak
Train_Set/Aman/Aman_00408.jpg,Aman
Train_Set/Aman/Aman_00287.jpg,Aman
Train_Set/Aman/Aman_06015.jpg,Aman
Train_Set/Aman/Aman_01050.jpg,Aman
Train_Set/Aman/Aman_05662.jpg,Aman
Train_Set/Aman/Aman_00169.jpg,Aman
Train_Set/Aman/Aman_05145.jpg,Aman
Train_Set/Aman/Aman_01963.jpg,Aman
Train_Set/Rusak/Rusak_01300.jpg,Rusak
Train_Set/Lainnya/Lainnya_00294.jpg,Lainnya
Train_Set/Aman/Aman_01171.jpg,Aman
Train_Set/Aman/Aman_00060.jpg,Aman
Train_Set/Rusak/Rusak_02970.jpg,Rusak
Train_Set/Aman/Aman_02044.jpg,Aman
Train_Set/Aman/Aman_05182.jpeg,Aman
Train_Set/Aman/Aman_06895.jpg,Aman
Train_Set/Aman/Aman_00440.jpg,Aman
Train_Set/Lainnya/Lainnya_00385.jpg,Lainnya
Train_Set/Aman/Aman_01681.jpg,Aman
Train_Set/Aman/Aman_00520.jpg,Aman
Train_Set/Rusak/Rusak_01661.jpg,Rusak
Train_Set/Aman/Aman_08723.jpg,Aman
Train_Set/Aman/Aman_01968.jpg,Aman
Train_Set/Aman/Aman_04474.jpg,Aman
Train_Set/Aman/Aman_02809.jpg,Aman
Train_Set/Aman/Aman_01702.jpg,Aman
Train_Set/Aman/Aman_07980.jpg,Aman
Train_Set/Rusak/Rusak_00888.jpg,Rusak
Train_Set/Aman/Aman_06352.jpg,Aman
Train_Set/Rusak/Rusak_01003.jpg,Rusak
Train_Set/Rusak/Rusak_01653.jpg,Rusak
Train_Set/Rusak/Rusak_00490.jpg,Rusak
Train_Set/Rusak/Rusak_00325.jpg,Rusak
Train_Set/Aman/Aman_04885.jpg,Aman
Train_Set/Aman/Aman_02720.jpg,Aman
Train_Set/Aman/Aman_01304.jpg,Aman
Train_Set/Rusak/Rusak_02627.jpg,Rusak
Train_Set/Aman/Aman_00128.jpg,Aman
Train_Set/Aman/Aman_02805.jpg,Aman
Train_Set/Lainnya/Lainnya_00325.jpg,Lainnya
Train_Set/Aman/Aman_06786.jpg,Aman
Train_Set/Rusak/Rusak_02046.jpg,Rusak
Train_Set/Aman/Aman_03527.jpg,Aman
Train_Set/Rusak/Rusak_00174.jpg,Rusak
Train_Set/Rusak/Rusak_01254.jpg,Rusak
Train_Set/Rusak/Rusak_02051.jpg,Rusak
Train_Set/Aman/Aman_00159.jpg,Aman
Train_Set/Aman/Aman_07644.jpg,Aman
Train_Set/Rusak/Rusak_02472.jpg,Rusak
Train_Set/Aman/Aman_05667.jpg,Aman
Train_Set/Aman/Aman_02856.jpg,Aman
Train_Set/Aman/Aman_06795.jpg,Aman
Train_Set/Aman/Aman_04238.png,Aman
Train_Set/Aman/Aman_06379.jpg,Aman
Train_Set/Lainnya/Lainnya_00359.jpg,Lainnya
Train_Set/Aman/Aman_05848.jpg,Aman
Train_Set/Aman/Aman_04988.jpg,Aman
Train_Set/Aman/Aman_05038.jpg,Aman
Train_Set/Rusak/Rusak_00586.jpg,Rusak
Train_Set/Aman/Aman_07295.jpg,Aman
Train_Set/Rusak/Rusak_01220.jpg,Rusak
Train_Set/Aman/Aman_00419.jpg,Aman
Train_Set/Aman/Aman_07198.jpeg,Aman
Train_Set/Rusak/Rusak_00639.jpg,Rusak
Train_Set/Aman/Aman_01032.jpg,Aman
Train_Set/Aman/Aman_04519.jpg,Aman
Train_Set/Aman/Aman_04396.jpg,Aman
Train_Set/Aman/Aman_08454.jpg,Aman
Train_Set/Aman/Aman_05434.jpg,Aman
Train_Set/Aman/Aman_01450.jpg,Aman
Train_Set/Rusak/Rusak_00742.jpg,Rusak
Train_Set/Aman/Aman_01226.jpg,Aman
Train_Set/Aman/Aman_04359.jpg,Aman
Train_Set/Rusak/Rusak_02325.jpg,Rusak
Train_Set/Rusak/Rusak_02812.jpg,Rusak
Train_Set/Aman/Aman_06857.jpg,Aman
Train_Set/Aman/Aman_08662.jpg,Aman
Train_Set/Rusak/Rusak_00845.jpg,Rusak
Train_Set/Rusak/Rusak_02859.jpg,Rusak
Train_Set/Aman/Aman_03197.jpg,Aman
Train_Set/Aman/Aman_02475.jpg,Aman
Train_Set/Aman/Aman_05203.jpg,Aman
Train_Set/Aman/Aman_07596.jpg,Aman
Train_Set/Aman/Aman_04018.jpg,Aman
Train_Set/Aman/Aman_04536.jpg,Aman
Train_Set/Aman/Aman_04114.png,Aman
Train_Set/Rusak/Rusak_02487.jpg,Rusak
Train_Set/Aman/Aman_03207.jpg,Aman
Train_Set/Aman/Aman_02906.png,Aman
Train_Set/Aman/Aman_05213.jpg,Aman
Train_Set/Aman/Aman_04146.jpg,Aman
Train_Set/Aman/Aman_02907.jpg,Aman
Train_Set/Aman/Aman_06431.jpg,Aman
Train_Set/Lainnya/Lainnya_00102.jpg,Lainnya
Train_Set/Aman/Aman_05023.jpg,Aman
Train_Set/Aman/Aman_05034.jpg,Aman
Train_Set/Aman/Aman_00182.jpg,Aman
Train_Set/Aman/Aman_07150.jpg,Aman
Train_Set/Aman/Aman_04881.jpg,Aman
Train_Set/Aman/Aman_07553.jpg,Aman
Train_Set/Aman/Aman_07760.jpg,Aman
Train_Set/Aman/Aman_08710.jpg,Aman
Train_Set/Rusak/Rusak_02813.jpg,Rusak
Train_Set/Aman/Aman_04066.jpg,Aman
Train_Set/Aman/Aman_01796.jpg,Aman
Train_Set/Aman/Aman_05045.jpg,Aman
Train_Set/Aman/Aman_01767.jpg,Aman
Train_Set/Aman/Aman_03306.jpg,Aman
Train_Set/Aman/Aman_07236.jpg,Aman
Train_Set/Aman/Aman_00223.jpg,Aman
Train_Set/Aman/Aman_04093.jpg,Aman
Train_Set/Aman/Aman_00436.jpg,Aman
Train_Set/Rusak/Rusak_01561.jpg,Rusak
Train_Set/Aman/Aman_02534.jpg,Aman
Train_Set/Aman/Aman_05526.jpg,Aman
Train_Set/Aman/Aman_02283.jpg,Aman
Train_Set/Aman/Aman_06480.jpg,Aman
Train_Set/Aman/Aman_01573.jpg,Aman
Train_Set/Aman/Aman_02079.jpg,Aman
Train_Set/Aman/Aman_03623.jpg,Aman
Train_Set/Rusak/Rusak_01809.jpg,Rusak
Train_Set/Rusak/Rusak_01946.jpg,Rusak
Train_Set/Rusak/Rusak_01543.jpg,Rusak
Train_Set/Aman/Aman_01913.jpg,Aman
Train_Set/Aman/Aman_08562.jpg,Aman
Train_Set/Rusak/Rusak_02076.jpg,Rusak
Train_Set/Aman/Aman_06663.jpg,Aman
Train_Set/Rusak/Rusak_00425.jpg,Rusak
Train_Set/Rusak/Rusak_02490.jpg,Rusak
Train_Set/Aman/Aman_02269.jpg,Aman
Train_Set/Aman/Aman_02069.jpg,Aman
Train_Set/Rusak/Rusak_00676.jpg,Rusak
Train_Set/Aman/Aman_07754.jpg,Aman
Train_Set/Rusak/Rusak_00727.jpg,Rusak
Train_Set/Aman/Aman_03321.jpg,Aman
Train_Set/Aman/Aman_05683.jpg,Aman
Train_Set/Aman/Aman_08657.jpg,Aman
Train_Set/Aman/Aman_02597.jpg,Aman
Train_Set/Rusak/Rusak_02020.jpg,Rusak
Train_Set/Aman/Aman_06706.jpg,Aman
Train_Set/Lainnya/Lainnya_00079.jpg,Lainnya
Train_Set/Aman/Aman_00024.jpg,Aman
Train_Set/Rusak/Rusak_00123.jpg,Rusak
Train_Set/Aman/Aman_03548.jpg,Aman
Train_Set/Rusak/Rusak_01905.jpg,Rusak
Train_Set/Rusak/Rusak_01995.jpg,Rusak
Train_Set/Aman/Aman_02931.jpg,Aman
Train_Set/Rusak/Rusak_00001.jpg,Rusak
Train_Set/Rusak/Rusak_01391.jpg,Rusak
Train_Set/Aman/Aman_08624.jpg,Aman
Train_Set/Aman/Aman_07927.jpg,Aman
Train_Set/Aman/Aman_07347.jpg,Aman
Train_Set/Aman/Aman_07549.jpg,Aman
Train_Set/Aman/Aman_03907.jpg,Aman
Train_Set/Aman/Aman_02165.jpg,Aman
Train_Set/Rusak/Rusak_00334.jpg,Rusak
Train_Set/Aman/Aman_08449.jpg,Aman
Train_Set/Lainnya/Lainnya_00216.jpg,Lainnya
Train_Set/Aman/Aman_05197.jpg,Aman
Train_Set/Aman/Aman_08780.jpg,Aman
Train_Set/Rusak/Rusak_01600.jpg,Rusak
Train_Set/Rusak/Rusak_02550.jpg,Rusak
Train_Set/Aman/Aman_00961.jpg,Aman
Train_Set/Aman/Aman_00651.jpg,Aman
Train_Set/Rusak/Rusak_01856.jpg,Rusak
Train_Set/Rusak/Rusak_00440.jpg,Rusak
Train_Set/Aman/Aman_01576.jpg,Aman
Train_Set/Rusak/Rusak_01663.jpg,Rusak
Train_Set/Aman/Aman_02937.jpg,Aman
Train_Set/Aman/Aman_06709.jpg,Aman
Train_Set/Aman/Aman_03632.jpg,Aman
Train_Set/Aman/Aman_07905.jpg,Aman
Train_Set/Aman/Aman_03119.jpg,Aman
Train_Set/Aman/Aman_06276.jpg,Aman
Train_Set/Aman/Aman_01045.jpg,Aman
Train_Set/Aman/Aman_05571.jpg,Aman
Train_Set/Rusak/Rusak_02800.jpg,Rusak
Train_Set/Aman/Aman_07929.jpg,Aman
Train_Set/Aman/Aman_06073.jpg,Aman
Train_Set/Aman/Aman_06908.jpg,Aman
Train_Set/Aman/Aman_01733.jpg,Aman
Train_Set/Aman/Aman_00529.jpg,Aman
Train_Set/Aman/Aman_03296.jpg,Aman
Train_Set/Aman/Aman_03513.jpg,Aman
Train_Set/Rusak/Rusak_01926.jpg,Rusak
Train_Set/Aman/Aman_01635.jpg,Aman
Train_Set/Aman/Aman_02653.jpg,Aman
Train_Set/Rusak/Rusak_00813.jpg,Rusak
Train_Set/Aman/Aman_00759.jpg,Aman
Train_Set/Aman/Aman_05137.jpg,Aman
Train_Set/Rusak/Rusak_00745.jpg,Rusak
Train_Set/Aman/Aman_05000.jpg,Aman
Train_Set/Aman/Aman_06475.jpg,Aman
Train_Set/Aman/Aman_07661.jpg,Aman
Train_Set/Aman/Aman_08577.jpg,Aman
Train_Set/Aman/Aman_02150.jpg,Aman
Train_Set/Rusak/Rusak_00407.jpg,Rusak
Train_Set/Aman/Aman_03726.jpg,Aman
Train_Set/Rusak/Rusak_02408.jpg,Rusak
Train_Set/Aman/Aman_03008.jpg,Aman
Train_Set/Aman/Aman_01422.jpg,Aman
Train_Set/Rusak/Rusak_02055.jpg,Rusak
Train_Set/Aman/Aman_04471.jpg,Aman
Train_Set/Aman/Aman_01509.jpg,Aman
Train_Set/Aman/Aman_08514.jpg,Aman
Train_Set/Lainnya/Lainnya_00081.jpg,Lainnya
Train_Set/Rusak/Rusak_00997.jpg,Rusak
Train_Set/Aman/Aman_04959.jpg,Aman
Train_Set/Lainnya/Lainnya_00323.jpg,Lainnya
Train_Set/Aman/Aman_03492.jpg,Aman
Train_Set/Aman/Aman_04304.jpg,Aman
Train_Set/Aman/Aman_07963.jpg,Aman
Train_Set/Rusak/Rusak_00508.jpg,Rusak
Train_Set/Aman/Aman_08020.jpg,Aman
Train_Set/Aman/Aman_07780.jpg,Aman
Train_Set/Aman/Aman_04149.jpg,Aman
Train_Set/Rusak/Rusak_01730.jpg,Rusak
Train_Set/Aman/Aman_04116.jpg,Aman
Train_Set/Lainnya/Lainnya_00170.jpg,Lainnya
Train_Set/Rusak/Rusak_02634.jpg,Rusak
Train_Set/Aman/Aman_02493.jpg,Aman
Train_Set/Aman/Aman_00235.jpg,Aman
Train_Set/Aman/Aman_05964.jpg,Aman
Train_Set/Rusak/Rusak_00469.jpg,Rusak
Train_Set/Aman/Aman_05315.jpg,Aman
Train_Set/Aman/Aman_03242.jpg,Aman
Train_Set/Aman/Aman_02196.jpg,Aman
Train_Set/Aman/Aman_05012.jpg,Aman
Train_Set/Aman/Aman_03810.jpg,Aman
Train_Set/Aman/Aman_05715.jpg,Aman
Train_Set/Aman/Aman_01935.jpg,Aman
Train_Set/Aman/Aman_06910.jpg,Aman
Train_Set/Aman/Aman_07109.jpg,Aman
Train_Set/Rusak/Rusak_01047.jpg,Rusak
Train_Set/Aman/Aman_01644.jpg,Aman
Train_Set/Rusak/Rusak_01500.jpg,Rusak
Train_Set/Aman/Aman_05187.jpeg,Aman
Train_Set/Rusak/Rusak_00656.jpg,Rusak
Train_Set/Aman/Aman_05345.jpg,Aman
Train_Set/Aman/Aman_00677.jpg,Aman
Train_Set/Rusak/Rusak_01806.jpg,Rusak
Train_Set/Aman/Aman_05922.jpg,Aman
Train_Set/Aman/Aman_06774.jpg,Aman
Train_Set/Lainnya/Lainnya_00159.jpg,Lainnya
Train_Set/Aman/Aman_04220.png,Aman
Train_Set/Aman/Aman_05975.jpg,Aman
Train_Set/Aman/Aman_00868.jpg,Aman
Train_Set/Aman/Aman_04877.jpg,Aman
Train_Set/Aman/Aman_08217.jpg,Aman
Train_Set/Aman/Aman_01470.jpg,Aman
Train_Set/Aman/Aman_01684.jpg,Aman
Train_Set/Aman/Aman_00539.jpg,Aman
Train_Set/Aman/Aman_06703.jpg,Aman
Train_Set/Aman/Aman_00949.jpg,Aman
Train_Set/Aman/Aman_06664.jpg,Aman
Train_Set/Aman/Aman_01358.jpg,Aman
Train_Set/Rusak/Rusak_01124.jpg,Rusak
Train_Set/Aman/Aman_03226.jpg,Aman
Train_Set/Aman/Aman_00088.jpg,Aman
Train_Set/Rusak/Rusak_00513.jpg,Rusak
Train_Set/Aman/Aman_01861.jpg,Aman
Train_Set/Aman/Aman_04479.jpg,Aman
Train_Set/Aman/Aman_08143.jpg,Aman
Train_Set/Aman/Aman_02338.jpg,Aman
Train_Set/Rusak/Rusak_01801.jpg,Rusak
Train_Set/Aman/Aman_05809.jpg,Aman
Train_Set/Aman/Aman_05827.jpg,Aman
Train_Set/Aman/Aman_07288.jpg,Aman
Train_Set/Aman/Aman_08373.jpg,Aman
Train_Set/Aman/Aman_08481.jpg,Aman
Train_Set/Rusak/Rusak_01006.jpg,Rusak
Train_Set/Aman/Aman_05793.jpg,Aman
Train_Set/Aman/Aman_06117.jpg,Aman
Train_Set/Rusak/Rusak_01547.jpg,Rusak
Train_Set/Aman/Aman_05803.jpg,Aman
Train_Set/Aman/Aman_08062.jpg,Aman
Train_Set/Aman/Aman_05796.jpg,Aman
Train_Set/Aman/Aman_07373.jpg,Aman
Train_Set/Aman/Aman_08378.jpg,Aman
Train_Set/Aman/Aman_02349.jpg,Aman
Train_Set/Aman/Aman_06419.jpg,Aman
Train_Set/Aman/Aman_08281.jpg,Aman
Train_Set/Aman/Aman_00219.jpg,Aman
Train_Set/Lainnya/Lainnya_00071.jpg,Lainnya
Train_Set/Aman/Aman_00765.jpg,Aman
Train_Set/Aman/Aman_02272.jpg,Aman
Train_Set/Aman/Aman_04202.jpg,Aman
Train_Set/Rusak/Rusak_01824.jpg,Rusak
Train_Set/Aman/Aman_04595.jpg,Aman
Train_Set/Rusak/Rusak_02706.jpg,Rusak
Train_Set/Rusak/Rusak_01816.jpg,Rusak
Train_Set/Rusak/Rusak_00451.jpg,Rusak
Train_Set/Aman/Aman_08798.jpg,Aman
Train_Set/Rusak/Rusak_02143.jpg,Rusak
Train_Set/Lainnya/Lainnya_00202.jpg,Lainnya
Train_Set/Aman/Aman_04811.jpg,Aman
Train_Set/Rusak/Rusak_01476.jpg,Rusak
Train_Set/Aman/Aman_02926.jpg,Aman
Train_Set/Aman/Aman_02145.jpg,Aman
Train_Set/Lainnya/Lainnya_00096.jpg,Lainnya
Train_Set/Aman/Aman_03627.jpg,Aman
Train_Set/Rusak/Rusak_01301.jpg,Rusak
Train_Set/Aman/Aman_02988.jpg,Aman
Train_Set/Aman/Aman_04476.jpg,Aman
Train_Set/Aman/Aman_06661.jpg,Aman
Train_Set/Aman/Aman_07372.jpg,Aman
Train_Set/Aman/Aman_00220.jpg,Aman
Train_Set/Lainnya/Lainnya_00297.jpg,Lainnya
Train_Set/Aman/Aman_03636.jpg,Aman
Train_Set/Rusak/Rusak_00973.jpg,Rusak
Train_Set/Rusak/Rusak_02228.jpg,Rusak
Train_Set/Aman/Aman_04467.jpg,Aman
Train_Set/Aman/Aman_05680.jpg,Aman
Train_Set/Aman/Aman_04499.jpg,Aman
Train_Set/Rusak/Rusak_01094.jpg,Rusak
Train_Set/Aman/Aman_00426.jpg,Aman
Train_Set/Aman/Aman_03526.jpg,Aman
Train_Set/Aman/Aman_02374.jpg,Aman
Train_Set/Aman/Aman_07539.jpg,Aman
Train_Set/Aman/Aman_00462.jpg,Aman
Train_Set/Aman/Aman_00435.jpg,Aman
Train_Set/Rusak/Rusak_01705.jpg,Rusak
Train_Set/Aman/Aman_01028.jpg,Aman
Train_Set/Aman/Aman_03486.jpg,Aman
Train_Set/Aman/Aman_06442.jpg,Aman
Train_Set/Aman/Aman_08499.jpg,Aman
Train_Set/Aman/Aman_05426.jpg,Aman
Train_Set/Aman/Aman_04602.jpg,Aman
Train_Set/Aman/Aman_04936.jpg,Aman
Train_Set/Aman/Aman_02588.jpg,Aman
Train_Set/Rusak/Rusak_02488.jpg,Rusak
Train_Set/Aman/Aman_07825.jpg,Aman
Train_Set/Aman/Aman_03878.jpg,Aman
Train_Set/Rusak/Rusak_00493.jpg,Rusak
Train_Set/Aman/Aman_06606.jpg,Aman
Train_Set/Aman/Aman_02527.jpg,Aman
Train_Set/Aman/Aman_00274.jpg,Aman
Train_Set/Aman/Aman_07860.jpg,Aman
Train_Set/Aman/Aman_00659.jpg,Aman
Train_Set/Aman/Aman_01778.jpg,Aman
Train_Set/Rusak/Rusak_01671.jpg,Rusak
Train_Set/Rusak/Rusak_02352.jpg,Rusak
Train_Set/Rusak/Rusak_01602.jpg,Rusak
Train_Set/Rusak/Rusak_02535.jpg,Rusak
Train_Set/Aman/Aman_01152.jpg,Aman
Train_Set/Aman/Aman_03977.jpg,Aman
Train_Set/Aman/Aman_04163.jpg,Aman
Train_Set/Rusak/Rusak_00863.jpg,Rusak
Train_Set/Rusak/Rusak_02386.jpg,Rusak
Train_Set/Aman/Aman_06144.jpg,Aman
Train_Set/Aman/Aman_02406.jpg,Aman
Train_Set/Aman/Aman_03029.jpg,Aman
Train_Set/Aman/Aman_02918.jpg,Aman
Train_Set/Aman/Aman_00258.jpg,Aman
Train_Set/Aman/Aman_06074.jpg,Aman
Train_Set/Aman/Aman_04955.jpg,Aman
Train_Set/Rusak/Rusak_01482.jpg,Rusak
Train_Set/Rusak/Rusak_00317.jpg,Rusak
Train_Set/Rusak/Rusak_01788.jpg,Rusak
Train_Set/Rusak/Rusak_01140.jpg,Rusak
Train_Set/Aman/Aman_03818.jpg,Aman
Train_Set/Aman/Aman_07060.jpg,Aman
Train_Set/Aman/Aman_07130.jpg,Aman
Train_Set/Aman/Aman_05094.jpg,Aman
Train_Set/Aman/Aman_06793.jpg,Aman
Train_Set/Rusak/Rusak_00065.jpg,Rusak
Train_Set/Aman/Aman_04656.jpg,Aman
Train_Set/Rusak/Rusak_00009.jpg,Rusak
Train_Set/Aman/Aman_07978.jpg,Aman
Train_Set/Aman/Aman_02589.jpg,Aman
Train_Set/Aman/Aman_06583.jpg,Aman
Train_Set/Aman/Aman_04425.jpg,Aman
Train_Set/Aman/Aman_07275.jpg,Aman
Train_Set/Aman/Aman_01141.jpg,Aman
Train_Set/Rusak/Rusak_02092.jpg,Rusak
Train_Set/Rusak/Rusak_00369.jpg,Rusak
Train_Set/Aman/Aman_08444.jpg,Aman
Train_Set/Aman/Aman_00268.jpg,Aman
Train_Set/Rusak/Rusak_02337.jpg,Rusak
Train_Set/Aman/Aman_08107.jpg,Aman
Train_Set/Aman/Aman_08799.jpg,Aman
Train_Set/Aman/Aman_04384.jpg,Aman
Train_Set/Lainnya/Lainnya_00315.jpg,Lainnya
Train_Set/Aman/Aman_07816.jpg,Aman
Train_Set/Aman/Aman_00577.jpg,Aman
Train_Set/Aman/Aman_03918.jpg,Aman
Train_Set/Aman/Aman_03005.jpg,Aman
Train_Set/Lainnya/Lainnya_00224.jpg,Lainnya
Train_Set/Aman/Aman_03251.jpg,Aman
Train_Set/Aman/Aman_06137.jpg,Aman
Train_Set/Aman/Aman_07738.jpg,Aman
Train_Set/Aman/Aman_03352.jpg,Aman
Train_Set/Lainnya/Lainnya_00380.jpg,Lainnya
Train_Set/Aman/Aman_02427.jpg,Aman
Train_Set/Aman/Aman_07341.jpg,Aman
Train_Set/Aman/Aman_04229.png,Aman
Train_Set/Aman/Aman_01722.jpg,Aman
Train_Set/Aman/Aman_00230.jpg,Aman
Train_Set/Aman/Aman_01239.jpg,Aman
Train_Set/Aman/Aman_08619.jpg,Aman
Train_Set/Aman/Aman_06161.jpg,Aman
Train_Set/Aman/Aman_07156.jpg,Aman
Train_Set/Aman/Aman_06614.jpg,Aman
Train_Set/Aman/Aman_06058.jpg,Aman
Train_Set/Aman/Aman_06011.jpg,Aman
Train_Set/Aman/Aman_06816.jpg,Aman
Train_Set/Lainnya/Lainnya_00051.jpg,Lainnya
Train_Set/Aman/Aman_00141.jpg,Aman
Train_Set/Aman/Aman_08078.jpg,Aman
Train_Set/Aman/Aman_08021.jpg,Aman
Train_Set/Aman/Aman_07075.jpg,Aman
Train_Set/Aman/Aman_07212.jpeg,Aman
Train_Set/Rusak/Rusak_01395.jpg,Rusak
Train_Set/Rusak/Rusak_00836.jpg,Rusak
Train_Set/Aman/Aman_02013.jpg,Aman
Train_Set/Aman/Aman_03537.jpg,Aman
Train_Set/Aman/Aman_03297.jpg,Aman
Train_Set/Rusak/Rusak_01627.jpg,Rusak
Train_Set/Rusak/Rusak_02542.jpg,Rusak
Train_Set/Aman/Aman_00711.jpg,Aman
Train_Set/Rusak/Rusak_01200.jpg,Rusak
Train_Set/Aman/Aman_02346.jpg,Aman
Train_Set/Rusak/Rusak_01724.jpg,Rusak
Train_Set/Aman/Aman_03201.jpg,Aman
Train_Set/Aman/Aman_03952.jpg,Aman
Train_Set/Aman/Aman_07906.jpg,Aman
Train_Set/Aman/Aman_05767.jpg,Aman
Train_Set/Lainnya/Lainnya_00128.jpg,Lainnya
Train_Set/Aman/Aman_06248.jpg,Aman
Train_Set/Rusak/Rusak_01651.jpg,Rusak
Train_Set/Aman/Aman_03880.jpg,Aman
Train_Set/Aman/Aman_05448.jpg,Aman
Train_Set/Rusak/Rusak_01478.jpg,Rusak
Train_Set/Rusak/Rusak_01493.jpg,Rusak
Train_Set/Aman/Aman_02648.jpg,Aman
Train_Set/Aman/Aman_08460.jpg,Aman
Train_Set/Aman/Aman_00301.jpg,Aman
Train_Set/Aman/Aman_07536.jpg,Aman
Train_Set/Aman/Aman_03775.jpg,Aman
Train_Set/Rusak/Rusak_00625.jpg,Rusak
Train_Set/Lainnya/Lainnya_00312.jpg,Lainnya
Train_Set/Aman/Aman_04673.jpg,Aman
Train_Set/Aman/Aman_07984.jpg,Aman
Train_Set/Aman/Aman_04357.jpg,Aman
Train_Set/Aman/Aman_07762.jpg,Aman
Train_Set/Aman/Aman_03286.jpg,Aman
Train_Set/Aman/Aman_04723.jpg,Aman
Train_Set/Aman/Aman_02621.jpg,Aman
Train_Set/Aman/Aman_01827.jpg,Aman
Train_Set/Aman/Aman_00890.jpg,Aman
Train_Set/Aman/Aman_04681.jpg,Aman
Train_Set/Rusak/Rusak_01523.jpg,Rusak
Train_Set/Rusak/Rusak_02037.jpg,Rusak
Train_Set/Aman/Aman_08648.jpg,Aman
Train_Set/Rusak/Rusak_02054.jpg,Rusak
Train_Set/Aman/Aman_04199.jpg,Aman
Train_Set/Aman/Aman_02606.jpg,Aman
Train_Set/Aman/Aman_05905.jpg,Aman
Train_Set/Aman/Aman_08656.jpg,Aman
Train_Set/Aman/Aman_03614.jpg,Aman
Train_Set/Aman/Aman_01655.jpg,Aman
Train_Set/Aman/Aman_07024.jpg,Aman
Train_Set/Aman/Aman_06635.jpg,Aman
Train_Set/Rusak/Rusak_00953.jpg,Rusak
Train_Set/Aman/Aman_02664.jpg,Aman
Train_Set/Aman/Aman_01789.jpg,Aman
Train_Set/Aman/Aman_07090.jpg,Aman
Train_Set/Aman/Aman_02725.jpg,Aman
Train_Set/Rusak/Rusak_00004.jpg,Rusak
Train_Set/Rusak/Rusak_01569.jpg,Rusak
Train_Set/Rusak/Rusak_00814.jpg,Rusak
Train_Set/Aman/Aman_08266.jpg,Aman
Train_Set/Rusak/Rusak_00127.jpg,Rusak
Train_Set/Aman/Aman_00361.jpg,Aman
Train_Set/Rusak/Rusak_00266.jpg,Rusak
Train_Set/Aman/Aman_00557.jpg,Aman
Train_Set/Rusak/Rusak_00940.jpg,Rusak
Train_Set/Aman/Aman_02100.jpg,Aman
Train_Set/Aman/Aman_08145.jpg,Aman
Train_Set/Aman/Aman_06891.jpg,Aman
Train_Set/Aman/Aman_02935.jpg,Aman
Train_Set/Aman/Aman_05946.jpg,Aman
Train_Set/Rusak/Rusak_00603.jpg,Rusak
Train_Set/Rusak/Rusak_00245.jpg,Rusak
Train_Set/Lainnya/Lainnya_00402.jpg,Lainnya
Train_Set/Aman/Aman_05016.jpg,Aman
Train_Set/Aman/Aman_03339.jpg,Aman
Train_Set/Aman/Aman_08185.jpg,Aman
Train_Set/Aman/Aman_08314.jpg,Aman
Train_Set/Rusak/Rusak_01014.jpg,Rusak
Train_Set/Rusak/Rusak_01674.jpg,Rusak
Train_Set/Aman/Aman_06699.jpg,Aman
Train_Set/Aman/Aman_02358.jpg,Aman
Train_Set/Rusak/Rusak_01667.jpg,Rusak
Train_Set/Aman/Aman_03786.jpg,Aman
Train_Set/Rusak/Rusak_02217.jpg,Rusak
Train_Set/Aman/Aman_07011.jpg,Aman
Train_Set/Aman/Aman_01011.jpg,Aman
Train_Set/Aman/Aman_00001.jpg,Aman
Train_Set/Aman/Aman_08198.jpg,Aman
Train_Set/Aman/Aman_01973.jpg,Aman
Train_Set/Aman/Aman_08233.jpg,Aman
Train_Set/Aman/Aman_01944.jpg,Aman
Train_Set/Lainnya/Lainnya_00038.jpg,Lainnya
Train_Set/Aman/Aman_04461.jpg,Aman
Train_Set/Rusak/Rusak_02494.jpg,Rusak
Train_Set/Aman/Aman_07363.jpg,Aman
Train_Set/Aman/Aman_05617.jpg,Aman
Train_Set/Aman/Aman_07283.jpg,Aman
Train_Set/Aman/Aman_05518.jpg,Aman
Train_Set/Lainnya/Lainnya_00073.jpg,Lainnya
Train_Set/Aman/Aman_07953.jpg,Aman
Train_Set/Lainnya/Lainnya_00252.jpg,Lainnya
Train_Set/Aman/Aman_00362.jpg,Aman
Train_Set/Rusak/Rusak_00010.jpg,Rusak
Train_Set/Aman/Aman_02239.jpg,Aman
Train_Set/Lainnya/Lainnya_00408.jpg,Lainnya
Train_Set/Aman/Aman_02095.jpg,Aman
Train_Set/Aman/Aman_00709.jpg,Aman
Train_Set/Aman/Aman_03904.jpg,Aman
Train_Set/Aman/Aman_03249.jpg,Aman
Train_Set/Aman/Aman_00628.jpg,Aman
Train_Set/Aman/Aman_00048.png,Aman
Train_Set/Aman/Aman_00166.jpg,Aman
Train_Set/Rusak/Rusak_02506.jpg,Rusak
Train_Set/Aman/Aman_02535.jpg,Aman
Train_Set/Aman/Aman_01190.jpg,Aman
Train_Set/Aman/Aman_06779.jpg,Aman
Train_Set/Lainnya/Lainnya_00131.jpg,Lainnya
Train_Set/Rusak/Rusak_00160.jpg,Rusak
Train_Set/Aman/Aman_06951.jpg,Aman
Train_Set/Rusak/Rusak_00380.jpg,Rusak
Train_Set/Aman/Aman_03506.jpg,Aman
Train_Set/Rusak/Rusak_00827.jpg,Rusak
Train_Set/Rusak/Rusak_02714.jpg,Rusak
Train_Set/Aman/Aman_06183.jpg,Aman
Train_Set/Aman/Aman_04929.jpg,Aman
Train_Set/Aman/Aman_03561.jpg,Aman
Train_Set/Rusak/Rusak_02057.jpg,Rusak
Train_Set/Rusak/Rusak_00417.jpg,Rusak
Train_Set/Aman/Aman_07689.jpg,Aman
Train_Set/Aman/Aman_06809.jpg,Aman
Train_Set/Aman/Aman_07714.jpg,Aman
Train_Set/Rusak/Rusak_02234.jpg,Rusak
Train_Set/Aman/Aman_03658.jpg,Aman
Train_Set/Rusak/Rusak_02565.jpg,Rusak
Train_Set/Aman/Aman_06100.jpg,Aman
Train_Set/Rusak/Rusak_00719.jpg,Rusak
Train_Set/Aman/Aman_06380.jpg,Aman
Train_Set/Aman/Aman_00734.jpg,Aman
Train_Set/Aman/Aman_03748.jpg,Aman
Train_Set/Rusak/Rusak_01161.jpg,Rusak
Train_Set/Rusak/Rusak_02324.jpg,Rusak
Train_Set/Aman/Aman_00936.jpg,Aman
Train_Set/Aman/Aman_05689.jpg,Aman
Train_Set/Aman/Aman_02504.jpg,Aman
Train_Set/Aman/Aman_02373.jpg,Aman
Train_Set/Aman/Aman_05940.jpg,Aman
Train_Set/Aman/Aman_06783.jpg,Aman
Train_Set/Rusak/Rusak_02293.jpg,Rusak
Train_Set/Aman/Aman_08046.jpg,Aman
Train_Set/Aman/Aman_00252.jpg,Aman
Train_Set/Rusak/Rusak_02865.jpg,Rusak
Train_Set/Aman/Aman_01298.jpg,Aman
Train_Set/Rusak/Rusak_01529.jpg,Rusak
Train_Set/Aman/Aman_06083.jpg,Aman
Train_Set/Aman/Aman_07021.jpg,Aman
Train_Set/Aman/Aman_03020.jpg,Aman
Train_Set/Aman/Aman_06138.jpg,Aman
Train_Set/Aman/Aman_05633.jpg,Aman
Train_Set/Rusak/Rusak_01114.jpg,Rusak
Train_Set/Aman/Aman_05592.jpg,Aman
Train_Set/Lainnya/Lainnya_00211.jpg,Lainnya
Train_Set/Aman/Aman_02188.jpg,Aman
Train_Set/Rusak/Rusak_01229.jpg,Rusak
Train_Set/Aman/Aman_04634.jpg,Aman
Train_Set/Aman/Aman_07038.jpg,Aman
Train_Set/Aman/Aman_01198.jpg,Aman
Train_Set/Aman/Aman_07601.jpg,Aman
Train_Set/Aman/Aman_07061.jpg,Aman
Train_Set/Aman/Aman_06002.jpg,Aman
Train_Set/Aman/Aman_03587.jpg,Aman
Train_Set/Rusak/Rusak_01414.jpg,Rusak
Train_Set/Aman/Aman_01125.jpg,Aman
Train_Set/Rusak/Rusak_00585.jpg,Rusak
Train_Set/Aman/Aman_08203.jpg,Aman
Train_Set/Aman/Aman_03530.jpg,Aman
Train_Set/Aman/Aman_04410.jpg,Aman
Train_Set/Aman/Aman_08486.jpg,Aman
Train_Set/Rusak/Rusak_02566.jpg,Rusak
Train_Set/Aman/Aman_02898.jpg,Aman
Train_Set/Aman/Aman_08708.jpg,Aman
Train_Set/Aman/Aman_07574.jpg,Aman
Train_Set/Rusak/Rusak_01860.jpg,Rusak
Train_Set/Aman/Aman_00838.jpg,Aman
Train_Set/Rusak/Rusak_02118.jpg,Rusak
Train_Set/Rusak/Rusak_00161.jpg,Rusak
Train_Set/Rusak/Rusak_01494.jpg,Rusak
Train_Set/Aman/Aman_08687.jpg,Aman
Train_Set/Aman/Aman_08507.jpg,Aman
Train_Set/Aman/Aman_02593.jpg,Aman
Train_Set/Aman/Aman_08477.jpg,Aman
Train_Set/Aman/Aman_02104.jpg,Aman
Train_Set/Aman/Aman_02378.jpg,Aman
Train_Set/Aman/Aman_08219.jpg,Aman
Train_Set/Rusak/Rusak_01798.jpg,Rusak
Train_Set/Rusak/Rusak_01339.jpg,Rusak
Train_Set/Aman/Aman_03482.jpg,Aman
Train_Set/Aman/Aman_03025.jpg,Aman
Train_Set/Aman/Aman_07890.jpg,Aman
Train_Set/Aman/Aman_02327.jpg,Aman
Train_Set/Aman/Aman_01089.jpg,Aman
Train_Set/Aman/Aman_04400.jpg,Aman
Train_Set/Rusak/Rusak_00904.jpg,Rusak
Train_Set/Aman/Aman_06094.jpg,Aman
Train_Set/Rusak/Rusak_02560.jpg,Rusak
Train_Set/Aman/Aman_03400.jpg,Aman
Train_Set/Rusak/Rusak_00021.jpg,Rusak
Train_Set/Rusak/Rusak_01751.jpg,Rusak
Train_Set/Rusak/Rusak_00456.jpg,Rusak
Train_Set/Aman/Aman_04823.jpg,Aman
Train_Set/Rusak/Rusak_02732.jpg,Rusak
Train_Set/Aman/Aman_06258.jpg,Aman
Train_Set/Aman/Aman_04830.jpg,Aman
Train_Set/Aman/Aman_01419.jpg,Aman
Train_Set/Aman/Aman_02917.jpg,Aman
Train_Set/Aman/Aman_08631.jpg,Aman
Train_Set/Aman/Aman_07772.jpg,Aman
Train_Set/Aman/Aman_00285.jpg,Aman
Train_Set/Aman/Aman_02414.jpg,Aman
Train_Set/Aman/Aman_00510.jpg,Aman
Train_Set/Aman/Aman_02306.jpg,Aman
Train_Set/Aman/Aman_00271.jpg,Aman
Train_Set/Aman/Aman_05769.jpg,Aman
Train_Set/Aman/Aman_00837.jpg,Aman
Train_Set/Aman/Aman_00820.jpg,Aman
Train_Set/Aman/Aman_08431.jpg,Aman
Train_Set/Aman/Aman_06743.jpg,Aman
Train_Set/Aman/Aman_04017.jpg,Aman
Train_Set/Aman/Aman_01940.jpg,Aman
Train_Set/Rusak/Rusak_00786.jpg,Rusak
Train_Set/Aman/Aman_05505.jpg,Aman
Train_Set/Aman/Aman_00371.jpg,Aman
Train_Set/Aman/Aman_07757.jpg,Aman
Train_Set/Aman/Aman_07582.jpg,Aman
Train_Set/Rusak/Rusak_01968.jpg,Rusak
Train_Set/Aman/Aman_08737.jpg,Aman
Train_Set/Aman/Aman_02538.jpg,Aman
Train_Set/Aman/Aman_04731.jpg,Aman
Train_Set/Rusak/Rusak_02393.jpg,Rusak
Train_Set/Rusak/Rusak_01381.jpg,Rusak
Train_Set/Rusak/Rusak_01787.jpg,Rusak
Train_Set/Aman/Aman_04004.jpg,Aman
Train_Set/Aman/Aman_03973.jpg,Aman
Train_Set/Aman/Aman_05965.jpg,Aman
Train_Set/Aman/Aman_02184.jpg,Aman
Train_Set/Aman/Aman_06089.jpg,Aman
Train_Set/Aman/Aman_08675.jpg,Aman
Train_Set/Aman/Aman_04150.jpg,Aman
Train_Set/Rusak/Rusak_02309.jpg,Rusak
Train_Set/Aman/Aman_07339.jpg,Aman
Train_Set/Aman/Aman_04289.jpg,Aman
Train_Set/Aman/Aman_05003.jpg,Aman
Train_Set/Aman/Aman_02387.jpg,Aman
Train_Set/Aman/Aman_00970.jpg,Aman
Train_Set/Rusak/Rusak_02657.jpg,Rusak
Train_Set/Aman/Aman_06282.jpg,Aman
Train_Set/Aman/Aman_02270.jpg,Aman
Train_Set/Aman/Aman_04185.jpg,Aman
Train_Set/Rusak/Rusak_00230.jpg,Rusak
Train_Set/Aman/Aman_05927.jpg,Aman
Train_Set/Aman/Aman_02874.jpg,Aman
Train_Set/Aman/Aman_02212.jpg,Aman
Train_Set/Rusak/Rusak_01614.jpg,Rusak
Train_Set/Rusak/Rusak_01430.jpg,Rusak
Train_Set/Rusak/Rusak_02684.jpg,Rusak
Train_Set/Aman/Aman_07067.jpg,Aman
Train_Set/Rusak/Rusak_02144.jpg,Rusak
Train_Set/Rusak/Rusak_00951.jpg,Rusak
Train_Set/Aman/Aman_01505.jpg,Aman
Train_Set/Aman/Aman_00469.jpg,Aman
Train_Set/Aman/Aman_01785.jpg,Aman
Train_Set/Aman/Aman_04689.jpg,Aman
Train_Set/Rusak/Rusak_02440.jpg,Rusak
Train_Set/Aman/Aman_03140.jpg,Aman
Train_Set/Aman/Aman_03387.jpg,Aman
Train_Set/Aman/Aman_01728.jpg,Aman
Train_Set/Aman/Aman_06929.jpg,Aman
Train_Set/Aman/Aman_00912.jpg,Aman
Train_Set/Aman/Aman_03629.jpg,Aman
Train_Set/Rusak/Rusak_01216.jpg,Rusak
Train_Set/Aman/Aman_07252.jpg,Aman
Train_Set/Aman/Aman_06849.jpg,Aman
Train_Set/Aman/Aman_01114.jpg,Aman
Train_Set/Rusak/Rusak_01991.jpg,Rusak
Train_Set/Aman/Aman_01885.jpg,Aman
Train_Set/Aman/Aman_03266.jpg,Aman
Train_Set/Aman/Aman_03189.jpg,Aman
Train_Set/Aman/Aman_00839.jpg,Aman
Train_Set/Aman/Aman_03768.jpg,Aman
Train_Set/Aman/Aman_04162.jpg,Aman
Train_Set/Aman/Aman_00924.jpg,Aman
Train_Set/Aman/Aman_06075.jpg,Aman
Train_Set/Aman/Aman_01830.jpg,Aman
Train_Set/Aman/Aman_05336.jpg,Aman
Train_Set/Aman/Aman_02202.jpg,Aman
Train_Set/Aman/Aman_04769.jpg,Aman
Train_Set/Aman/Aman_00262.jpg,Aman
Train_Set/Lainnya/Lainnya_00127.jpg,Lainnya
Train_Set/Rusak/Rusak_00330.jpg,Rusak
Train_Set/Aman/Aman_03219.jpg,Aman
Train_Set/Rusak/Rusak_01691.jpg,Rusak
Train_Set/Aman/Aman_02824.jpg,Aman
Train_Set/Aman/Aman_01759.jpg,Aman
Train_Set/Aman/Aman_03365.jpg,Aman
Train_Set/Rusak/Rusak_01951.jpg,Rusak
Train_Set/Aman/Aman_01706.jpg,Aman
Train_Set/Aman/Aman_00453.jpg,Aman
Train_Set/Aman/Aman_08539.jpg,Aman
Train_Set/Lainnya/Lainnya_00352.jpg,Lainnya
Train_Set/Rusak/Rusak_01987.jpg,Rusak
Train_Set/Aman/Aman_03130.jpg,Aman
Train_Set/Aman/Aman_07779.jpg,Aman
Train_Set/Aman/Aman_03972.jpg,Aman
Train_Set/Aman/Aman_04900.jpg,Aman
Train_Set/Rusak/Rusak_02594.jpg,Rusak
Train_Set/Aman/Aman_07014.jpg,Aman
Train_Set/Rusak/Rusak_00463.jpg,Rusak
Train_Set/Rusak/Rusak_01045.jpg,Rusak
Train_Set/Rusak/Rusak_01770.jpg,Rusak
Train_Set/Aman/Aman_04332.png,Aman
Train_Set/Aman/Aman_03043.jpg,Aman
Train_Set/Aman/Aman_01530.jpg,Aman
Train_Set/Aman/Aman_01231.jpg,Aman
Train_Set/Lainnya/Lainnya_00382.jpg,Lainnya
Train_Set/Aman/Aman_03002.jpg,Aman
Train_Set/Aman/Aman_01676.jpg,Aman
Train_Set/Aman/Aman_06269.jpg,Aman
Train_Set/Aman/Aman_07237.jpg,Aman
Train_Set/Aman/Aman_01755.jpg,Aman
Train_Set/Aman/Aman_03354.jpg,Aman
Train_Set/Rusak/Rusak_00959.jpg,Rusak
Train_Set/Aman/Aman_06904.jpg,Aman
Train_Set/Aman/Aman_03814.jpg,Aman
Train_Set/Aman/Aman_04717.jpg,Aman
Train_Set/Rusak/Rusak_02757.jpg,Rusak
Train_Set/Rusak/Rusak_01592.jpg,Rusak
Train_Set/Rusak/Rusak_01182.jpg,Rusak
Train_Set/Rusak/Rusak_02281.jpg,Rusak
Train_Set/Aman/Aman_04925.jpg,Aman
Train_Set/Aman/Aman_01802.jpg,Aman
Train_Set/Aman/Aman_06287.jpg,Aman
Train_Set/Aman/Aman_00613.jpg,Aman
Train_Set/Aman/Aman_07971.jpg,Aman
Train_Set/Rusak/Rusak_02912.jpg,Rusak
Train_Set/Aman/Aman_06441.jpg,Aman
Train_Set/Rusak/Rusak_02149.jpg,Rusak
Train_Set/Aman/Aman_05659.jpg,Aman
Train_Set/Aman/Aman_03090.jpg,Aman
Train_Set/Rusak/Rusak_02427.jpg,Rusak
Train_Set/Aman/Aman_02186.jpg,Aman
Train_Set/Aman/Aman_00661.jpg,Aman
Train_Set/Rusak/Rusak_00064.jpg,Rusak
Train_Set/Rusak/Rusak_00117.jpg,Rusak
Train_Set/Aman/Aman_08137.jpg,Aman
Train_Set/Rusak/Rusak_00523.jpg,Rusak
Train_Set/Rusak/Rusak_00558.jpg,Rusak
Train_Set/Aman/Aman_05621.jpg,Aman
Train_Set/Lainnya/Lainnya_00364.jpg,Lainnya
Train_Set/Aman/Aman_06095.jpg,Aman
Train_Set/Aman/Aman_05877.jpg,Aman
Train_Set/Aman/Aman_03931.jpg,Aman
Train_Set/Rusak/Rusak_00498.jpg,Rusak
Train_Set/Aman/Aman_08365.jpg,Aman
Train_Set/Aman/Aman_08724.jpg,Aman
Train_Set/Aman/Aman_06233.jpg,Aman
Train_Set/Aman/Aman_03208.jpg,Aman
Train_Set/Aman/Aman_04191.jpg,Aman
Train_Set/Aman/Aman_04788.jpg,Aman
Train_Set/Aman/Aman_00722.jpg,Aman
Train_Set/Aman/Aman_02884.jpg,Aman
Train_Set/Aman/Aman_05121.jpg,Aman
Train_Set/Aman/Aman_05657.jpg,Aman
Train_Set/Aman/Aman_08031.jpg,Aman
Train_Set/Aman/Aman_00074.jpg,Aman
Train_Set/Aman/Aman_04122.jpg,Aman
Train_Set/Rusak/Rusak_02692.jpg,Rusak
Train_Set/Aman/Aman_03589.jpg,Aman
Train_Set/Rusak/Rusak_01358.jpg,Rusak
Train_Set/Aman/Aman_03085.jpg,Aman
Train_Set/Lainnya/Lainnya_00343.jpg,Lainnya
Train_Set/Aman/Aman_04382.jpg,Aman
Train_Set/Aman/Aman_00860.jpg,Aman
Train_Set/Rusak/Rusak_02699.jpg,Rusak
Train_Set/Aman/Aman_01838.jpg,Aman
Train_Set/Aman/Aman_02177.jpg,Aman
Train_Set/Aman/Aman_03416.jpg,Aman
Train_Set/Aman/Aman_01308.jpg,Aman
Train_Set/Rusak/Rusak_00544.jpg,Rusak
Train_Set/Rusak/Rusak_00084.jpg,Rusak
Train_Set/Rusak/Rusak_01771.jpg,Rusak
Train_Set/Aman/Aman_02852.jpg,Aman
Train_Set/Aman/Aman_07117.jpg,Aman
Train_Set/Aman/Aman_07151.jpg,Aman
Train_Set/Rusak/Rusak_01852.jpg,Rusak
Train_Set/Aman/Aman_04459.jpg,Aman
Train_Set/Aman/Aman_03859.jpg,Aman
Train_Set/Aman/Aman_04252.jpg,Aman
Train_Set/Rusak/Rusak_01455.jpg,Rusak
Train_Set/Aman/Aman_04014.jpg,Aman
Train_Set/Aman/Aman_01934.jpg,Aman
Train_Set/Aman/Aman_02545.jpg,Aman
Train_Set/Aman/Aman_08197.jpg,Aman
Train_Set/Aman/Aman_00008.jpg,Aman
Train_Set/Rusak/Rusak_01060.jpg,Rusak
Train_Set/Aman/Aman_02089.jpg,Aman
Train_Set/Aman/Aman_02927.jpg,Aman
Train_Set/Aman/Aman_03517.jpg,Aman
Train_Set/Aman/Aman_07969.jpg,Aman
Train_Set/Aman/Aman_02233.jpg,Aman
Train_Set/Aman/Aman_00546.jpg,Aman
Train_Set/Aman/Aman_02516.jpg,Aman
Train_Set/Lainnya/Lainnya_00117.jpg,Lainnya
Train_Set/Aman/Aman_08073.jpg,Aman
Train_Set/Aman/Aman_01163.jpg,Aman
Train_Set/Aman/Aman_05610.jpg,Aman
Train_Set/Aman/Aman_05759.jpg,Aman
Train_Set/Aman/Aman_03723.jpg,Aman
Train_Set/Aman/Aman_02641.jpg,Aman
Train_Set/Rusak/Rusak_00238.jpg,Rusak
Train_Set/Aman/Aman_05931.jpg,Aman
Train_Set/Aman/Aman_05843.jpg,Aman
Train_Set/Aman/Aman_06059.jpg,Aman
Train_Set/Aman/Aman_05587.jpg,Aman
Train_Set/Rusak/Rusak_02971.jpg,Rusak
Train_Set/Aman/Aman_06476.jpg,Aman
Train_Set/Aman/Aman_02371.jpg,Aman
Train_Set/Rusak/Rusak_00525.jpg,Rusak
Train_Set/Rusak/Rusak_00903.jpg,Rusak
Train_Set/Aman/Aman_01467.jpg,Aman
Train_Set/Aman/Aman_03083.jpg,Aman
Train_Set/Lainnya/Lainnya_00284.jpg,Lainnya
Train_Set/Aman/Aman_04287.jpg,Aman
Train_Set/Rusak/Rusak_00987.jpg,Rusak
Train_Set/Aman/Aman_06498.jpg,Aman
Train_Set/Aman/Aman_02543.jpg,Aman
Train_Set/Lainnya/Lainnya_00145.jpg,Lainnya
Train_Set/Aman/Aman_07285.jpg,Aman
Train_Set/Rusak/Rusak_02333.jpg,Rusak
Train_Set/Aman/Aman_03097.jpg,Aman
Train_Set/Aman/Aman_05529.jpg,Aman
Train_Set/Aman/Aman_02629.jpg,Aman
Train_Set/Aman/Aman_04954.jpg,Aman
Train_Set/Lainnya/Lainnya_00406.jpg,Lainnya
Train_Set/Aman/Aman_00545.jpg,Aman
Train_Set/Rusak/Rusak_00734.jpg,Rusak
Train_Set/Aman/Aman_06878.jpg,Aman
Train_Set/Rusak/Rusak_02127.jpg,Rusak
Train_Set/Aman/Aman_04444.jpg,Aman
Train_Set/Aman/Aman_02650.jpg,Aman
Train_Set/Rusak/Rusak_01742.jpg,Rusak
Train_Set/Aman/Aman_06773.jpg,Aman
Train_Set/Aman/Aman_06057.jpg,Aman
Train_Set/Rusak/Rusak_00870.jpg,Rusak
Train_Set/Rusak/Rusak_01321.jpg,Rusak
Train_Set/Aman/Aman_05220.jpg,Aman
Train_Set/Rusak/Rusak_00658.jpg,Rusak
Train_Set/Aman/Aman_01894.jpg,Aman
Train_Set/Rusak/Rusak_00685.jpg,Rusak
Train_Set/Aman/Aman_05973.jpg,Aman
Train_Set/Aman/Aman_07476.jpg,Aman
Train_Set/Rusak/Rusak_02788.jpg,Rusak
Train_Set/Rusak/Rusak_00041.jpg,Rusak
Train_Set/Aman/Aman_01023.jpg,Aman
Train_Set/Aman/Aman_07768.jpg,Aman
Train_Set/Rusak/Rusak_00694.jpg,Rusak
Train_Set/Aman/Aman_05826.jpg,Aman
Train_Set/Aman/Aman_04684.jpg,Aman
Train_Set/Rusak/Rusak_02754.jpg,Rusak
Train_Set/Rusak/Rusak_01345.jpg,Rusak
Train_Set/Aman/Aman_05106.jpg,Aman
Train_Set/Aman/Aman_02481.jpg,Aman
Train_Set/Aman/Aman_07755.jpg,Aman
Train_Set/Aman/Aman_03193.jpg,Aman
Train_Set/Aman/Aman_03393.jpg,Aman
Train_Set/Aman/Aman_07737.jpg,Aman
Train_Set/Aman/Aman_06325.jpg,Aman
Train_Set/Aman/Aman_05863.jpg,Aman
Train_Set/Aman/Aman_01957.jpg,Aman
Train_Set/Aman/Aman_03138.jpg,Aman
Train_Set/Aman/Aman_05235.jpg,Aman
Train_Set/Aman/Aman_07006.jpg,Aman
Train_Set/Aman/Aman_06436.jpg,Aman
Train_Set/Aman/Aman_06838.jpg,Aman
Train_Set/Aman/Aman_07764.jpg,Aman
Train_Set/Aman/Aman_01657.jpg,Aman
Train_Set/Rusak/Rusak_02366.jpg,Rusak
Train_Set/Aman/Aman_01396.jpg,Aman
Train_Set/Rusak/Rusak_02087.jpg,Rusak
Train_Set/Rusak/Rusak_00768.jpg,Rusak
Train_Set/Aman/Aman_02422.jpg,Aman
Train_Set/Rusak/Rusak_01013.jpg,Rusak
Train_Set/Rusak/Rusak_01792.jpg,Rusak
Train_Set/Aman/Aman_08334.jpg,Aman
Train_Set/Aman/Aman_04334.png,Aman
Train_Set/Rusak/Rusak_01459.jpg,Rusak
Train_Set/Rusak/Rusak_00355.jpg,Rusak
Train_Set/Aman/Aman_08161.jpg,Aman
Train_Set/Aman/Aman_02010.jpg,Aman
Train_Set/Aman/Aman_08450.jpg,Aman
Train_Set/Aman/Aman_00280.jpg,Aman
Train_Set/Rusak/Rusak_01329.jpg,Rusak
Train_Set/Rusak/Rusak_02124.jpg,Rusak
Train_Set/Aman/Aman_07855.jpg,Aman
Train_Set/Aman/Aman_04739.jpg,Aman
Train_Set/Aman/Aman_00707.jpg,Aman
Train_Set/Aman/Aman_04087.jpg,Aman
Train_Set/Rusak/Rusak_01531.jpg,Rusak
Train_Set/Aman/Aman_03033.jpg,Aman
Train_Set/Lainnya/Lainnya_00005.jpg,Lainnya
Train_Set/Aman/Aman_01382.jpg,Aman
Train_Set/Aman/Aman_07645.jpg,Aman
Train_Set/Aman/Aman_05425.jpg,Aman
Train_Set/Aman/Aman_03521.jpg,Aman
Train_Set/Aman/Aman_00905.jpg,Aman
Train_Set/Aman/Aman_06872.jpg,Aman
Train_Set/Aman/Aman_00746.jpg,Aman
Train_Set/Aman/Aman_01490.jpg,Aman
Train_Set/Aman/Aman_03150.jpg,Aman
Train_Set/Aman/Aman_04978.jpg,Aman
Train_Set/Aman/Aman_05837.jpg,Aman
Train_Set/Rusak/Rusak_02652.jpg,Rusak
Train_Set/Aman/Aman_01533.jpg,Aman
Train_Set/Aman/Aman_08310.jpg,Aman
Train_Set/Aman/Aman_01068.jpg,Aman
Train_Set/Lainnya/Lainnya_00239.jpg,Lainnya
Train_Set/Aman/Aman_06850.jpg,Aman
Train_Set/Aman/Aman_01214.jpg,Aman
Train_Set/Aman/Aman_04746.jpg,Aman
Train_Set/Aman/Aman_05622.jpg,Aman
Train_Set/Aman/Aman_01341.jpg,Aman
Train_Set/Aman/Aman_03351.jpg,Aman
Train_Set/Aman/Aman_07741.jpg,Aman
Train_Set/Aman/Aman_08550.jpg,Aman
Train_Set/Aman/Aman_03811.jpg,Aman
Train_Set/Aman/Aman_00618.jpg,Aman
Train_Set/Aman/Aman_08560.jpg,Aman
Train_Set/Aman/Aman_05911.jpg,Aman
Train_Set/Aman/Aman_08471.jpg,Aman
Train_Set/Aman/Aman_02614.jpg,Aman
Train_Set/Lainnya/Lainnya_00026.jpg,Lainnya
Train_Set/Aman/Aman_08099.jpg,Aman
Train_Set/Aman/Aman_04007.jpg,Aman
Train_Set/Aman/Aman_00094.jpg,Aman
Train_Set/Aman/Aman_00808.jpg,Aman
Train_Set/Rusak/Rusak_02935.jpg,Rusak
Train_Set/Aman/Aman_04783.jpg,Aman
Train_Set/Aman/Aman_08404.jpg,Aman
Train_Set/Aman/Aman_04891.jpg,Aman
Train_Set/Aman/Aman_07810.jpg,Aman
Train_Set/Rusak/Rusak_01053.jpg,Rusak
Train_Set/Rusak/Rusak_00886.jpg,Rusak
Train_Set/Aman/Aman_00624.jpg,Aman
Train_Set/Rusak/Rusak_02925.jpg,Rusak
Train_Set/Aman/Aman_07091.jpg,Aman
Train_Set/Aman/Aman_03131.jpg,Aman
Train_Set/Aman/Aman_01031.jpg,Aman
Train_Set/Aman/Aman_08383.jpg,Aman
Train_Set/Aman/Aman_06624.jpg,Aman
Train_Set/Aman/Aman_05171.jpg,Aman
Train_Set/Aman/Aman_04292.jpg,Aman
Train_Set/Rusak/Rusak_01930.jpg,Rusak
Train_Set/Aman/Aman_03028.jpg,Aman
Train_Set/Aman/Aman_00399.jpg,Aman
Train_Set/Aman/Aman_07170.jpg,Aman
Train_Set/Aman/Aman_03051.jpg,Aman
Train_Set/Rusak/Rusak_01436.jpg,Rusak
Train_Set/Aman/Aman_01587.jpg,Aman
Train_Set/Aman/Aman_05237.jpg,Aman
Train_Set/Aman/Aman_06454.jpg,Aman
Train_Set/Aman/Aman_08262.jpg,Aman
Train_Set/Lainnya/Lainnya_00132.jpg,Lainnya
Train_Set/Aman/Aman_07820.jpg,Aman
Train_Set/Aman/Aman_06930.jpg,Aman
Train_Set/Aman/Aman_03505.jpg,Aman
Train_Set/Aman/Aman_03088.jpg,Aman
Train_Set/Aman/Aman_03442.jpg,Aman
Train_Set/Rusak/Rusak_02130.jpg,Rusak
Train_Set/Aman/Aman_00948.jpg,Aman
Train_Set/Rusak/Rusak_01213.jpg,Rusak
Train_Set/Aman/Aman_08523.jpg,Aman
Train_Set/Rusak/Rusak_01123.jpg,Rusak
Train_Set/Aman/Aman_08704.jpg,Aman
Train_Set/Rusak/Rusak_01265.jpg,Rusak
Train_Set/Aman/Aman_03677.jpg,Aman
Train_Set/Aman/Aman_06733.jpg,Aman
Train_Set/Lainnya/Lainnya_00198.jpg,Lainnya
Train_Set/Aman/Aman_08244.jpg,Aman
Train_Set/Rusak/Rusak_00830.jpg,Rusak
Train_Set/Rusak/Rusak_02636.jpg,Rusak
Train_Set/Aman/Aman_03974.jpg,Aman
Train_Set/Aman/Aman_06847.jpg,Aman
Train_Set/Aman/Aman_03435.jpg,Aman
Train_Set/Aman/Aman_01034.jpg,Aman
Train_Set/Aman/Aman_08761.jpg,Aman
Train_Set/Aman/Aman_04561.jpg,Aman
Train_Set/Aman/Aman_05971.jpg,Aman
Train_Set/Aman/Aman_02411.jpg,Aman
Train_Set/Aman/Aman_07467.jpg,Aman
Train_Set/Aman/Aman_07105.jpg,Aman
Train_Set/Aman/Aman_00009.jpg,Aman
Train_Set/Aman/Aman_00491.jpg,Aman
Train_Set/Rusak/Rusak_02350.jpg,Rusak
Train_Set/Aman/Aman_03773.jpg,Aman
Train_Set/Aman/Aman_01112.jpg,Aman
Train_Set/Rusak/Rusak_00075.jpg,Rusak
Train_Set/Aman/Aman_00031.jpg,Aman
Train_Set/Aman/Aman_08693.jpg,Aman
Train_Set/Aman/Aman_03545.jpg,Aman
Train_Set/Rusak/Rusak_01596.jpg,Rusak
Train_Set/Aman/Aman_02237.jpg,Aman
Train_Set/Aman/Aman_03329.jpg,Aman
Train_Set/Aman/Aman_04375.jpg,Aman
Train_Set/Aman/Aman_04743.jpg,Aman
Train_Set/Aman/Aman_04241.png,Aman
Train_Set/Aman/Aman_02999.jpg,Aman
Train_Set/Rusak/Rusak_00054.jpg,Rusak
Train_Set/Aman/Aman_03955.jpg,Aman
Train_Set/Aman/Aman_03076.jpg,Aman
Train_Set/Aman/Aman_06202.jpg,Aman
Train_Set/Aman/Aman_03633.jpg,Aman
Train_Set/Aman/Aman_06522.jpg,Aman
Train_Set/Rusak/Rusak_00754.jpg,Rusak
Train_Set/Aman/Aman_02101.jpg,Aman
Train_Set/Rusak/Rusak_02683.jpg,Rusak
Train_Set/Aman/Aman_01375.jpg,Aman
Train_Set/Aman/Aman_05982.jpg,Aman
Train_Set/Aman/Aman_01886.jpg,Aman
Train_Set/Aman/Aman_04798.jpg,Aman
Train_Set/Aman/Aman_04740.jpg,Aman
Train_Set/Rusak/Rusak_00221.jpg,Rusak
Train_Set/Aman/Aman_01633.jpg,Aman
Train_Set/Rusak/Rusak_02768.jpg,Rusak
Train_Set/Rusak/Rusak_01338.jpg,Rusak
Train_Set/Rusak/Rusak_00762.jpg,Rusak
Train_Set/Aman/Aman_05046.jpg,Aman
Train_Set/Aman/Aman_08635.jpg,Aman
Train_Set/Lainnya/Lainnya_00272.jpg,Lainnya
Train_Set/Rusak/Rusak_01394.jpg,Rusak
Train_Set/Lainnya/Lainnya_00109.jpg,Lainnya
Train_Set/Aman/Aman_00373.jpg,Aman
Train_Set/Aman/Aman_02121.jpg,Aman
Train_Set/Aman/Aman_04103.jpg,Aman
Train_Set/Aman/Aman_06051.jpg,Aman
Train_Set/Aman/Aman_04623.jpg,Aman
Train_Set/Aman/Aman_00083.jpg,Aman
Train_Set/Aman/Aman_06452.jpg,Aman
Train_Set/Rusak/Rusak_02546.jpg,Rusak
Train_Set/Rusak/Rusak_01153.jpg,Rusak
Train_Set/Aman/Aman_01507.jpg,Aman
Train_Set/Aman/Aman_04305.jpg,Aman
Train_Set/Rusak/Rusak_01846.jpg,Rusak
Train_Set/Rusak/Rusak_01594.jpg,Rusak
Train_Set/Aman/Aman_05625.jpg,Aman
Train_Set/Aman/Aman_08149.jpg,Aman
Train_Set/Aman/Aman_08459.jpg,Aman
Train_Set/Aman/Aman_07868.jpg,Aman
Train_Set/Aman/Aman_03443.jpg,Aman
Train_Set/Aman/Aman_02423.jpg,Aman
Train_Set/Rusak/Rusak_00964.jpg,Rusak
Train_Set/Aman/Aman_08585.jpg,Aman
Train_Set/Aman/Aman_07243.jpg,Aman
Train_Set/Rusak/Rusak_02085.jpg,Rusak
Train_Set/Aman/Aman_02753.jpg,Aman
Train_Set/Aman/Aman_06261.jpg,Aman
Train_Set/Aman/Aman_07611.jpg,Aman
Train_Set/Rusak/Rusak_02793.jpg,Rusak
Train_Set/Aman/Aman_07059.jpg,Aman
Train_Set/Rusak/Rusak_01289.jpg,Rusak
Train_Set/Aman/Aman_08381.jpg,Aman
Train_Set/Lainnya/Lainnya_00007.jpg,Lainnya
Train_Set/Aman/Aman_02265.jpg,Aman
Train_Set/Aman/Aman_04718.jpg,Aman
Train_Set/Aman/Aman_05081.jpg,Aman
Train_Set/Aman/Aman_00137.jpg,Aman
Train_Set/Aman/Aman_00375.jpg,Aman
Train_Set/Aman/Aman_07796.jpg,Aman
Train_Set/Aman/Aman_03735.jpg,Aman
Train_Set/Rusak/Rusak_01333.jpg,Rusak
Train_Set/Aman/Aman_07862.jpg,Aman
Train_Set/Lainnya/Lainnya_00250.jpg,Lainnya
Train_Set/Aman/Aman_05704.jpg,Aman
Train_Set/Aman/Aman_04716.jpg,Aman
Train_Set/Aman/Aman_07314.jpg,Aman
Train_Set/Aman/Aman_05750.jpg,Aman
Train_Set/Aman/Aman_07112.jpg,Aman
Train_Set/Rusak/Rusak_02295.jpg,Rusak
Train_Set/Rusak/Rusak_02029.jpg,Rusak
Train_Set/Rusak/Rusak_00566.jpg,Rusak
Train_Set/Aman/Aman_00240.jpg,Aman
Train_Set/Aman/Aman_00296.jpg,Aman
Train_Set/Aman/Aman_07417.jpg,Aman
Train_Set/Aman/Aman_06253.jpg,Aman
Train_Set/Aman/Aman_04274.jpg,Aman
Train_Set/Aman/Aman_02631.jpg,Aman
Train_Set/Aman/Aman_05671.jpg,Aman
Train_Set/Aman/Aman_03921.jpg,Aman
Train_Set/Aman/Aman_07078.jpg,Aman
Train_Set/Rusak/Rusak_00351.jpg,Rusak
Train_Set/Aman/Aman_01212.jpg,Aman
Train_Set/Aman/Aman_04579.jpg,Aman
Train_Set/Rusak/Rusak_01099.jpg,Rusak
Train_Set/Aman/Aman_05325.jpg,Aman
Train_Set/Rusak/Rusak_00902.jpg,Rusak
Train_Set/Aman/Aman_03122.jpg,Aman
Train_Set/Aman/Aman_03942.jpg,Aman
Train_Set/Aman/Aman_05274.jpg,Aman
Train_Set/Rusak/Rusak_00861.jpg,Rusak
Train_Set/Aman/Aman_05787.jpg,Aman
Train_Set/Aman/Aman_05813.jpg,Aman
Train_Set/Aman/Aman_01632.jpg,Aman
Train_Set/Rusak/Rusak_00778.jpg,Rusak
Train_Set/Rusak/Rusak_00241.jpg,Rusak
Train_Set/Aman/Aman_07955.jpg,Aman
Train_Set/Aman/Aman_00387.jpg,Aman
Train_Set/Aman/Aman_07306.jpg,Aman
Train_Set/Aman/Aman_03227.jpg,Aman
Train_Set/Lainnya/Lainnya_00261.jpg,Lainnya
Train_Set/Aman/Aman_02417.jpg,Aman
Train_Set/Rusak/Rusak_00708.jpg,Rusak
Train_Set/Aman/Aman_04485.jpg,Aman
Train_Set/Rusak/Rusak_01332.jpg,Rusak
Train_Set/Aman/Aman_00643.jpg,Aman
Train_Set/Aman/Aman_00011.jpg,Aman
Train_Set/Aman/Aman_04020.jpg,Aman
Train_Set/Rusak/Rusak_02758.jpg,Rusak
Train_Set/Aman/Aman_03783.jpg,Aman
Train_Set/Rusak/Rusak_00766.jpg,Rusak
Train_Set/Aman/Aman_06759.jpg,Aman
Train_Set/Aman/Aman_04895.jpg,Aman
Train_Set/Aman/Aman_08698.png,Aman
Train_Set/Aman/Aman_01248.jpg,Aman
Train_Set/Rusak/Rusak_01258.jpg,Rusak
Train_Set/Aman/Aman_04413.jpg,Aman
Train_Set/Aman/Aman_07512.jpg,Aman
Train_Set/Aman/Aman_04470.jpg,Aman
Train_Set/Rusak/Rusak_01510.jpg,Rusak
Train_Set/Aman/Aman_06464.jpg,Aman
Train_Set/Aman/Aman_05664.jpg,Aman
Train_Set/Rusak/Rusak_02939.jpg,Rusak
Train_Set/Aman/Aman_06208.jpg,Aman
Train_Set/Aman/Aman_03186.jpg,Aman
Train_Set/Rusak/Rusak_02583.jpg,Rusak
Train_Set/Aman/Aman_03847.jpg,Aman
Train_Set/Aman/Aman_02529.jpg,Aman
Train_Set/Rusak/Rusak_00183.jpg,Rusak
Train_Set/Aman/Aman_06570.jpg,Aman
Train_Set/Aman/Aman_06808.jpg,Aman
Train_Set/Aman/Aman_08734.jpg,Aman
Train_Set/Aman/Aman_04834.jpg,Aman
Train_Set/Rusak/Rusak_01899.jpg,Rusak
Train_Set/Aman/Aman_06817.jpg,Aman
Train_Set/Aman/Aman_01164.jpg,Aman
Train_Set/Aman/Aman_08699.jpg,Aman
Train_Set/Aman/Aman_03805.jpg,Aman
Train_Set/Aman/Aman_07720.jpg,Aman
Train_Set/Aman/Aman_08554.jpg,Aman
Train_Set/Lainnya/Lainnya_00147.jpg,Lainnya
Train_Set/Aman/Aman_02864.jpg,Aman
Train_Set/Aman/Aman_05534.jpg,Aman
Train_Set/Rusak/Rusak_02403.jpg,Rusak
Train_Set/Rusak/Rusak_02949.jpg,Rusak
Train_Set/Aman/Aman_05329.jpg,Aman
Train_Set/Aman/Aman_00927.jpg,Aman
Train_Set/Aman/Aman_02686.jpg,Aman
Train_Set/Rusak/Rusak_02478.jpg,Rusak
Train_Set/Aman/Aman_07795.jpg,Aman
Train_Set/Rusak/Rusak_01758.jpg,Rusak
Train_Set/Rusak/Rusak_01277.jpg,Rusak
Train_Set/Aman/Aman_03462.jpg,Aman
Train_Set/Rusak/Rusak_01269.jpg,Rusak
Train_Set/Aman/Aman_02355.jpg,Aman
Train_Set/Aman/Aman_05107.jpg,Aman
Train_Set/Aman/Aman_06998.jpg,Aman
Train_Set/Aman/Aman_08607.jpg,Aman
Train_Set/Rusak/Rusak_01193.jpg,Rusak
Train_Set/Aman/Aman_01444.jpg,Aman
Train_Set/Rusak/Rusak_01092.jpg,Rusak
Train_Set/Rusak/Rusak_00028.jpg,Rusak
Train_Set/Aman/Aman_06190.jpg,Aman
Train_Set/Rusak/Rusak_02116.jpg,Rusak
Train_Set/Aman/Aman_03635.jpg,Aman
Train_Set/Rusak/Rusak_00920.jpg,Rusak
Train_Set/Aman/Aman_02751.jpg,Aman
Train_Set/Aman/Aman_02711.jpg,Aman
Train_Set/Aman/Aman_03334.jpg,Aman
Train_Set/Aman/Aman_03274.jpg,Aman
Train_Set/Aman/Aman_01460.jpg,Aman
Train_Set/Aman/Aman_08016.jpg,Aman
Train_Set/Rusak/Rusak_02691.jpg,Rusak
Train_Set/Aman/Aman_04099.jpg,Aman
Train_Set/Aman/Aman_02832.jpg,Aman
Train_Set/Aman/Aman_05650.jpg,Aman
Train_Set/Rusak/Rusak_00875.jpg,Rusak
Train_Set/Rusak/Rusak_00249.jpg,Rusak
Train_Set/Rusak/Rusak_01263.jpg,Rusak
Train_Set/Aman/Aman_03348.jpg,Aman
Train_Set/Aman/Aman_01092.jpg,Aman
Train_Set/Aman/Aman_05262.jpg,Aman
Train_Set/Lainnya/Lainnya_00041.jpg,Lainnya
Train_Set/Aman/Aman_02777.jpg,Aman
Train_Set/Aman/Aman_01965.jpg,Aman
Train_Set/Rusak/Rusak_01432.jpg,Rusak
Train_Set/Aman/Aman_05557.jpg,Aman
Train_Set/Aman/Aman_04024.jpg,Aman
Train_Set/Rusak/Rusak_00066.jpg,Rusak
Train_Set/Aman/Aman_06063.jpg,Aman
Train_Set/Aman/Aman_03826.jpg,Aman
Train_Set/Aman/Aman_00783.jpg,Aman
Train_Set/Aman/Aman_02577.jpg,Aman
Train_Set/Aman/Aman_08623.jpg,Aman
Train_Set/Aman/Aman_08641.jpg,Aman
Train_Set/Aman/Aman_08142.jpg,Aman
Train_Set/Aman/Aman_03403.jpg,Aman
Train_Set/Aman/Aman_02845.jpg,Aman
Train_Set/Rusak/Rusak_02235.jpg,Rusak
Train_Set/Aman/Aman_05528.jpg,Aman
Train_Set/Aman/Aman_01218.jpg,Aman
Train_Set/Aman/Aman_01731.jpg,Aman
Train_Set/Aman/Aman_00663.jpg,Aman
Train_Set/Aman/Aman_08741.jpg,Aman
Train_Set/Aman/Aman_01426.jpg,Aman
Train_Set/Aman/Aman_08290.jpg,Aman
Train_Set/Aman/Aman_08461.jpg,Aman
Train_Set/Aman/Aman_03290.jpg,Aman
Train_Set/Aman/Aman_05472.jpg,Aman
Train_Set/Rusak/Rusak_01137.jpg,Rusak
Train_Set/Rusak/Rusak_01781.jpg,Rusak
Train_Set/Rusak/Rusak_02032.jpg,Rusak
Train_Set/Rusak/Rusak_01132.jpg,Rusak
Train_Set/Rusak/Rusak_01898.jpg,Rusak
Train_Set/Rusak/Rusak_02980.jpg,Rusak
Train_Set/Aman/Aman_00331.jpg,Aman
Train_Set/Aman/Aman_04889.jpg,Aman
Train_Set/Aman/Aman_07950.jpg,Aman
Train_Set/Rusak/Rusak_01638.jpg,Rusak
Train_Set/Aman/Aman_02161.jpg,Aman
Train_Set/Aman/Aman_06744.jpg,Aman
Train_Set/Rusak/Rusak_02044.jpg,Rusak
Train_Set/Aman/Aman_06754.jpg,Aman
Train_Set/Aman/Aman_02960.jpg,Aman
Train_Set/Aman/Aman_05862.jpg,Aman
Train_Set/Aman/Aman_02616.jpg,Aman
Train_Set/Aman/Aman_07926.jpg,Aman
Train_Set/Aman/Aman_08545.jpg,Aman
Train_Set/Aman/Aman_01879.jpg,Aman
Train_Set/Aman/Aman_07107.jpg,Aman
Train_Set/Rusak/Rusak_02676.jpg,Rusak
Train_Set/Aman/Aman_05361.jpg,Aman
Train_Set/Aman/Aman_06717.jpg,Aman
Train_Set/Aman/Aman_06371.jpg,Aman
Train_Set/Aman/Aman_04601.jpg,Aman
Train_Set/Aman/Aman_07374.jpg,Aman
Train_Set/Aman/Aman_01140.jpg,Aman
Train_Set/Rusak/Rusak_00563.jpg,Rusak
Train_Set/Aman/Aman_02078.jpg,Aman
Train_Set/Aman/Aman_06449.jpg,Aman
Train_Set/Rusak/Rusak_00661.jpg,Rusak
Train_Set/Rusak/Rusak_02370.jpg,Rusak
Train_Set/Rusak/Rusak_02642.jpg,Rusak
Train_Set/Aman/Aman_05470.jpg,Aman
Train_Set/Aman/Aman_04205.jpg,Aman
Train_Set/Aman/Aman_05020.jpg,Aman
Train_Set/Aman/Aman_03845.jpg,Aman
Train_Set/Aman/Aman_05148.jpg,Aman
Train_Set/Aman/Aman_05366.jpg,Aman
Train_Set/Aman/Aman_03551.jpg,Aman
Train_Set/Aman/Aman_01349.jpg,Aman
Train_Set/Aman/Aman_01568.jpg,Aman
Train_Set/Lainnya/Lainnya_00316.jpg,Lainnya
Train_Set/Aman/Aman_04930.jpg,Aman
Train_Set/Aman/Aman_01243.jpg,Aman
Train_Set/Aman/Aman_06826.jpg,Aman
Train_Set/Rusak/Rusak_01707.jpg,Rusak
Train_Set/Rusak/Rusak_00601.jpg,Rusak
Train_Set/Aman/Aman_05596.jpg,Aman
Train_Set/Aman/Aman_07781.jpg,Aman
Train_Set/Rusak/Rusak_00991.jpg,Rusak
Train_Set/Aman/Aman_00041.jpg,Aman
Train_Set/Rusak/Rusak_01167.jpg,Rusak
Train_Set/Rusak/Rusak_01981.jpg,Rusak
Train_Set/Aman/Aman_03605.jpg,Aman
Train_Set/Aman/Aman_00922.jpg,Aman
Train_Set/Rusak/Rusak_00459.jpg,Rusak
Train_Set/Aman/Aman_00499.jpg,Aman
Train_Set/Aman/Aman_07201.jpeg,Aman
Train_Set/Aman/Aman_07604.jpg,Aman
Train_Set/Aman/Aman_03248.jpg,Aman
Train_Set/Aman/Aman_07730.jpg,Aman
Train_Set/Lainnya/Lainnya_00161.jpg,Lainnya
Train_Set/Aman/Aman_07532.jpg,Aman
Train_Set/Aman/Aman_07418.jpg,Aman
Train_Set/Aman/Aman_07365.jpg,Aman
Train_Set/Aman/Aman_07798.jpg,Aman
Train_Set/Aman/Aman_05552.jpg,Aman
Train_Set/Rusak/Rusak_02981.jpg,Rusak
Train_Set/Aman/Aman_03162.jpg,Aman
Train_Set/Aman/Aman_08037.jpg,Aman
Train_Set/Lainnya/Lainnya_00078.jpg,Lainnya
Train_Set/Aman/Aman_03037.jpg,Aman
Train_Set/Aman/Aman_08074.jpg,Aman
Train_Set/Aman/Aman_07961.jpg,Aman
Train_Set/Aman/Aman_01245.jpg,Aman
Train_Set/Aman/Aman_04300.jpg,Aman
Train_Set/Aman/Aman_00573.jpg,Aman
Train_Set/Aman/Aman_00257.jpg,Aman
Train_Set/Aman/Aman_05168.jpg,Aman
Train_Set/Rusak/Rusak_00102.jpg,Rusak
Train_Set/Rusak/Rusak_02483.jpg,Rusak
Train_Set/Rusak/Rusak_00715.jpg,Rusak
Train_Set/Rusak/Rusak_00583.jpg,Rusak
Train_Set/Aman/Aman_01745.jpg,Aman
Train_Set/Rusak/Rusak_00503.jpg,Rusak
Train_Set/Aman/Aman_05945.jpg,Aman
Train_Set/Aman/Aman_07734.jpg,Aman
Train_Set/Aman/Aman_05324.jpg,Aman
Train_Set/Rusak/Rusak_01644.jpg,Rusak
Train_Set/Aman/Aman_06653.jpg,Aman
Train_Set/Aman/Aman_07535.jpg,Aman
Train_Set/Aman/Aman_08529.jpg,Aman
Train_Set/Rusak/Rusak_02618.jpg,Rusak
Train_Set/Rusak/Rusak_00091.jpg,Rusak
Train_Set/Aman/Aman_00963.jpg,Aman
Train_Set/Rusak/Rusak_02482.jpg,Rusak
Train_Set/Rusak/Rusak_00038.jpg,Rusak
Train_Set/Aman/Aman_00725.jpg,Aman
Train_Set/Aman/Aman_07930.jpg,Aman
Train_Set/Aman/Aman_00522.jpg,Aman
Train_Set/Aman/Aman_03752.jpg,Aman
Train_Set/Aman/Aman_00035.jpg,Aman
Train_Set/Aman/Aman_06708.jpg,Aman
Train_Set/Aman/Aman_08119.jpg,Aman
Train_Set/Aman/Aman_08019.jpg,Aman
Train_Set/Aman/Aman_00565.jpg,Aman
Train_Set/Aman/Aman_06537.jpg,Aman
Train_Set/Aman/Aman_02738.jpg,Aman
Train_Set/Aman/Aman_04524.jpg,Aman
Train_Set/Aman/Aman_06065.jpg,Aman
Train_Set/Rusak/Rusak_00316.jpg,Rusak
Train_Set/Aman/Aman_00383.jpg,Aman
Train_Set/Aman/Aman_04394.jpg,Aman
Train_Set/Rusak/Rusak_02769.jpg,Rusak
Train_Set/Aman/Aman_06152.jpg,Aman
Train_Set/Rusak/Rusak_00204.jpg,Rusak
Train_Set/Aman/Aman_00531.jpg,Aman
Train_Set/Aman/Aman_05119.jpg,Aman
Train_Set/Aman/Aman_04526.jpg,Aman
Train_Set/Rusak/Rusak_01696.jpg,Rusak
Train_Set/Aman/Aman_05372.jpg,Aman
Train_Set/Aman/Aman_06154.jpg,Aman
Train_Set/Aman/Aman_05851.jpg,Aman
Train_Set/Aman/Aman_00830.jpg,Aman
Train_Set/Rusak/Rusak_01393.jpg,Rusak
Train_Set/Aman/Aman_07013.jpg,Aman
Train_Set/Aman/Aman_01025.jpg,Aman
Train_Set/Rusak/Rusak_00223.jpg,Rusak
Train_Set/Aman/Aman_05701.jpg,Aman
Train_Set/Aman/Aman_06221.jpg,Aman
Train_Set/Aman/Aman_07431.jpg,Aman
Train_Set/Rusak/Rusak_00621.jpg,Rusak
Train_Set/Aman/Aman_06320.jpg,Aman
Train_Set/Aman/Aman_04319.jpg,Aman
Train_Set/Aman/Aman_00051.jpg,Aman
Train_Set/Rusak/Rusak_01886.jpg,Rusak
Train_Set/Rusak/Rusak_01119.jpg,Rusak
Train_Set/Aman/Aman_03552.jpg,Aman
Train_Set/Aman/Aman_00552.jpg,Aman
Train_Set/Aman/Aman_08324.jpg,Aman
Train_Set/Rusak/Rusak_02260.jpg,Rusak
Train_Set/Aman/Aman_06281.jpg,Aman
Train_Set/Aman/Aman_05232.jpg,Aman
Train_Set/Aman/Aman_00189.jpg,Aman
Train_Set/Aman/Aman_03560.jpg,Aman
Train_Set/Rusak/Rusak_01503.jpg,Rusak
Train_Set/Rusak/Rusak_01008.jpg,Rusak
Train_Set/Aman/Aman_04767.jpg,Aman
Train_Set/Aman/Aman_00214.jpg,Aman
Train_Set/Rusak/Rusak_01244.jpg,Rusak
Train_Set/Aman/Aman_06114.jpg,Aman
Train_Set/Rusak/Rusak_00942.jpg,Rusak
Train_Set/Aman/Aman_02715.jpg,Aman
Train_Set/Aman/Aman_05456.jpg,Aman
Train_Set/Aman/Aman_05578.jpg,Aman
Train_Set/Lainnya/Lainnya_00177.jpg,Lainnya
Train_Set/Aman/Aman_07068.jpg,Aman
Train_Set/Aman/Aman_03994.jpg,Aman
Train_Set/Aman/Aman_00807.jpg,Aman
Train_Set/Aman/Aman_08713.jpg,Aman
Train_Set/Aman/Aman_08048.jpg,Aman
Train_Set/Aman/Aman_00015.jpg,Aman
Train_Set/Aman/Aman_07050.jpg,Aman
Train_Set/Rusak/Rusak_01701.jpg,Rusak
Train_Set/Lainnya/Lainnya_00345.jpg,Lainnya
Train_Set/Aman/Aman_00081.jpg,Aman
Train_Set/Aman/Aman_02460.jpg,Aman
Train_Set/Aman/Aman_07631.jpg,Aman
Train_Set/Aman/Aman_08030.jpg,Aman
Train_Set/Aman/Aman_00598.jpg,Aman
Train_Set/Aman/Aman_00174.jpg,Aman
Train_Set/Aman/Aman_04006.jpg,Aman
Train_Set/Aman/Aman_04662.jpg,Aman
Train_Set/Aman/Aman_02660.jpg,Aman
Train_Set/Aman/Aman_00773.jpg,Aman
Train_Set/Aman/Aman_00125.jpg,Aman
Train_Set/Aman/Aman_08671.jpg,Aman
Train_Set/Aman/Aman_03951.jpg,Aman
Train_Set/Aman/Aman_08733.jpg,Aman
Train_Set/Aman/Aman_03898.jpg,Aman
Train_Set/Aman/Aman_06787.jpg,Aman
Train_Set/Aman/Aman_06329.jpg,Aman
Train_Set/Rusak/Rusak_00726.jpg,Rusak
Train_Set/Rusak/Rusak_02668.jpg,Rusak
Train_Set/Rusak/Rusak_00607.png,Rusak
Train_Set/Lainnya/Lainnya_00384.jpg,Lainnya
Train_Set/Rusak/Rusak_02951.jpg,Rusak
Train_Set/Rusak/Rusak_00657.jpg,Rusak
Train_Set/Rusak/Rusak_00078.jpg,Rusak
Train_Set/Aman/Aman_07691.jpg,Aman
Train_Set/Aman/Aman_00558.jpg,Aman
Train_Set/Aman/Aman_07415.jpg,Aman
Train_Set/Aman/Aman_04573.jpg,Aman
Train_Set/Rusak/Rusak_00137.jpg,Rusak
Train_Set/Aman/Aman_03380.jpg,Aman
Train_Set/Aman/Aman_06203.jpg,Aman
Train_Set/Aman/Aman_02831.jpg,Aman
Train_Set/Rusak/Rusak_00884.jpg,Rusak
Train_Set/Rusak/Rusak_02830.jpg,Rusak
Train_Set/Rusak/Rusak_01010.jpg,Rusak
Train_Set/Aman/Aman_04295.jpg,Aman
Train_Set/Aman/Aman_01596.jpg,Aman
Train_Set/Aman/Aman_08124.jpg,Aman
Train_Set/Aman/Aman_01004.jpg,Aman
Train_Set/Rusak/Rusak_00572.jpg,Rusak
Train_Set/Aman/Aman_04621.jpg,Aman
Train_Set/Aman/Aman_07600.jpg,Aman
Train_Set/Aman/Aman_05636.jpg,Aman
Train_Set/Aman/Aman_00777.jpg,Aman
Train_Set/Aman/Aman_04703.jpg,Aman
Train_Set/Aman/Aman_07315.jpg,Aman
Train_Set/Rusak/Rusak_02878.jpg,Rusak
Train_Set/Aman/Aman_05588.jpg,Aman
Train_Set/Rusak/Rusak_00858.jpg,Rusak
Train_Set/Aman/Aman_03603.jpg,Aman
Train_Set/Aman/Aman_01710.jpg,Aman
Train_Set/Aman/Aman_06116.jpg,Aman
Train_Set/Aman/Aman_01436.jpg,Aman
Train_Set/Aman/Aman_03549.jpg,Aman
Train_Set/Aman/Aman_06110.jpg,Aman
Train_Set/Rusak/Rusak_02771.jpg,Rusak
Train_Set/Aman/Aman_04387.jpg,Aman
Train_Set/Aman/Aman_06671.jpg,Aman
Train_Set/Aman/Aman_01698.jpg,Aman
Train_Set/Aman/Aman_08170.jpg,Aman
Train_Set/Aman/Aman_02670.jpg,Aman
Train_Set/Aman/Aman_07220.jpg,Aman
Train_Set/Aman/Aman_00210.jpg,Aman
Train_Set/Rusak/Rusak_01624.jpg,Rusak
Train_Set/Aman/Aman_01300.jpg,Aman
Train_Set/Aman/Aman_07777.jpg,Aman
Train_Set/Lainnya/Lainnya_00248.jpg,Lainnya
Train_Set/Aman/Aman_00087.jpg,Aman
Train_Set/Aman/Aman_05763.jpg,Aman
Train_Set/Aman/Aman_00749.jpg,Aman
Train_Set/Aman/Aman_08753.jpg,Aman
Train_Set/Aman/Aman_02556.jpg,Aman
Train_Set/Rusak/Rusak_02872.jpg,Rusak
Train_Set/Aman/Aman_08768.jpg,Aman
Train_Set/Aman/Aman_00588.jpg,Aman
Train_Set/Aman/Aman_04537.jpg,Aman
Train_Set/Rusak/Rusak_01678.jpg,Rusak
Train_Set/Aman/Aman_06569.jpg,Aman
Train_Set/Aman/Aman_07605.jpg,Aman
Train_Set/Rusak/Rusak_02307.jpg,Rusak
Train_Set/Aman/Aman_06751.jpg,Aman
Train_Set/Aman/Aman_06616.jpg,Aman
Train_Set/Aman/Aman_01087.jpg,Aman
Train_Set/Aman/Aman_02006.jpg,Aman
Train_Set/Aman/Aman_00997.jpg,Aman
Train_Set/Aman/Aman_07948.jpg,Aman
Train_Set/Lainnya/Lainnya_00037.jpg,Lainnya
Train_Set/Aman/Aman_08346.jpg,Aman
Train_Set/Aman/Aman_06168.jpg,Aman
Train_Set/Rusak/Rusak_00129.jpg,Rusak
Train_Set/Aman/Aman_08109.jpg,Aman
Train_Set/Rusak/Rusak_02341.jpg,Rusak
Train_Set/Rusak/Rusak_00032.jpg,Rusak
Train_Set/Rusak/Rusak_01363.jpg,Rusak
Train_Set/Aman/Aman_06448.jpg,Aman
Train_Set/Aman/Aman_02902.jpg,Aman
Train_Set/Aman/Aman_07256.jpg,Aman
Train_Set/Aman/Aman_07911.jpg,Aman
Train_Set/Aman/Aman_08028.jpg,Aman
Train_Set/Aman/Aman_05915.jpg,Aman
Train_Set/Aman/Aman_00897.jpg,Aman
Train_Set/Rusak/Rusak_02645.jpg,Rusak
Train_Set/Aman/Aman_03685.jpg,Aman
Train_Set/Rusak/Rusak_00990.jpg,Rusak
Train_Set/Aman/Aman_00253.jpg,Aman
Train_Set/Aman/Aman_00464.jpg,Aman
Train_Set/Aman/Aman_07520.jpg,Aman
Train_Set/Aman/Aman_01850.jpg,Aman
Train_Set/Rusak/Rusak_02917.jpg,Rusak
Train_Set/Rusak/Rusak_00011.jpg,Rusak
Train_Set/Aman/Aman_08469.jpg,Aman
Train_Set/Lainnya/Lainnya_00097.jpg,Lainnya
Train_Set/Aman/Aman_06612.jpg,Aman
Train_Set/Rusak/Rusak_02921.jpg,Rusak
Train_Set/Aman/Aman_00999.jpg,Aman
Train_Set/Aman/Aman_05921.jpg,Aman
Train_Set/Aman/Aman_02618.jpg,Aman
Train_Set/Aman/Aman_05186.jpeg,Aman
Train_Set/Aman/Aman_05174.jpeg,Aman
Train_Set/Rusak/Rusak_00118.jpg,Rusak
Train_Set/Aman/Aman_00481.jpg,Aman
Train_Set/Rusak/Rusak_00687.jpg,Rusak
Train_Set/Rusak/Rusak_01646.jpg,Rusak
Train_Set/Aman/Aman_01557.jpg,Aman
Train_Set/Aman/Aman_06143.jpg,Aman
Train_Set/Aman/Aman_07858.jpg,Aman
Train_Set/Aman/Aman_03995.jpg,Aman
Train_Set/Aman/Aman_03862.jpg,Aman
Train_Set/Aman/Aman_05696.jpg,Aman
Train_Set/Rusak/Rusak_00291.jpg,Rusak
Train_Set/Aman/Aman_00157.jpg,Aman
Train_Set/Rusak/Rusak_01427.jpg,Rusak
Train_Set/Aman/Aman_07131.jpg,Aman
Train_Set/Aman/Aman_04128.jpg,Aman
Train_Set/Aman/Aman_07211.jpeg,Aman
Train_Set/Aman/Aman_04052.jpg,Aman
Train_Set/Aman/Aman_06827.jpg,Aman
Train_Set/Aman/Aman_06235.jpg,Aman
Train_Set/Aman/Aman_07943.jpg,Aman
Train_Set/Aman/Aman_01914.jpg,Aman
Train_Set/Aman/Aman_08259.jpg,Aman
Train_Set/Aman/Aman_06153.jpg,Aman
Train_Set/Rusak/Rusak_01877.jpg,Rusak
Train_Set/Aman/Aman_08344.jpg,Aman
Train_Set/Rusak/Rusak_00915.jpg,Rusak
Train_Set/Rusak/Rusak_00404.jpg,Rusak
Train_Set/Rusak/Rusak_00362.jpg,Rusak
Train_Set/Rusak/Rusak_00121.jpg,Rusak
Train_Set/Aman/Aman_04388.jpg,Aman
Train_Set/Aman/Aman_03646.jpg,Aman
Train_Set/Aman/Aman_07387.jpg,Aman
Train_Set/Rusak/Rusak_02120.jpg,Rusak
Train_Set/Aman/Aman_01012.jpg,Aman
Train_Set/Rusak/Rusak_01456.jpg,Rusak
Train_Set/Aman/Aman_02461.jpg,Aman
Train_Set/Aman/Aman_08001.jpg,Aman
Train_Set/Rusak/Rusak_02160.jpg,Rusak
Train_Set/Rusak/Rusak_02700.jpg,Rusak
Train_Set/Aman/Aman_04449.jpg,Aman
Train_Set/Aman/Aman_01211.jpg,Aman
Train_Set/Aman/Aman_00222.jpg,Aman
Train_Set/Aman/Aman_02119.jpg,Aman
Train_Set/Aman/Aman_02259.jpg,Aman
Train_Set/Aman/Aman_00205.jpg,Aman
Train_Set/Aman/Aman_03958.jpg,Aman
Train_Set/Aman/Aman_07392.jpg,Aman
Train_Set/Aman/Aman_06349.jpg,Aman
Train_Set/Aman/Aman_03502.jpg,Aman
Train_Set/Rusak/Rusak_01348.jpg,Rusak
Train_Set/Aman/Aman_07282.jpg,Aman
Train_Set/Aman/Aman_01498.jpg,Aman
Train_Set/Aman/Aman_00876.jpg,Aman
Train_Set/Aman/Aman_06900.jpg,Aman
Train_Set/Aman/Aman_03990.jpg,Aman
Train_Set/Aman/Aman_04766.jpg,Aman
Train_Set/Rusak/Rusak_00187.jpg,Rusak
Train_Set/Aman/Aman_08279.jpg,Aman
Train_Set/Aman/Aman_01964.jpg,Aman
Train_Set/Aman/Aman_01273.jpg,Aman
Train_Set/Aman/Aman_03957.jpg,Aman
Train_Set/Rusak/Rusak_01750.jpg,Rusak
Train_Set/Rusak/Rusak_01525.jpg,Rusak
Train_Set/Aman/Aman_03905.jpg,Aman
Train_Set/Rusak/Rusak_02648.jpg,Rusak
Train_Set/Aman/Aman_06090.jpg,Aman
Train_Set/Rusak/Rusak_02415.jpg,Rusak
Train_Set/Rusak/Rusak_02164.jpg,Rusak
Train_Set/Aman/Aman_03871.jpg,Aman
Train_Set/Aman/Aman_07632.jpg,Aman
Train_Set/Lainnya/Lainnya_00335.jpg,Lainnya
Train_Set/Aman/Aman_03622.jpg,Aman
Train_Set/Rusak/Rusak_01506.jpg,Rusak
Train_Set/Aman/Aman_05458.jpg,Aman
Train_Set/Aman/Aman_01263.jpg,Aman
Train_Set/Rusak/Rusak_01961.jpg,Rusak
Train_Set/Aman/Aman_05712.jpg,Aman
Train_Set/Aman/Aman_07261.jpg,Aman
Train_Set/Aman/Aman_02260.jpg,Aman
Train_Set/Rusak/Rusak_00358.jpg,Rusak
Train_Set/Aman/Aman_08564.jpg,Aman
Train_Set/Lainnya/Lainnya_00398.jpg,Lainnya
Train_Set/Lainnya/Lainnya_00011.jpg,Lainnya
Train_Set/Rusak/Rusak_00036.jpg,Rusak
Train_Set/Aman/Aman_03167.jpg,Aman
Train_Set/Aman/Aman_00731.jpg,Aman
Train_Set/Aman/Aman_06079.jpg,Aman
Train_Set/Aman/Aman_05244.jpg,Aman
Train_Set/Rusak/Rusak_00085.jpg,Rusak
Train_Set/Aman/Aman_06370.jpg,Aman
Train_Set/Rusak/Rusak_00305.jpg,Rusak
Train_Set/Rusak/Rusak_00680.jpg,Rusak
Train_Set/Aman/Aman_05969.jpg,Aman
Train_Set/Aman/Aman_00297.jpg,Aman
Train_Set/Aman/Aman_08684.jpg,Aman
Train_Set/Aman/Aman_00097.jpg,Aman
Train_Set/Aman/Aman_03535.jpg,Aman
Train_Set/Aman/Aman_05061.jpg,Aman
Train_Set/Aman/Aman_01122.jpg,Aman
Train_Set/Rusak/Rusak_00723.jpg,Rusak
Train_Set/Aman/Aman_01027.jpg,Aman
Train_Set/Lainnya/Lainnya_00022.jpg,Lainnya
Train_Set/Aman/Aman_01416.jpg,Aman
Train_Set/Rusak/Rusak_01217.jpg,Rusak
Train_Set/Aman/Aman_00416.jpg,Aman
Train_Set/Rusak/Rusak_01944.jpg,Rusak
Train_Set/Aman/Aman_06629.jpg,Aman
Train_Set/Aman/Aman_06676.jpg,Aman
Train_Set/Aman/Aman_07180.jpeg,Aman
Train_Set/Aman/Aman_01540.jpg,Aman
Train_Set/Aman/Aman_08316.jpg,Aman
Train_Set/Aman/Aman_00934.jpg,Aman
Train_Set/Aman/Aman_01421.jpg,Aman
Train_Set/Rusak/Rusak_00758.jpg,Rusak
Train_Set/Rusak/Rusak_02743.jpg,Rusak
Train_Set/Aman/Aman_03592.jpg,Aman
Train_Set/Aman/Aman_00634.jpg,Aman
Train_Set/Rusak/Rusak_01031.jpg,Rusak
Train_Set/Aman/Aman_06122.jpg,Aman
Train_Set/Aman/Aman_04943.jpg,Aman
Train_Set/Rusak/Rusak_01911.jpg,Rusak
Train_Set/Lainnya/Lainnya_00028.jpg,Lainnya
Train_Set/Aman/Aman_00863.jpg,Aman
Train_Set/Aman/Aman_06525.jpg,Aman
Train_Set/Aman/Aman_07286.jpg,Aman
Train_Set/Aman/Aman_08794.jpg,Aman
Train_Set/Aman/Aman_05906.jpg,Aman
Train_Set/Aman/Aman_07162.jpg,Aman
Train_Set/Aman/Aman_01283.jpg,Aman
Train_Set/Rusak/Rusak_00163.jpg,Rusak
Train_Set/Lainnya/Lainnya_00191.jpg,Lainnya
Train_Set/Aman/Aman_07919.jpg,Aman
Train_Set/Rusak/Rusak_02972.jpg,Rusak
Train_Set/Aman/Aman_07047.jpg,Aman
Train_Set/Aman/Aman_05797.jpg,Aman
Train_Set/Aman/Aman_07847.jpg,Aman
Train_Set/Aman/Aman_06450.jpg,Aman
Train_Set/Aman/Aman_06680.jpg,Aman
Train_Set/Aman/Aman_07359.jpg,Aman
Train_Set/Aman/Aman_06223.jpg,Aman
Train_Set/Aman/Aman_08330.jpg,Aman
Train_Set/Rusak/Rusak_01633.jpg,Rusak
Train_Set/Aman/Aman_05002.jpg,Aman
Train_Set/Aman/Aman_03571.jpg,Aman
Train_Set/Aman/Aman_05938.jpg,Aman
Train_Set/Aman/Aman_01959.jpg,Aman
Train_Set/Rusak/Rusak_00328.jpg,Rusak
Train_Set/Aman/Aman_02107.jpg,Aman
Train_Set/Aman/Aman_06299.jpg,Aman
Train_Set/Rusak/Rusak_00208.jpg,Rusak
Train_Set/Aman/Aman_01102.jpg,Aman
Train_Set/Aman/Aman_05720.jpg,Aman
Train_Set/Aman/Aman_03564.jpg,Aman
Train_Set/Aman/Aman_02438.jpg,Aman
Train_Set/Aman/Aman_02293.jpg,Aman
Train_Set/Rusak/Rusak_02604.jpg,Rusak
Train_Set/Rusak/Rusak_01282.jpg,Rusak
Train_Set/Aman/Aman_03114.jpg,Aman
Train_Set/Aman/Aman_04374.jpg,Aman
Train_Set/Aman/Aman_02655.jpg,Aman
Train_Set/Aman/Aman_05934.jpg,Aman
Train_Set/Aman/Aman_03948.jpg,Aman
Train_Set/Aman/Aman_06730.jpg,Aman
Train_Set/Aman/Aman_02666.jpg,Aman
Train_Set/Lainnya/Lainnya_00411.jpg,Lainnya
Train_Set/Aman/Aman_08421.jpg,Aman
Train_Set/Rusak/Rusak_01327.jpg,Rusak
Train_Set/Aman/Aman_01992.jpg,Aman
Train_Set/Aman/Aman_07918.jpg,Aman
Train_Set/Aman/Aman_07234.jpg,Aman
Train_Set/Aman/Aman_07235.jpg,Aman
Train_Set/Rusak/Rusak_02425.jpg,Rusak
Train_Set/Aman/Aman_03137.jpg,Aman
Train_Set/Aman/Aman_06557.jpg,Aman
Train_Set/Rusak/Rusak_02332.jpg,Rusak
Train_Set/Aman/Aman_05883.jpg,Aman
Train_Set/Aman/Aman_06735.jpg,Aman
Train_Set/Aman/Aman_00333.jpg,Aman
Train_Set/Rusak/Rusak_02399.jpg,Rusak
Train_Set/Aman/Aman_07416.jpg,Aman
Train_Set/Rusak/Rusak_00642.jpg,Rusak
Train_Set/Aman/Aman_00357.jpg,Aman
Train_Set/Rusak/Rusak_00759.jpg,Rusak
Train_Set/Aman/Aman_03094.jpg,Aman
Train_Set/Aman/Aman_08293.jpg,Aman
Train_Set/Aman/Aman_01990.jpg,Aman
Train_Set/Rusak/Rusak_01148.jpg,Rusak
Train_Set/Rusak/Rusak_02851.jpg,Rusak
Train_Set/Aman/Aman_02232.jpg,Aman
Train_Set/Aman/Aman_03867.jpg,Aman
Train_Set/Aman/Aman_03504.jpg,Aman
Train_Set/Aman/Aman_04552.jpg,Aman
Train_Set/Aman/Aman_01993.jpg,Aman
Train_Set/Aman/Aman_01832.jpg,Aman
Train_Set/Aman/Aman_04592.jpg,Aman
Train_Set/Rusak/Rusak_00015.jpg,Rusak
Train_Set/Rusak/Rusak_02646.jpg,Rusak
Train_Set/Aman/Aman_08569.jpg,Aman
Train_Set/Rusak/Rusak_01557.jpg,Rusak
Train_Set/Aman/Aman_05396.jpg,Aman
Train_Set/Aman/Aman_07424.jpg,Aman
Train_Set/Lainnya/Lainnya_00034.jpg,Lainnya
Train_Set/Aman/Aman_03671.jpg,Aman
Train_Set/Rusak/Rusak_00530.jpg,Rusak
Train_Set/Aman/Aman_04571.jpg,Aman
Train_Set/Aman/Aman_08087.jpg,Aman
Train_Set/Aman/Aman_06417.jpg,Aman
Train_Set/Aman/Aman_06241.jpg,Aman
Train_Set/Aman/Aman_02599.jpg,Aman
Train_Set/Aman/Aman_03007.jpg,Aman
Train_Set/Rusak/Rusak_02003.jpg,Rusak
Train_Set/Aman/Aman_04578.jpg,Aman
Train_Set/Rusak/Rusak_02849.jpg,Rusak
Train_Set/Aman/Aman_03796.jpg,Aman
Train_Set/Rusak/Rusak_00577.jpg,Rusak
Train_Set/Aman/Aman_08070.jpg,Aman
Train_Set/Aman/Aman_01250.jpg,Aman
Train_Set/Aman/Aman_04067.jpg,Aman
Train_Set/Aman/Aman_03036.jpg,Aman
Train_Set/Rusak/Rusak_01064.jpg,Rusak
Train_Set/Aman/Aman_00330.jpg,Aman
Train_Set/Aman/Aman_00186.jpg,Aman
Train_Set/Rusak/Rusak_02041.jpg,Rusak
Train_Set/Lainnya/Lainnya_00068.jpg,Lainnya
Train_Set/Aman/Aman_04902.jpg,Aman
Train_Set/Aman/Aman_05486.jpg,Aman
Train_Set/Aman/Aman_01118.jpg,Aman
Train_Set/Aman/Aman_00337.jpg,Aman
Train_Set/Aman/Aman_02523.jpg,Aman
Train_Set/Aman/Aman_05330.jpg,Aman
Train_Set/Rusak/Rusak_02902.jpg,Rusak
Train_Set/Rusak/Rusak_02491.jpg,Rusak
Train_Set/Aman/Aman_05539.jpg,Aman
Train_Set/Aman/Aman_08464.jpg,Aman
Train_Set/Aman/Aman_02567.jpg,Aman
Train_Set/Aman/Aman_08189.jpg,Aman
Train_Set/Aman/Aman_08689.jpg,Aman
Train_Set/Rusak/Rusak_00467.jpg,Rusak
Train_Set/Aman/Aman_08455.jpg,Aman
Train_Set/Aman/Aman_02120.jpg,Aman
Train_Set/Aman/Aman_00406.jpg,Aman
Train_Set/Aman/Aman_07294.jpg,Aman
Train_Set/Rusak/Rusak_00636.jpg,Rusak
Train_Set/Aman/Aman_06344.jpg,Aman
Train_Set/Aman/Aman_03604.jpg,Aman
Train_Set/Aman/Aman_04120.jpg,Aman
Train_Set/Aman/Aman_04311.jpg,Aman
Train_Set/Aman/Aman_01240.jpg,Aman
Train_Set/Aman/Aman_02673.jpg,Aman
Train_Set/Aman/Aman_00486.jpg,Aman
Train_Set/Aman/Aman_01536.jpg,Aman
Train_Set/Rusak/Rusak_02903.jpg,Rusak
Train_Set/Aman/Aman_03675.jpg,Aman
Train_Set/Aman/Aman_01026.jpg,Aman
Train_Set/Aman/Aman_05196.jpg,Aman
Train_Set/Aman/Aman_08668.jpg,Aman
Train_Set/Aman/Aman_06835.jpg,Aman
Train_Set/Aman/Aman_03634.jpg,Aman
Train_Set/Rusak/Rusak_01245.jpg,Rusak
Train_Set/Aman/Aman_04854.jpg,Aman
Train_Set/Aman/Aman_01079.jpg,Aman
Train_Set/Aman/Aman_03916.jpg,Aman
Train_Set/Aman/Aman_01520.jpg,Aman
Train_Set/Aman/Aman_01072.jpg,Aman
Train_Set/Aman/Aman_08681.jpg,Aman
Train_Set/Aman/Aman_06668.jpg,Aman
Train_Set/Aman/Aman_03806.jpg,Aman
Train_Set/Rusak/Rusak_02114.jpg,Rusak
Train_Set/Rusak/Rusak_01904.jpg,Rusak
Train_Set/Aman/Aman_07176.jpg,Aman
Train_Set/Aman/Aman_02366.jpg,Aman
Train_Set/Aman/Aman_08022.jpg,Aman
Train_Set/Aman/Aman_06865.jpg,Aman
Train_Set/Aman/Aman_06602.jpg,Aman
Train_Set/Rusak/Rusak_00026.jpg,Rusak
Train_Set/Aman/Aman_03613.jpg,Aman
Train_Set/Aman/Aman_08343.jpg,Aman
Train_Set/Aman/Aman_04923.jpg,Aman
Train_Set/Aman/Aman_08520.jpg,Aman
Train_Set/Rusak/Rusak_01555.jpg,Rusak
Train_Set/Aman/Aman_04984.jpg,Aman
Train_Set/Aman/Aman_02695.jpg,Aman
Train_Set/Rusak/Rusak_00550.jpg,Rusak
Train_Set/Rusak/Rusak_00170.jpg,Rusak
Train_Set/Rusak/Rusak_01511.jpg,Rusak
Train_Set/Rusak/Rusak_01728.jpg,Rusak
Train_Set/Aman/Aman_04230.png,Aman
Train_Set/Aman/Aman_06523.jpg,Aman
Train_Set/Aman/Aman_07857.jpg,Aman
Train_Set/Rusak/Rusak_02237.jpg,Rusak
Train_Set/Aman/Aman_05049.jpg,Aman
Train_Set/Aman/Aman_01244.jpg,Aman
Train_Set/Aman/Aman_04160.jpg,Aman
Train_Set/Aman/Aman_00266.jpg,Aman
Train_Set/Rusak/Rusak_00027.jpg,Rusak
Train_Set/Aman/Aman_00017.jpg,Aman
Train_Set/Lainnya/Lainnya_00374.jpg,Lainnya
Train_Set/Aman/Aman_02235.jpg,Aman
Train_Set/Aman/Aman_08511.jpg,Aman
Train_Set/Aman/Aman_02167.jpg,Aman
Train_Set/Rusak/Rusak_00622.jpg,Rusak
Train_Set/Aman/Aman_00269.jpg,Aman
Train_Set/Aman/Aman_05615.jpg,Aman
Train_Set/Aman/Aman_01361.jpg,Aman
Train_Set/Aman/Aman_01210.jpg,Aman
Train_Set/Aman/Aman_01057.jpg,Aman
Train_Set/Aman/Aman_08134.jpg,Aman
Train_Set/Aman/Aman_06842.jpg,Aman
Train_Set/Aman/Aman_05249.jpg,Aman
Train_Set/Aman/Aman_06712.jpg,Aman
Train_Set/Rusak/Rusak_01893.jpg,Rusak
Train_Set/Rusak/Rusak_01231.jpg,Rusak
Train_Set/Aman/Aman_01086.jpg,Aman
Train_Set/Aman/Aman_07147.jpg,Aman
Train_Set/Rusak/Rusak_01385.jpg,Rusak
Train_Set/Aman/Aman_07346.jpg,Aman
Train_Set/Aman/Aman_01869.jpg,Aman
Train_Set/Rusak/Rusak_00412.jpg,Rusak
Train_Set/Aman/Aman_02175.jpg,Aman
Train_Set/Aman/Aman_02229.jpg,Aman
Train_Set/Rusak/Rusak_00329.jpg,Rusak
Train_Set/Aman/Aman_08193.jpg,Aman
Train_Set/Aman/Aman_05021.jpg,Aman
Train_Set/Rusak/Rusak_00794.jpg,Rusak
Train_Set/Rusak/Rusak_02167.jpg,Rusak
Train_Set/Aman/Aman_00152.jpg,Aman
Train_Set/Aman/Aman_05957.jpg,Aman
Train_Set/Aman/Aman_01000.jpg,Aman
Train_Set/Aman/Aman_05165.jpg,Aman
Train_Set/Aman/Aman_06896.jpg,Aman
Train_Set/Rusak/Rusak_02905.jpg,Rusak
Train_Set/Aman/Aman_04639.jpg,Aman
Train_Set/Aman/Aman_06813.jpg,Aman
Train_Set/Aman/Aman_00354.jpg,Aman
Train_Set/Aman/Aman_01775.jpg,Aman
Train_Set/Aman/Aman_01314.jpg,Aman
Train_Set/Aman/Aman_05036.jpg,Aman
Train_Set/Aman/Aman_02077.jpg,Aman
Train_Set/Aman/Aman_01917.jpg,Aman
Train_Set/Aman/Aman_03996.jpg,Aman
Train_Set/Aman/Aman_06527.jpg,Aman
Train_Set/Rusak/Rusak_01022.jpg,Rusak
Train_Set/Rusak/Rusak_01096.jpg,Rusak
Train_Set/Aman/Aman_03373.jpg,Aman
Train_Set/Aman/Aman_07832.jpg,Aman
Train_Set/Rusak/Rusak_01073.jpg,Rusak
Train_Set/Aman/Aman_03902.jpg,Aman
Train_Set/Aman/Aman_00311.jpg,Aman
Train_Set/Aman/Aman_02978.jpg,Aman
Train_Set/Rusak/Rusak_01105.jpg,Rusak
Train_Set/Aman/Aman_03185.jpg,Aman
Train_Set/Aman/Aman_04913.jpg,Aman
Train_Set/Aman/Aman_08255.jpg,Aman
Train_Set/Aman/Aman_04802.jpg,Aman
Train_Set/Aman/Aman_00895.jpg,Aman
Train_Set/Aman/Aman_05917.jpg,Aman
Train_Set/Aman/Aman_03576.jpg,Aman
Train_Set/Aman/Aman_06870.jpg,Aman
Train_Set/Aman/Aman_06247.jpg,Aman
Train_Set/Aman/Aman_05609.jpg,Aman
Train_Set/Aman/Aman_08029.jpg,Aman
Train_Set/Aman/Aman_03467.jpg,Aman
Train_Set/Rusak/Rusak_02914.jpg,Rusak
Train_Set/Aman/Aman_08392.jpg,Aman
Train_Set/Rusak/Rusak_02799.jpg,Rusak
Train_Set/Rusak/Rusak_01776.jpg,Rusak
Train_Set/Aman/Aman_02352.jpg,Aman
Train_Set/Aman/Aman_05814.jpg,Aman
Train_Set/Rusak/Rusak_02625.jpg,Rusak
Train_Set/Aman/Aman_04091.jpg,Aman
Train_Set/Rusak/Rusak_00468.jpg,Rusak
Train_Set/Aman/Aman_01334.jpg,Aman
Train_Set/Aman/Aman_06740.jpg,Aman
Train_Set/Aman/Aman_05108.jpg,Aman
Train_Set/Aman/Aman_02943.jpg,Aman
Train_Set/Aman/Aman_04049.jpg,Aman
Train_Set/Aman/Aman_03177.jpg,Aman
Train_Set/Rusak/Rusak_00003.jpg,Rusak
Train_Set/Rusak/Rusak_00438.jpg,Rusak
Train_Set/Aman/Aman_03656.jpg,Aman
Train_Set/Aman/Aman_01342.jpg,Aman
Train_Set/Aman/Aman_01237.jpg,Aman
Train_Set/Aman/Aman_03470.jpg,Aman
Train_Set/Aman/Aman_00107.jpg,Aman
Train_Set/Aman/Aman_01601.jpg,Aman
Train_Set/Aman/Aman_07146.jpg,Aman
Train_Set/Aman/Aman_03829.jpg,Aman
Train_Set/Aman/Aman_02462.jpg,Aman
Train_Set/Rusak/Rusak_01914.jpg,Rusak
Train_Set/Aman/Aman_02147.jpg,Aman
Train_Set/Rusak/Rusak_00792.jpg,Rusak
Train_Set/Rusak/Rusak_01900.jpg,Rusak
Train_Set/Aman/Aman_05152.jpg,Aman
Train_Set/Rusak/Rusak_00835.jpg,Rusak
Train_Set/Rusak/Rusak_01068.jpg,Rusak
Train_Set/Rusak/Rusak_02210.jpg,Rusak
Train_Set/Rusak/Rusak_02067.jpg,Rusak
Train_Set/Aman/Aman_00043.jpg,Aman
Train_Set/Aman/Aman_07501.jpg,Aman
Train_Set/Rusak/Rusak_02091.jpg,Rusak
Train_Set/Aman/Aman_07004.jpg,Aman
Train_Set/Aman/Aman_03063.jpg,Aman
Train_Set/Aman/Aman_04705.jpg,Aman
Train_Set/Aman/Aman_01770.jpg,Aman
Train_Set/Aman/Aman_00799.jpg,Aman
Train_Set/Aman/Aman_04105.jpg,Aman
Train_Set/Aman/Aman_02052.jpg,Aman
Train_Set/Aman/Aman_04131.jpg,Aman
Train_Set/Rusak/Rusak_01141.jpg,Rusak
Train_Set/Aman/Aman_07717.jpg,Aman
Train_Set/Aman/Aman_08023.jpg,Aman
Train_Set/Aman/Aman_06587.jpg,Aman
Train_Set/Aman/Aman_07232.jpg,Aman
Train_Set/Aman/Aman_05412.jpg,Aman
Train_Set/Rusak/Rusak_01467.jpg,Rusak
Train_Set/Rusak/Rusak_00748.jpg,Rusak
Train_Set/Aman/Aman_06333.jpg,Aman
Train_Set/Rusak/Rusak_02978.jpg,Rusak
Train_Set/Aman/Aman_05358.jpg,Aman
Train_Set/Aman/Aman_05248.jpg,Aman
Train_Set/Rusak/Rusak_01941.jpg,Rusak
Train_Set/Rusak/Rusak_00378.jpg,Rusak
Train_Set/Aman/Aman_03800.jpg,Aman
Train_Set/Rusak/Rusak_00033.jpg,Rusak
Train_Set/Rusak/Rusak_02377.jpg,Rusak
Train_Set/Aman/Aman_04180.jpg,Aman
Train_Set/Aman/Aman_03794.jpg,Aman
Train_Set/Aman/Aman_07634.jpg,Aman
Train_Set/Lainnya/Lainnya_00420.jpg,Lainnya
Train_Set/Aman/Aman_06631.jpg,Aman
Train_Set/Rusak/Rusak_02533.jpg,Rusak
Train_Set/Aman/Aman_00068.jpg,Aman
Train_Set/Aman/Aman_05447.jpg,Aman
Train_Set/Aman/Aman_03949.jpg,Aman
Train_Set/Aman/Aman_03163.jpg,Aman
Train_Set/Aman/Aman_05885.jpg,Aman
Train_Set/Aman/Aman_00181.jpg,Aman
Train_Set/Aman/Aman_07506.jpg,Aman
Train_Set/Aman/Aman_06554.jpg,Aman
Train_Set/Rusak/Rusak_02335.jpg,Rusak
Train_Set/Aman/Aman_07166.jpg,Aman
Train_Set/Rusak/Rusak_02724.jpg,Rusak
Train_Set/Aman/Aman_00792.jpg,Aman
Train_Set/Rusak/Rusak_02178.jpg,Rusak
Train_Set/Aman/Aman_03341.jpg,Aman
Train_Set/Lainnya/Lainnya_00286.jpg,Lainnya
Train_Set/Aman/Aman_02021.jpg,Aman
Train_Set/Aman/Aman_04919.jpg,Aman
Train_Set/Aman/Aman_04037.jpg,Aman
Train_Set/Aman/Aman_07168.jpg,Aman
Train_Set/Aman/Aman_04293.jpg,Aman
Train_Set/Aman/Aman_00259.jpg,Aman
Train_Set/Aman/Aman_05392.jpg,Aman
Train_Set/Aman/Aman_05205.jpg,Aman
Train_Set/Rusak/Rusak_00772.jpg,Rusak
Train_Set/Aman/Aman_07303.jpg,Aman
Train_Set/Aman/Aman_07966.jpg,Aman
Train_Set/Aman/Aman_01777.jpg,Aman
Train_Set/Aman/Aman_06322.jpg,Aman
Train_Set/Aman/Aman_02579.jpg,Aman
Train_Set/Aman/Aman_01115.jpg,Aman
Train_Set/Rusak/Rusak_00331.jpg,Rusak
Train_Set/Aman/Aman_08206.jpg,Aman
Train_Set/Rusak/Rusak_00254.jpg,Rusak
Train_Set/Aman/Aman_01737.jpg,Aman
Train_Set/Rusak/Rusak_00210.jpg,Rusak
Train_Set/Aman/Aman_01191.jpg,Aman
Train_Set/Aman/Aman_03200.jpg,Aman
Train_Set/Aman/Aman_01831.jpg,Aman
Train_Set/Aman/Aman_00474.jpg,Aman
Train_Set/Aman/Aman_07062.jpg,Aman
Train_Set/Rusak/Rusak_01388.jpg,Rusak
Train_Set/Rusak/Rusak_01897.jpg,Rusak
Train_Set/Aman/Aman_01260.jpg,Aman
Train_Set/Aman/Aman_03465.jpg,Aman
Train_Set/Aman/Aman_03021.jpg,Aman
Train_Set/Aman/Aman_07475.jpg,Aman
Train_Set/Aman/Aman_00447.jpg,Aman
Train_Set/Aman/Aman_04360.jpg,Aman
Train_Set/Lainnya/Lainnya_00190.jpg,Lainnya
Train_Set/Aman/Aman_02470.jpg,Aman
Train_Set/Aman/Aman_07707.jpg,Aman
Train_Set/Aman/Aman_06726.jpg,Aman
Train_Set/Rusak/Rusak_02745.jpg,Rusak
Train_Set/Aman/Aman_07217.jpg,Aman
Train_Set/Aman/Aman_02510.jpg,Aman
Train_Set/Aman/Aman_04892.jpg,Aman
Train_Set/Aman/Aman_03928.jpg,Aman
Train_Set/Aman/Aman_00548.jpg,Aman
Train_Set/Rusak/Rusak_02384.jpg,Rusak
Train_Set/Lainnya/Lainnya_00372.jpg,Lainnya
Train_Set/Aman/Aman_00572.jpg,Aman
Train_Set/Aman/Aman_06081.jpg,Aman
Train_Set/Aman/Aman_03960.jpg,Aman
Train_Set/Aman/Aman_00612.jpg,Aman
Train_Set/Rusak/Rusak_02383.jpg,Rusak
Train_Set/Aman/Aman_00113.jpg,Aman
Train_Set/Aman/Aman_01466.jpg,Aman
Train_Set/Aman/Aman_04996.jpg,Aman
Train_Set/Aman/Aman_00002.png,Aman
Train_Set/Rusak/Rusak_00082.jpg,Rusak
Train_Set/Aman/Aman_07388.jpg,Aman
Train_Set/Rusak/Rusak_01219.jpg,Rusak
Train_Set/Aman/Aman_00772.jpg,Aman
Train_Set/Aman/Aman_03992.jpg,Aman
Train_Set/Aman/Aman_04962.jpg,Aman
Train_Set/Rusak/Rusak_00304.jpg,Rusak
Train_Set/Aman/Aman_08630.jpg,Aman
Train_Set/Rusak/Rusak_02496.jpg,Rusak
Train_Set/Rusak/Rusak_02999.jpg,Rusak
Train_Set/Rusak/Rusak_02984.jpg,Rusak
Train_Set/Aman/Aman_00670.jpg,Aman
Train_Set/Aman/Aman_02635.jpg,Aman
Train_Set/Rusak/Rusak_02214.jpg,Rusak
Train_Set/Aman/Aman_04670.jpg,Aman
Train_Set/Aman/Aman_06876.jpg,Aman
Train_Set/Aman/Aman_02446.jpg,Aman
Train_Set/Aman/Aman_00350.jpg,Aman
Train_Set/Aman/Aman_07954.jpg,Aman
Train_Set/Rusak/Rusak_02330.jpg,Rusak
Train_Set/Aman/Aman_06559.jpg,Aman
Train_Set/Aman/Aman_08385.jpg,Aman
Train_Set/Aman/Aman_02219.jpg,Aman
Train_Set/Aman/Aman_03434.jpg,Aman
Train_Set/Aman/Aman_04551.jpg,Aman
Train_Set/Aman/Aman_03525.jpg,Aman
Train_Set/Rusak/Rusak_02728.jpg,Rusak
Train_Set/Aman/Aman_06300.jpg,Aman
Train_Set/Aman/Aman_01266.jpg,Aman
Train_Set/Aman/Aman_03184.jpg,Aman
Train_Set/Aman/Aman_04224.png,Aman
Train_Set/Rusak/Rusak_01853.jpg,Rusak
Train_Set/Aman/Aman_02131.jpg,Aman
Train_Set/Aman/Aman_05639.jpg,Aman
Train_Set/Rusak/Rusak_00776.jpg,Rusak
Train_Set/Aman/Aman_00635.jpg,Aman
Train_Set/Rusak/Rusak_01613.jpg,Rusak
Train_Set/Aman/Aman_00106.jpg,Aman
Train_Set/Aman/Aman_02090.jpg,Aman
Train_Set/Aman/Aman_03842.jpg,Aman
Train_Set/Rusak/Rusak_01864.jpg,Rusak
Train_Set/Aman/Aman_08686.jpg,Aman
Train_Set/Aman/Aman_00840.jpg,Aman
Train_Set/Aman/Aman_01883.jpg,Aman
Train_Set/Aman/Aman_08230.jpg,Aman
Train_Set/Aman/Aman_01220.jpg,Aman
Train_Set/Rusak/Rusak_02833.jpg,Rusak
Train_Set/Aman/Aman_07970.jpg,Aman
Train_Set/Aman/Aman_01939.jpg,Aman
Train_Set/Aman/Aman_04586.jpg,Aman
Train_Set/Aman/Aman_05430.jpg,Aman
Train_Set/Aman/Aman_03586.jpg,Aman
Train_Set/Aman/Aman_07743.jpg,Aman
Train_Set/Aman/Aman_04843.jpg,Aman
Train_Set/Aman/Aman_06657.jpg,Aman
Train_Set/Aman/Aman_06482.jpg,Aman
Train_Set/Aman/Aman_02122.jpg,Aman
Train_Set/Aman/Aman_07616.jpg,Aman
Train_Set/Aman/Aman_04341.png,Aman
Train_Set/Aman/Aman_03543.jpg,Aman
Train_Set/Aman/Aman_04594.jpg,Aman
Train_Set/Aman/Aman_05376.jpg,Aman
Train_Set/Aman/Aman_08064.jpg,Aman
Train_Set/Aman/Aman_02241.jpg,Aman
Train_Set/Aman/Aman_07026.jpg,Aman
Train_Set/Rusak/Rusak_02820.jpg,Rusak
Train_Set/Aman/Aman_00443.jpg,Aman
Train_Set/Lainnya/Lainnya_00084.jpg,Lainnya
Train_Set/Aman/Aman_08190.jpg,Aman
Train_Set/Rusak/Rusak_00524.jpg,Rusak
Train_Set/Aman/Aman_05092.jpg,Aman
Train_Set/Aman/Aman_00282.jpg,Aman
Train_Set/Rusak/Rusak_00162.jpg,Rusak
Train_Set/Aman/Aman_08663.jpg,Aman
Train_Set/Aman/Aman_07132.jpg,Aman
Train_Set/Aman/Aman_06949.jpg,Aman
Train_Set/Aman/Aman_04486.jpg,Aman
Train_Set/Aman/Aman_05963.jpg,Aman
Train_Set/Rusak/Rusak_01540.jpg,Rusak
Train_Set/Aman/Aman_05129.jpg,Aman
Train_Set/Aman/Aman_05272.jpg,Aman
Train_Set/Aman/Aman_04168.jpg,Aman
Train_Set/Aman/Aman_02396.jpg,Aman
Train_Set/Aman/Aman_02313.jpg,Aman
Train_Set/Aman/Aman_02401.jpg,Aman
Train_Set/Aman/Aman_06142.jpg,Aman
Train_Set/Aman/Aman_07869.jpg,Aman
Train_Set/Aman/Aman_00104.jpg,Aman
Train_Set/Aman/Aman_06171.jpg,Aman
Train_Set/Aman/Aman_05226.jpg,Aman
Train_Set/Aman/Aman_04814.jpg,Aman
Train_Set/Aman/Aman_05682.jpg,Aman
Train_Set/Aman/Aman_05510.jpg,Aman
Train_Set/Lainnya/Lainnya_00139.jpg,Lainnya
Train_Set/Aman/Aman_07653.jpg,Aman
Train_Set/Rusak/Rusak_02104.jpg,Rusak
Train_Set/Rusak/Rusak_02135.jpg,Rusak
Train_Set/Aman/Aman_01638.jpg,Aman
Train_Set/Aman/Aman_03616.jpg,Aman
Train_Set/Aman/Aman_07613.jpg,Aman
Train_Set/Aman/Aman_06590.jpg,Aman
Train_Set/Aman/Aman_05867.jpg,Aman
Train_Set/Aman/Aman_07338.jpg,Aman
Train_Set/Aman/Aman_03762.jpg,Aman
Train_Set/Aman/Aman_07215.jpeg,Aman
Train_Set/Aman/Aman_02234.jpg,Aman
Train_Set/Lainnya/Lainnya_00189.jpg,Lainnya
Train_Set/Aman/Aman_02364.jpg,Aman
Train_Set/Aman/Aman_06652.jpg,Aman
Train_Set/Rusak/Rusak_00292.jpg,Rusak
Train_Set/Aman/Aman_03742.jpg,Aman
Train_Set/Lainnya/Lainnya_00201.jpg,Lainnya
Train_Set/Rusak/Rusak_02481.jpg,Rusak
Train_Set/Aman/Aman_05188.jpeg,Aman
Train_Set/Aman/Aman_07533.jpg,Aman
Train_Set/Rusak/Rusak_02410.jpg,Rusak
Train_Set/Aman/Aman_00784.jpg,Aman
Train_Set/Aman/Aman_05441.jpg,Aman
Train_Set/Aman/Aman_07876.jpg,Aman
Train_Set/Rusak/Rusak_01650.jpg,Rusak
Train_Set/Rusak/Rusak_01817.jpg,Rusak
Train_Set/Aman/Aman_04863.jpg,Aman
Train_Set/Aman/Aman_03920.jpg,Aman
Train_Set/Aman/Aman_04818.jpg,Aman
Train_Set/Aman/Aman_03160.jpg,Aman
Train_Set/Aman/Aman_03245.jpg,Aman
Train_Set/Rusak/Rusak_01069.jpg,Rusak
Train_Set/Aman/Aman_06010.jpg,Aman
Train_Set/Rusak/Rusak_01828.jpg,Rusak
Train_Set/Rusak/Rusak_01342.jpg,Rusak
Train_Set/Rusak/Rusak_01178.jpg,Rusak
Train_Set/Aman/Aman_07629.jpg,Aman
Train_Set/Rusak/Rusak_01664.jpg,Rusak
Train_Set/Aman/Aman_04127.jpg,Aman
Train_Set/Aman/Aman_05256.jpg,Aman
Train_Set/Aman/Aman_01430.jpg,Aman
Train_Set/Rusak/Rusak_02417.jpg,Rusak
Train_Set/Rusak/Rusak_00518.jpg,Rusak
Train_Set/Aman/Aman_04521.jpg,Aman
Train_Set/Rusak/Rusak_02061.jpg,Rusak
Train_Set/Aman/Aman_02722.jpg,Aman
Train_Set/Aman/Aman_08361.jpg,Aman
Train_Set/Lainnya/Lainnya_00210.jpg,Lainnya
Train_Set/Aman/Aman_02153.jpg,Aman
Train_Set/Aman/Aman_01741.jpg,Aman
Train_Set/Rusak/Rusak_00211.jpg,Rusak
Train_Set/Aman/Aman_07277.jpg,Aman
Train_Set/Aman/Aman_00077.jpg,Aman
Train_Set/Aman/Aman_08252.jpg,Aman
Train_Set/Aman/Aman_04904.jpg,Aman
Train_Set/Aman/Aman_06348.jpg,Aman
Train_Set/Aman/Aman_07662.jpg,Aman
Train_Set/Lainnya/Lainnya_00336.jpg,Lainnya
Train_Set/Aman/Aman_08345.jpg,Aman
Train_Set/Rusak/Rusak_00090.jpg,Rusak
Train_Set/Aman/Aman_07407.jpg,Aman
Train_Set/Aman/Aman_07082.jpg,Aman
Train_Set/Aman/Aman_02628.jpg,Aman
Train_Set/Aman/Aman_02252.jpg,Aman
Train_Set/Aman/Aman_08177.jpg,Aman
Train_Set/Aman/Aman_08179.jpg,Aman
Train_Set/Aman/Aman_03751.jpg,Aman
Train_Set/Rusak/Rusak_01903.jpg,Rusak
Train_Set/Aman/Aman_06518.jpg,Aman
Train_Set/Aman/Aman_02092.jpg,Aman
Train_Set/Aman/Aman_04789.jpg,Aman
Train_Set/Aman/Aman_07703.jpg,Aman
Train_Set/Aman/Aman_07079.jpg,Aman
Train_Set/Aman/Aman_04448.jpg,Aman
Train_Set/Rusak/Rusak_02798.jpg,Rusak
Train_Set/Aman/Aman_03584.jpg,Aman
Train_Set/Rusak/Rusak_00855.jpg,Rusak
Train_Set/Aman/Aman_03099.jpg,Aman
Train_Set/Aman/Aman_05342.jpg,Aman
Train_Set/Rusak/Rusak_00453.jpg,Rusak
Train_Set/Rusak/Rusak_01189.jpg,Rusak
Train_Set/Aman/Aman_03054.jpg,Aman
Train_Set/Aman/Aman_06331.jpg,Aman
Train_Set/Aman/Aman_08232.jpg,Aman
Train_Set/Aman/Aman_06862.jpg,Aman
Train_Set/Aman/Aman_00642.jpg,Aman
Train_Set/Aman/Aman_05423.jpg,Aman
Train_Set/Lainnya/Lainnya_00049.jpg,Lainnya
Train_Set/Aman/Aman_05254.jpg,Aman
Train_Set/Aman/Aman_00208.png,Aman
Train_Set/Aman/Aman_05722.jpg,Aman
Train_Set/Aman/Aman_04597.jpg,Aman
Train_Set/Aman/Aman_05151.jpg,Aman
Train_Set/Aman/Aman_03164.jpg,Aman
Train_Set/Aman/Aman_07085.jpg,Aman
Train_Set/Aman/Aman_01183.jpg,Aman
Train_Set/Rusak/Rusak_00207.jpg,Rusak
Train_Set/Rusak/Rusak_01879.jpg,Rusak
Train_Set/Aman/Aman_04182.jpg,Aman
Train_Set/Aman/Aman_01748.jpg,Aman
Train_Set/Rusak/Rusak_00736.jpg,Rusak
Train_Set/Aman/Aman_02600.jpg,Aman
Train_Set/Aman/Aman_05660.jpg,Aman
Train_Set/Aman/Aman_05757.jpg,Aman
Train_Set/Aman/Aman_01653.jpg,Aman
Train_Set/Aman/Aman_01797.jpg,Aman
Train_Set/Aman/Aman_00762.jpg,Aman
Train_Set/Aman/Aman_06097.jpg,Aman
Train_Set/Rusak/Rusak_01885.jpg,Rusak
Train_Set/Aman/Aman_04699.jpg,Aman
Train_Set/Aman/Aman_06788.jpg,Aman
Train_Set/Rusak/Rusak_02826.jpg,Rusak
Train_Set/Rusak/Rusak_01783.jpg,Rusak
Train_Set/Aman/Aman_00414.jpg,Aman
Train_Set/Aman/Aman_07989.jpg,Aman
Train_Set/Aman/Aman_06639.jpg,Aman
Train_Set/Aman/Aman_00315.jpg,Aman
Train_Set/Aman/Aman_03372.jpg,Aman
Train_Set/Aman/Aman_00434.jpg,Aman
Train_Set/Aman/Aman_01165.jpg,Aman
Train_Set/Lainnya/Lainnya_00152.jpg,Lainnya
Train_Set/Rusak/Rusak_00454.jpg,Rusak
Train_Set/Aman/Aman_07792.jpg,Aman
Train_Set/Aman/Aman_04793.jpg,Aman
Train_Set/Aman/Aman_08515.jpg,Aman
Train_Set/Rusak/Rusak_01355.jpg,Rusak
Train_Set/Aman/Aman_04225.png,Aman
Train_Set/Aman/Aman_06609.jpg,Aman
Train_Set/Aman/Aman_03792.jpg,Aman
Train_Set/Aman/Aman_05504.jpg,Aman
Train_Set/Aman/Aman_03495.jpg,Aman
Train_Set/Aman/Aman_01938.jpg,Aman
Train_Set/Rusak/Rusak_01866.jpg,Rusak
Train_Set/Rusak/Rusak_02264.jpg,Rusak
Train_Set/Aman/Aman_07938.jpg,Aman
Train_Set/Aman/Aman_00349.jpg,Aman
Train_Set/Aman/Aman_03672.jpg,Aman
Train_Set/Aman/Aman_03113.jpg,Aman
Train_Set/Aman/Aman_08695.jpg,Aman
Train_Set/Rusak/Rusak_02302.jpg,Rusak
Train_Set/Aman/Aman_05800.jpg,Aman
Train_Set/Aman/Aman_04196.jpg,Aman
Train_Set/Aman/Aman_01525.jpg,Aman
Train_Set/Aman/Aman_04697.jpg,Aman
Train_Set/Aman/Aman_01925.jpg,Aman
Train_Set/Aman/Aman_00384.jpg,Aman
Train_Set/Aman/Aman_03850.jpg,Aman
Train_Set/Aman/Aman_06582.jpg,Aman
Train_Set/Aman/Aman_00343.jpg,Aman
Train_Set/Aman/Aman_06418.jpg,Aman
Train_Set/Aman/Aman_05246.jpg,Aman
Train_Set/Aman/Aman_00842.jpg,Aman
Train_Set/Aman/Aman_06461.jpg,Aman
Train_Set/Aman/Aman_04306.jpg,Aman
Train_Set/Aman/Aman_06798.jpg,Aman
Train_Set/Aman/Aman_03939.jpg,Aman
Train_Set/Aman/Aman_03262.jpg,Aman
Train_Set/Aman/Aman_04696.jpg,Aman
Train_Set/Aman/Aman_06713.jpg,Aman
Train_Set/Aman/Aman_08305.jpg,Aman
Train_Set/Rusak/Rusak_00611.jpg,Rusak
Train_Set/Rusak/Rusak_01989.jpg,Rusak
Train_Set/Aman/Aman_01455.jpg,Aman
Train_Set/Aman/Aman_04451.jpg,Aman
Train_Set/Aman/Aman_03141.jpg,Aman
Train_Set/Aman/Aman_00489.jpg,Aman
Train_Set/Aman/Aman_08423.jpg,Aman
Train_Set/Aman/Aman_03579.jpg,Aman
Train_Set/Aman/Aman_02030.jpg,Aman
Train_Set/Aman/Aman_03520.jpg,Aman
Train_Set/Aman/Aman_02499.jpg,Aman
Train_Set/Aman/Aman_04867.jpg,Aman
Train_Set/Rusak/Rusak_01247.jpg,Rusak
Train_Set/Aman/Aman_05779.jpg,Aman
Train_Set/Aman/Aman_07557.jpg,Aman
Train_Set/Aman/Aman_06580.jpg,Aman
Train_Set/Aman/Aman_00941.jpg,Aman
Train_Set/Aman/Aman_05603.jpg,Aman
Train_Set/Aman/Aman_02797.jpg,Aman
Train_Set/Aman/Aman_00176.jpg,Aman
Train_Set/Aman/Aman_04119.jpg,Aman
Train_Set/Aman/Aman_03733.jpg,Aman
Train_Set/Rusak/Rusak_02879.jpg,Rusak
Train_Set/Aman/Aman_08553.jpg,Aman
Train_Set/Aman/Aman_01873.jpg,Aman
Train_Set/Aman/Aman_04061.jpg,Aman
Train_Set/Rusak/Rusak_00665.jpg,Rusak
Train_Set/Aman/Aman_04412.jpg,Aman
Train_Set/Aman/Aman_07934.jpg,Aman
Train_Set/Aman/Aman_00574.jpg,Aman
Train_Set/Aman/Aman_07565.jpg,Aman
Train_Set/Aman/Aman_03382.jpg,Aman
Train_Set/Aman/Aman_00470.jpg,Aman
Train_Set/Aman/Aman_04815.jpg,Aman
Train_Set/Aman/Aman_00493.jpg,Aman
Train_Set/Aman/Aman_01259.jpg,Aman
Train_Set/Lainnya/Lainnya_00094.jpg,Lainnya
Train_Set/Lainnya/Lainnya_00196.jpg,Lainnya
Train_Set/Aman/Aman_06486.jpg,Aman
Train_Set/Aman/Aman_08390.jpg,Aman
Train_Set/Aman/Aman_08043.jpg,Aman
Train_Set/Aman/Aman_07509.jpg,Aman
Train_Set/Rusak/Rusak_00155.jpg,Rusak
Train_Set/Aman/Aman_02885.jpg,Aman
Train_Set/Rusak/Rusak_00349.jpg,Rusak
Train_Set/Aman/Aman_04152.jpg,Aman
Train_Set/Lainnya/Lainnya_00291.jpg,Lainnya
Train_Set/Aman/Aman_08151.jpg,Aman
Train_Set/Aman/Aman_04417.jpg,Aman
Train_Set/Lainnya/Lainnya_00082.jpg,Lainnya
Train_Set/Rusak/Rusak_00975.jpg,Rusak
Train_Set/Aman/Aman_05880.jpg,Aman
Train_Set/Aman/Aman_02132.jpg,Aman
Train_Set/Rusak/Rusak_02735.jpg,Rusak
Train_Set/Aman/Aman_08571.jpg,Aman
Train_Set/Aman/Aman_01282.jpg,Aman
Train_Set/Aman/Aman_01648.jpg,Aman
Train_Set/Aman/Aman_05904.jpg,Aman
Train_Set/Rusak/Rusak_00806.jpg,Rusak
Train_Set/Aman/Aman_05629.jpg,Aman
Train_Set/Rusak/Rusak_01768.jpg,Rusak
Train_Set/Rusak/Rusak_01913.jpg,Rusak
Train_Set/Rusak/Rusak_01419.jpg,Rusak
Train_Set/Aman/Aman_03363.jpg,Aman
Train_Set/Aman/Aman_01481.jpg,Aman
Train_Set/Aman/Aman_01347.jpg,Aman
Train_Set/Aman/Aman_06672.jpg,Aman
Train_Set/Aman/Aman_01538.jpg,Aman
Train_Set/Aman/Aman_03159.jpg,Aman
Train_Set/Rusak/Rusak_02547.jpg,Rusak
Train_Set/Aman/Aman_00307.jpg,Aman
Train_Set/Rusak/Rusak_00655.jpg,Rusak
Train_Set/Aman/Aman_04515.jpg,Aman
Train_Set/Aman/Aman_05563.jpg,Aman
Train_Set/Rusak/Rusak_01433.jpg,Rusak
Train_Set/Lainnya/Lainnya_00329.jpg,Lainnya
Train_Set/Rusak/Rusak_00076.jpg,Rusak
Train_Set/Aman/Aman_07651.jpg,Aman
Train_Set/Aman/Aman_05653.jpg,Aman
Train_Set/Aman/Aman_03376.jpg,Aman
Train_Set/Aman/Aman_06463.jpg,Aman
Train_Set/Aman/Aman_05327.jpg,Aman
Train_Set/Rusak/Rusak_02188.jpg,Rusak
Train_Set/Rusak/Rusak_00462.jpg,Rusak
Train_Set/Aman/Aman_02375.jpg,Aman
Train_Set/Aman/Aman_07034.jpg,Aman
Train_Set/Aman/Aman_02750.jpg,Aman
Train_Set/Rusak/Rusak_00030.jpg,Rusak
Train_Set/Aman/Aman_04343.png,Aman
Train_Set/Aman/Aman_01742.jpg,Aman
Train_Set/Aman/Aman_00054.jpg,Aman
Train_Set/Aman/Aman_05635.jpg,Aman
Train_Set/Rusak/Rusak_02576.jpg,Rusak
Train_Set/Rusak/Rusak_02900.jpg,Rusak
Train_Set/Aman/Aman_06986.jpg,Aman
Train_Set/Rusak/Rusak_01464.jpg,Rusak
Train_Set/Aman/Aman_03451.jpg,Aman
Train_Set/Aman/Aman_01049.jpg,Aman
Train_Set/Rusak/Rusak_01460.jpg,Rusak
Train_Set/Rusak/Rusak_02848.jpg,Rusak
Train_Set/Aman/Aman_07448.jpg,Aman
Train_Set/Rusak/Rusak_02797.jpg,Rusak
Train_Set/Aman/Aman_08766.jpg,Aman
Train_Set/Aman/Aman_06598.jpg,Aman
Train_Set/Rusak/Rusak_00059.jpg,Rusak
Train_Set/Aman/Aman_07104.jpg,Aman
Train_Set/Aman/Aman_02242.jpg,Aman
Train_Set/Aman/Aman_06909.jpg,Aman
Train_Set/Aman/Aman_01693.jpg,Aman
Train_Set/Rusak/Rusak_02948.jpg,Rusak
Train_Set/Aman/Aman_04254.jpg,Aman
Train_Set/Aman/Aman_06022.jpg,Aman
Train_Set/Aman/Aman_06465.jpg,Aman
Train_Set/Aman/Aman_06293.jpg,Aman
Train_Set/Aman/Aman_04941.jpg,Aman
Train_Set/Aman/Aman_00787.jpg,Aman
Train_Set/Aman/Aman_03652.jpg,Aman
Train_Set/Aman/Aman_03869.jpg,Aman
Train_Set/Rusak/Rusak_02548.jpg,Rusak
Train_Set/Aman/Aman_04876.jpg,Aman
Train_Set/Aman/Aman_01506.jpg,Aman
Train_Set/Aman/Aman_01124.jpg,Aman
Train_Set/Aman/Aman_03617.jpg,Aman
Train_Set/Aman/Aman_07169.jpg,Aman
Train_Set/Aman/Aman_03823.jpg,Aman
Train_Set/Aman/Aman_05594.jpg,Aman
Train_Set/Rusak/Rusak_02342.jpg,Rusak
Train_Set/Aman/Aman_05543.jpg,Aman
Train_Set/Aman/Aman_06111.jpg,Aman
Train_Set/Rusak/Rusak_01496.jpg,Rusak
Train_Set/Rusak/Rusak_02651.jpg,Rusak
Train_Set/Aman/Aman_01738.jpg,Aman
Train_Set/Aman/Aman_08496.jpg,Aman
Train_Set/Aman/Aman_00756.jpg,Aman
Train_Set/Aman/Aman_01816.jpg,Aman
Train_Set/Rusak/Rusak_02656.jpg,Rusak
Train_Set/Aman/Aman_08129.jpg,Aman
Train_Set/Rusak/Rusak_02340.jpg,Rusak
Train_Set/Rusak/Rusak_01127.jpg,Rusak
Train_Set/Aman/Aman_05721.jpg,Aman
Train_Set/Rusak/Rusak_00119.jpg,Rusak
Train_Set/Aman/Aman_01093.jpg,Aman
Train_Set/Aman/Aman_00582.jpg,Aman
Train_Set/Aman/Aman_01962.jpg,Aman
Train_Set/Aman/Aman_03866.jpg,Aman
Train_Set/Aman/Aman_08004.jpg,Aman
Train_Set/Aman/Aman_03042.jpg,Aman
Train_Set/Aman/Aman_02334.jpg,Aman
Train_Set/Rusak/Rusak_01304.jpg,Rusak
Train_Set/Aman/Aman_01099.jpg,Aman
Train_Set/Rusak/Rusak_02580.jpg,Rusak
Train_Set/Aman/Aman_03240.jpg,Aman
Train_Set/Aman/Aman_05523.jpg,Aman
Train_Set/Aman/Aman_04916.jpg,Aman
Train_Set/Aman/Aman_07729.jpg,Aman
Train_Set/Rusak/Rusak_02018.jpg,Rusak
Train_Set/Aman/Aman_04320.jpg,Aman
Train_Set/Aman/Aman_06044.jpg,Aman
Train_Set/Aman/Aman_03912.jpg,Aman
Train_Set/Aman/Aman_06594.jpg,Aman
Train_Set/Rusak/Rusak_01595.jpg,Rusak
Train_Set/Aman/Aman_01623.jpg,Aman
Train_Set/Aman/Aman_01003.jpg,Aman
Train_Set/Aman/Aman_02980.jpg,Aman
Train_Set/Aman/Aman_02891.jpg,Aman
Train_Set/Aman/Aman_06384.jpg,Aman
Train_Set/Rusak/Rusak_02484.jpg,Rusak
Train_Set/Aman/Aman_05193.jpg,Aman
Train_Set/Rusak/Rusak_01583.jpg,Rusak
Train_Set/Aman/Aman_01611.jpg,Aman
Train_Set/Aman/Aman_02576.jpg,Aman
Train_Set/Aman/Aman_05243.jpg,Aman
Train_Set/Rusak/Rusak_00971.jpg,Rusak
Train_Set/Aman/Aman_05841.jpg,Aman
Train_Set/Aman/Aman_00444.jpg,Aman
Train_Set/Aman/Aman_01074.jpg,Aman
Train_Set/Rusak/Rusak_02616.jpg,Rusak
Train_Set/Rusak/Rusak_01160.jpg,Rusak
Train_Set/Aman/Aman_07638.jpg,Aman
Train_Set/Aman/Aman_03917.jpg,Aman
Train_Set/Aman/Aman_02192.jpg,Aman
Train_Set/Rusak/Rusak_01108.jpg,Rusak
Train_Set/Aman/Aman_04864.jpg,Aman
Train_Set/Aman/Aman_00760.jpg,Aman
Train_Set/Aman/Aman_07478.jpg,Aman
Train_Set/Rusak/Rusak_02230.jpg,Rusak
Train_Set/Rusak/Rusak_02774.jpg,Rusak
Train_Set/Aman/Aman_01038.jpg,Aman
Train_Set/Aman/Aman_06416.jpg,Aman
Train_Set/Aman/Aman_05634.jpg,Aman
Train_Set/Rusak/Rusak_00431.jpg,Rusak
Train_Set/Aman/Aman_02551.jpg,Aman
Train_Set/Aman/Aman_04057.jpg,Aman
Train_Set/Aman/Aman_01241.jpg,Aman
Train_Set/Rusak/Rusak_01679.jpg,Rusak
Train_Set/Aman/Aman_07466.jpg,Aman
Train_Set/Aman/Aman_06758.jpg,Aman
Train_Set/Rusak/Rusak_01718.jpg,Rusak
Train_Set/Rusak/Rusak_00913.jpg,Rusak
Train_Set/Aman/Aman_01331.jpg,Aman
Train_Set/Aman/Aman_06513.jpg,Aman
Train_Set/Aman/Aman_05785.jpg,Aman
Train_Set/Aman/Aman_03667.jpg,Aman
Train_Set/Aman/Aman_04922.jpg,Aman
Train_Set/Aman/Aman_00241.jpg,Aman
Train_Set/Aman/Aman_06213.jpg,Aman
Train_Set/Aman/Aman_07384.jpg,Aman
Train_Set/Aman/Aman_06954.jpg,Aman
Train_Set/Lainnya/Lainnya_00179.jpg,Lainnya
Train_Set/Aman/Aman_04167.jpg,Aman
Train_Set/Aman/Aman_03276.jpg,Aman
Train_Set/Aman/Aman_05613.jpg,Aman
Train_Set/Aman/Aman_03874.jpg,Aman
Train_Set/Rusak/Rusak_01654.jpg,Rusak
Train_Set/Rusak/Rusak_01373.jpg,Rusak
Train_Set/Aman/Aman_05986.jpg,Aman
Train_Set/Aman/Aman_01820.jpg,Aman
Train_Set/Aman/Aman_01044.jpg,Aman
Train_Set/Rusak/Rusak_00838.jpg,Rusak
Train_Set/Aman/Aman_01236.jpg,Aman
Train_Set/Rusak/Rusak_02288.jpg,Rusak
Train_Set/Rusak/Rusak_00086.jpg,Rusak
Train_Set/Rusak/Rusak_00489.jpg,Rusak
Train_Set/Lainnya/Lainnya_00310.jpg,Lainnya
Train_Set/Aman/Aman_04828.jpg,Aman
Train_Set/Rusak/Rusak_00808.jpg,Rusak
Train_Set/Aman/Aman_02800.jpg,Aman
Train_Set/Aman/Aman_05679.jpg,Aman
Train_Set/Aman/Aman_08240.jpg,Aman
Train_Set/Aman/Aman_04411.jpg,Aman
Train_Set/Rusak/Rusak_01198.jpg,Rusak
Train_Set/Aman/Aman_08800.jpg,Aman
Train_Set/Aman/Aman_06182.jpg,Aman
Train_Set/Rusak/Rusak_01672.jpg,Rusak
Train_Set/Aman/Aman_05098.jpg,Aman
Train_Set/Rusak/Rusak_00654.jpg,Rusak
Train_Set/Aman/Aman_00705.jpg,Aman
Train_Set/Aman/Aman_02381.jpg,Aman
Train_Set/Aman/Aman_06410.jpg,Aman
Train_Set/Aman/Aman_06803.jpg,Aman
Train_Set/Aman/Aman_01513.jpg,Aman
Train_Set/Aman/Aman_01903.jpg,Aman
Train_Set/Aman/Aman_03429.jpg,Aman
Train_Set/Aman/Aman_01868.jpg,Aman
Train_Set/Rusak/Rusak_02803.jpg,Rusak
Train_Set/Rusak/Rusak_02207.jpg,Rusak
Train_Set/Aman/Aman_04620.jpg,Aman
Train_Set/Aman/Aman_03606.jpg,Aman
Train_Set/Aman/Aman_00809.jpg,Aman
Train_Set/Aman/Aman_02448.jpg,Aman
Train_Set/Rusak/Rusak_01980.jpg,Rusak
Train_Set/Aman/Aman_04950.jpg,Aman
Train_Set/Aman/Aman_08676.jpg,Aman
Train_Set/Aman/Aman_08534.jpg,Aman
Train_Set/Aman/Aman_03015.jpg,Aman
Train_Set/Rusak/Rusak_02030.jpg,Rusak
Train_Set/Aman/Aman_01009.jpg,Aman
Train_Set/Aman/Aman_08778.jpg,Aman
Train_Set/Rusak/Rusak_01072.jpg,Rusak
Train_Set/Aman/Aman_00964.jpg,Aman
Train_Set/Rusak/Rusak_02420.jpg,Rusak
Train_Set/Lainnya/Lainnya_00295.jpg,Lainnya
Train_Set/Aman/Aman_05900.jpg,Aman
Train_Set/Aman/Aman_05149.jpg,Aman
Train_Set/Aman/Aman_06814.jpg,Aman
Train_Set/Aman/Aman_07540.jpg,Aman
Train_Set/Aman/Aman_03379.jpg,Aman
Train_Set/Aman/Aman_05949.jpg,Aman
Train_Set/Aman/Aman_01403.jpg,Aman
Train_Set/Lainnya/Lainnya_00279.jpg,Lainnya
Train_Set/Rusak/Rusak_02362.jpg,Rusak
Train_Set/Aman/Aman_04190.jpg,Aman
Train_Set/Aman/Aman_06308.jpg,Aman
Train_Set/Aman/Aman_00858.jpg,Aman
Train_Set/Aman/Aman_06599.jpg,Aman
Train_Set/Rusak/Rusak_00883.jpg,Rusak
Train_Set/Aman/Aman_03161.jpg,Aman
Train_Set/Rusak/Rusak_02248.jpg,Rusak
Train_Set/Aman/Aman_06315.jpg,Aman
Train_Set/Aman/Aman_05346.jpg,Aman
Train_Set/Rusak/Rusak_02983.jpg,Rusak
Train_Set/Aman/Aman_07101.jpg,Aman
Train_Set/Aman/Aman_04336.png,Aman
Train_Set/Rusak/Rusak_02376.jpg,Rusak
Train_Set/Aman/Aman_04813.jpg,Aman
Train_Set/Aman/Aman_02528.jpg,Aman
Train_Set/Aman/Aman_02626.jpg,Aman
Train_Set/Aman/Aman_06297.jpg,Aman
Train_Set/Aman/Aman_02521.jpg,Aman
Train_Set/Aman/Aman_02081.jpg,Aman
Train_Set/Aman/Aman_02380.jpg,Aman
Train_Set/Aman/Aman_03383.jpg,Aman
Train_Set/Rusak/Rusak_01933.jpg,Rusak
Train_Set/Aman/Aman_08098.jpg,Aman
Train_Set/Aman/Aman_03283.jpg,Aman
Train_Set/Aman/Aman_04253.jpg,Aman
Train_Set/Rusak/Rusak_00306.jpg,Rusak
Train_Set/Rusak/Rusak_02666.jpg,Rusak
Train_Set/Aman/Aman_00710.jpg,Aman
Train_Set/Aman/Aman_01712.jpg,Aman
Train_Set/Aman/Aman_01867.jpg,Aman
Train_Set/Aman/Aman_00517.jpg,Aman
Train_Set/Aman/Aman_07335.jpg,Aman
Train_Set/Aman/Aman_02971.jpg,Aman
Train_Set/Rusak/Rusak_00232.jpg,Rusak
Train_Set/Aman/Aman_01943.jpg,Aman
Train_Set/Aman/Aman_07139.jpg,Aman
Train_Set/Aman/Aman_00871.jpg,Aman
Train_Set/Aman/Aman_01567.jpg,Aman
Train_Set/Aman/Aman_05164.jpg,Aman
Train_Set/Aman/Aman_08763.jpg,Aman
Train_Set/Aman/Aman_01974.jpg,Aman
Train_Set/Rusak/Rusak_02993.jpg,Rusak
Train_Set/Aman/Aman_07404.jpg,Aman
Train_Set/Aman/Aman_01988.jpg,Aman
Train_Set/Aman/Aman_05892.jpg,Aman
Train_Set/Rusak/Rusak_00096.jpg,Rusak
Train_Set/Rusak/Rusak_00956.jpg,Rusak
Train_Set/Aman/Aman_03302.jpg,Aman
Train_Set/Aman/Aman_06766.jpg,Aman
Train_Set/Aman/Aman_01401.jpg,Aman
Train_Set/Aman/Aman_02842.jpg,Aman
Train_Set/Aman/Aman_01392.jpg,Aman
Train_Set/Lainnya/Lainnya_00317.jpg,Lainnya
Train_Set/Aman/Aman_02322.jpg,Aman
Train_Set/Aman/Aman_02893.jpg,Aman
Train_Set/Aman/Aman_05686.jpg,Aman
Train_Set/Aman/Aman_08116.jpg,Aman
Train_Set/Aman/Aman_07321.jpg,Aman
Train_Set/Aman/Aman_03661.jpg,Aman
Train_Set/Aman/Aman_06682.jpg,Aman
Train_Set/Aman/Aman_05130.jpg,Aman
Train_Set/Rusak/Rusak_01582.jpg,Rusak
Train_Set/Aman/Aman_02476.jpg,Aman
Train_Set/Aman/Aman_06469.jpg,Aman
Train_Set/Aman/Aman_00763.jpg,Aman
Train_Set/Rusak/Rusak_00126.jpg,Rusak
Train_Set/Aman/Aman_07866.jpg,Aman
Train_Set/Aman/Aman_01390.jpg,Aman
Train_Set/Aman/Aman_07308.jpg,Aman
Train_Set/Aman/Aman_04577.jpg,Aman
Train_Set/Rusak/Rusak_01223.jpg,Rusak
Train_Set/Lainnya/Lainnya_00088.jpg,Lainnya
Train_Set/Aman/Aman_07916.jpg,Aman
Train_Set/Rusak/Rusak_02842.jpg,Rusak
Train_Set/Aman/Aman_02067.jpg,Aman
Train_Set/Aman/Aman_05690.jpg,Aman
Train_Set/Aman/Aman_05337.jpg,Aman
Train_Set/Aman/Aman_02000.jpg,Aman
Train_Set/Aman/Aman_06048.jpg,Aman
Train_Set/Lainnya/Lainnya_00245.jpg,Lainnya
Train_Set/Rusak/Rusak_02868.jpg,Rusak
Train_Set/Aman/Aman_06047.jpg,Aman
Train_Set/Rusak/Rusak_01059.jpg,Rusak
Train_Set/Aman/Aman_04463.jpg,Aman
Train_Set/Aman/Aman_01551.jpg,Aman
Train_Set/Lainnya/Lainnya_00404.jpg,Lainnya
Train_Set/Aman/Aman_06373.jpg,Aman
Train_Set/Rusak/Rusak_01704.jpg,Rusak
Train_Set/Rusak/Rusak_02887.jpg,Rusak
Train_Set/Aman/Aman_00616.jpg,Aman
Train_Set/Rusak/Rusak_02126.jpg,Rusak
Train_Set/Rusak/Rusak_01144.jpg,Rusak
Train_Set/Rusak/Rusak_01235.jpg,Rusak
Train_Set/Rusak/Rusak_02187.jpg,Rusak
Train_Set/Aman/Aman_01752.jpg,Aman
Train_Set/Aman/Aman_08743.jpg,Aman
Train_Set/Aman/Aman_05762.jpg,Aman
Train_Set/Aman/Aman_03759.jpg,Aman
Train_Set/Aman/Aman_01846.jpg,Aman
Train_Set/Aman/Aman_03385.jpg,Aman
Train_Set/Aman/Aman_08263.jpg,Aman
Train_Set/Lainnya/Lainnya_00054.jpg,Lainnya
Train_Set/Aman/Aman_05822.jpg,Aman
Train_Set/Aman/Aman_02944.jpg,Aman
Train_Set/Rusak/Rusak_01250.jpg,Rusak
Train_Set/Aman/Aman_07603.jpg,Aman
Train_Set/Aman/Aman_00275.jpg,Aman
Train_Set/Aman/Aman_01787.jpg,Aman
Train_Set/Aman/Aman_05740.jpg,Aman
Train_Set/Rusak/Rusak_02785.jpg,Rusak
Train_Set/Aman/Aman_02318.jpg,Aman
Train_Set/Aman/Aman_00602.jpg,Aman
Train_Set/Aman/Aman_06262.jpg,Aman
Train_Set/Aman/Aman_08298.jpg,Aman
Train_Set/Aman/Aman_05872.jpg,Aman
Train_Set/Aman/Aman_02099.jpg,Aman
Train_Set/Rusak/Rusak_00511.jpg,Rusak
Train_Set/Aman/Aman_02761.jpg,Aman
Train_Set/Aman/Aman_05995.jpg,Aman
Train_Set/Rusak/Rusak_01955.jpg,Rusak
Train_Set/Rusak/Rusak_01785.jpg,Rusak
Train_Set/Aman/Aman_07319.jpg,Aman
Train_Set/Rusak/Rusak_00571.jpg,Rusak
Train_Set/Aman/Aman_02466.jpg,Aman
Train_Set/Rusak/Rusak_02504.jpg,Rusak
Train_Set/Rusak/Rusak_01837.jpg,Rusak
Train_Set/Aman/Aman_00903.jpg,Aman
Train_Set/Rusak/Rusak_01262.jpg,Rusak
Train_Set/Rusak/Rusak_00128.jpg,Rusak
Train_Set/Aman/Aman_08013.jpg,Aman
Train_Set/Rusak/Rusak_00854.jpg,Rusak
Train_Set/Aman/Aman_04542.jpg,Aman
Train_Set/Aman/Aman_06214.jpg,Aman
Train_Set/Aman/Aman_07406.jpg,Aman
Train_Set/Rusak/Rusak_00744.jpg,Rusak
Train_Set/Aman/Aman_05323.jpg,Aman
Train_Set/Rusak/Rusak_01007.jpg,Rusak
Train_Set/Lainnya/Lainnya_00415.jpg,Lainnya
Train_Set/Aman/Aman_07149.jpg,Aman
Train_Set/Rusak/Rusak_02232.jpg,Rusak
Train_Set/Aman/Aman_08601.jpg,Aman
Train_Set/Aman/Aman_02934.jpg,Aman
Train_Set/Rusak/Rusak_00832.jpg,Rusak
Train_Set/Aman/Aman_01148.jpg,Aman
Train_Set/Aman/Aman_04690.jpg,Aman
Train_Set/Aman/Aman_01786.jpg,Aman
Train_Set/Aman/Aman_02647.jpg,Aman
Train_Set/Rusak/Rusak_02249.jpg,Rusak
Train_Set/Aman/Aman_06637.jpg,Aman
Train_Set/Rusak/Rusak_02773.jpg,Rusak
Train_Set/Aman/Aman_04351.jpg,Aman
Train_Set/Aman/Aman_06933.jpg,Aman
Train_Set/Aman/Aman_00721.jpg,Aman
Train_Set/Lainnya/Lainnya_00046.jpg,Lainnya
Train_Set/Aman/Aman_08555.jpg,Aman
Train_Set/Aman/Aman_06107.jpg,Aman
Train_Set/Aman/Aman_03089.jpg,Aman
Train_Set/Aman/Aman_05839.jpg,Aman
Train_Set/Aman/Aman_04914.jpg,Aman
Train_Set/Aman/Aman_07817.jpg,Aman
Train_Set/Aman/Aman_06681.jpg,Aman
Train_Set/Rusak/Rusak_02272.jpg,Rusak
Train_Set/Rusak/Rusak_02406.jpg,Rusak
Train_Set/Aman/Aman_04445.jpg,Aman
Train_Set/Aman/Aman_07056.jpg,Aman
Train_Set/Aman/Aman_00338.jpg,Aman
Train_Set/Aman/Aman_06497.jpg,Aman
Train_Set/Rusak/Rusak_01575.jpg,Rusak
Train_Set/Aman/Aman_05210.jpg,Aman
Train_Set/Aman/Aman_00547.jpg,Aman
Train_Set/Rusak/Rusak_01814.jpg,Rusak
Train_Set/Rusak/Rusak_00478.jpg,Rusak
Train_Set/Aman/Aman_08027.jpg,Aman
Train_Set/Aman/Aman_03698.jpg,Aman
Train_Set/Rusak/Rusak_00152.jpg,Rusak
Train_Set/Aman/Aman_04386.jpg,Aman
Train_Set/Aman/Aman_00441.jpg,Aman
Train_Set/Rusak/Rusak_00593.jpg,Rusak
Train_Set/Aman/Aman_07257.jpg,Aman
Train_Set/Aman/Aman_07745.jpg,Aman
Train_Set/Rusak/Rusak_00633.jpg,Rusak
Train_Set/Rusak/Rusak_01297.jpg,Rusak
Train_Set/Aman/Aman_05764.jpg,Aman
Train_Set/Aman/Aman_07657.jpg,Aman
Train_Set/Aman/Aman_08690.jpg,Aman
Train_Set/Aman/Aman_08752.jpg,Aman
Train_Set/Aman/Aman_02799.jpg,Aman
Train_Set/Rusak/Rusak_01147.jpg,Rusak
Train_Set/Rusak/Rusak_00791.jpg,Rusak
Train_Set/Aman/Aman_00410.jpg,Aman
Train_Set/Aman/Aman_08014.jpg,Aman
Train_Set/Aman/Aman_04791.jpg,Aman
Train_Set/Aman/Aman_00580.jpg,Aman
Train_Set/Rusak/Rusak_00919.jpg,Rusak
Train_Set/Aman/Aman_05367.jpg,Aman
Train_Set/Aman/Aman_08374.jpg,Aman
Train_Set/Rusak/Rusak_00296.jpg,Rusak
Train_Set/Rusak/Rusak_00458.jpg,Rusak
Train_Set/Aman/Aman_02829.jpg,Aman
Train_Set/Aman/Aman_04829.jpg,Aman
Train_Set/Aman/Aman_01279.jpg,Aman
Train_Set/Aman/Aman_01299.jpg,Aman
Train_Set/Aman/Aman_03747.jpg,Aman
Train_Set/Aman/Aman_00884.jpg,Aman
Train_Set/Aman/Aman_06677.jpg,Aman
Train_Set/Aman/Aman_01622.jpg,Aman
Train_Set/Aman/Aman_07643.jpg,Aman
Train_Set/Rusak/Rusak_02390.jpg,Rusak
Train_Set/Rusak/Rusak_00690.jpg,Rusak
Train_Set/Aman/Aman_05267.jpg,Aman
Train_Set/Aman/Aman_00360.jpg,Aman
Train_Set/Aman/Aman_05481.jpg,Aman
Train_Set/Rusak/Rusak_02791.jpg,Rusak
Train_Set/Rusak/Rusak_00227.jpg,Rusak
Train_Set/Aman/Aman_04033.jpg,Aman
Train_Set/Aman/Aman_02004.jpg,Aman
Train_Set/Rusak/Rusak_01581.jpg,Rusak
Train_Set/Rusak/Rusak_01176.jpg,Rusak
Train_Set/Aman/Aman_06514.jpg,Aman
Train_Set/Aman/Aman_03212.jpg,Aman
Train_Set/Aman/Aman_04926.jpg,Aman
Train_Set/Aman/Aman_06302.jpg,Aman
Train_Set/Rusak/Rusak_00800.jpg,Rusak
Train_Set/Rusak/Rusak_02727.jpg,Rusak
Train_Set/Aman/Aman_03221.jpg,Aman
Train_Set/Aman/Aman_02640.jpg,Aman
Train_Set/Aman/Aman_06530.jpg,Aman
Train_Set/Aman/Aman_02938.jpg,Aman
Train_Set/Aman/Aman_02246.jpg,Aman
Train_Set/Aman/Aman_05216.jpg,Aman
Train_Set/Aman/Aman_03590.jpg,Aman
Train_Set/Aman/Aman_08614.jpg,Aman
Train_Set/Rusak/Rusak_00718.jpg,Rusak
Train_Set/Aman/Aman_04816.jpg,Aman
Train_Set/Aman/Aman_00422.jpg,Aman
Train_Set/Rusak/Rusak_02321.jpg,Rusak
Train_Set/Rusak/Rusak_02828.jpg,Rusak
Train_Set/Lainnya/Lainnya_00176.jpg,Lainnya
Train_Set/Aman/Aman_05293.jpg,Aman
Train_Set/Aman/Aman_00277.jpg,Aman
Train_Set/Aman/Aman_01579.jpg,Aman
Train_Set/Aman/Aman_00671.jpg,Aman
Train_Set/Aman/Aman_04175.jpg,Aman
Train_Set/Aman/Aman_01539.jpg,Aman
Train_Set/Aman/Aman_01989.jpg,Aman
Train_Set/Aman/Aman_08375.jpg,Aman
Train_Set/Aman/Aman_00544.jpg,Aman
Train_Set/Aman/Aman_00829.jpg,Aman
Train_Set/Rusak/Rusak_00528.jpg,Rusak
Train_Set/Rusak/Rusak_02555.jpg,Rusak
Train_Set/Aman/Aman_00704.jpg,Aman
Train_Set/Aman/Aman_07362.jpg,Aman
Train_Set/Aman/Aman_00372.jpg,Aman
Train_Set/Aman/Aman_00610.jpg,Aman
Train_Set/Aman/Aman_01511.jpg,Aman
Train_Set/Aman/Aman_04348.jpg,Aman
Train_Set/Rusak/Rusak_02686.jpg,Rusak
Train_Set/Aman/Aman_04588.jpg,Aman
Train_Set/Lainnya/Lainnya_00178.jpg,Lainnya
Train_Set/Aman/Aman_03893.jpg,Aman
Train_Set/Aman/Aman_04732.jpg,Aman
Train_Set/Rusak/Rusak_00002.jpg,Rusak
Train_Set/Rusak/Rusak_01711.jpg,Rusak
Train_Set/Aman/Aman_03471.jpg,Aman
Train_Set/Aman/Aman_06383.jpg,Aman
Train_Set/Aman/Aman_08600.jpg,Aman
Train_Set/Aman/Aman_02875.jpg,Aman
Train_Set/Aman/Aman_01224.jpg,Aman
Train_Set/Aman/Aman_00767.jpg,Aman
Train_Set/Aman/Aman_03460.jpg,Aman
Train_Set/Aman/Aman_08627.jpg,Aman
Train_Set/Aman/Aman_02032.jpg,Aman
Train_Set/Aman/Aman_03278.jpg,Aman
Train_Set/Aman/Aman_02288.jpg,Aman
Train_Set/Aman/Aman_03971.jpg,Aman
Train_Set/Lainnya/Lainnya_00021.jpg,Lainnya
Train_Set/Aman/Aman_01616.jpg,Aman
Train_Set/Lainnya/Lainnya_00053.jpg,Lainnya
Train_Set/Aman/Aman_05167.jpg,Aman
Train_Set/Aman/Aman_08432.jpg,Aman
Train_Set/Rusak/Rusak_02811.jpg,Rusak
Train_Set/Aman/Aman_05161.jpg,Aman
Train_Set/Aman/Aman_02952.jpg,Aman
Train_Set/Rusak/Rusak_02013.jpg,Rusak
Train_Set/Aman/Aman_07318.jpg,Aman
Train_Set/Lainnya/Lainnya_00171.jpg,Lainnya
Train_Set/Aman/Aman_00221.jpg,Aman
Train_Set/Aman/Aman_05584.jpg,Aman
Train_Set/Aman/Aman_04657.jpg,Aman
Train_Set/Rusak/Rusak_01154.jpg,Rusak
Train_Set/Lainnya/Lainnya_00251.jpg,Lainnya
Train_Set/Aman/Aman_05477.jpg,Aman
Train_Set/Aman/Aman_08620.jpg,Aman
Train_Set/Aman/Aman_03103.jpg,Aman
Train_Set/Rusak/Rusak_00831.jpg,Rusak
Train_Set/Aman/Aman_05478.jpg,Aman
Train_Set/Rusak/Rusak_01445.jpg,Rusak
Train_Set/Rusak/Rusak_00976.jpg,Rusak
Train_Set/Aman/Aman_00881.jpg,Aman
Train_Set/Lainnya/Lainnya_00223.jpg,Lainnya
Train_Set/Lainnya/Lainnya_00003.jpg,Lainnya
Train_Set/Rusak/Rusak_01550.jpg,Rusak
Train_Set/Aman/Aman_03220.jpg,Aman
Train_Set/Aman/Aman_04563.jpg,Aman
Train_Set/Rusak/Rusak_00167.jpg,Rusak
Train_Set/Aman/Aman_04574.jpg,Aman
Train_Set/Aman/Aman_03000.jpg,Aman
Train_Set/Aman/Aman_07723.jpg,Aman
Train_Set/Aman/Aman_03347.jpg,Aman
Train_Set/Aman/Aman_08008.jpg,Aman
Train_Set/Aman/Aman_05930.jpg,Aman
Train_Set/Aman/Aman_01107.jpg,Aman
Train_Set/Aman/Aman_02130.jpg,Aman
Train_Set/Aman/Aman_00675.jpg,Aman
Train_Set/Rusak/Rusak_01413.jpg,Rusak
Train_Set/Rusak/Rusak_01139.jpg,Rusak
Train_Set/Aman/Aman_03666.jpg,Aman
Train_Set/Aman/Aman_06263.jpg,Aman
Train_Set/Aman/Aman_06145.jpg,Aman
Train_Set/Aman/Aman_03484.jpg,Aman
Train_Set/Lainnya/Lainnya_00118.jpg,Lainnya
Train_Set/Aman/Aman_05562.jpg,Aman
Train_Set/Aman/Aman_06724.jpg,Aman
Train_Set/Aman/Aman_00825.jpg,Aman
Train_Set/Aman/Aman_02876.jpg,Aman
Train_Set/Rusak/Rusak_02254.jpg,Rusak
Train_Set/Aman/Aman_05008.jpg,Aman
Train_Set/Rusak/Rusak_00925.jpg,Rusak
Train_Set/Lainnya/Lainnya_00111.jpg,Lainnya
Train_Set/Aman/Aman_03795.jpg,Aman
Train_Set/Aman/Aman_01174.jpg,Aman
Train_Set/Aman/Aman_04312.jpg,Aman
Train_Set/Rusak/Rusak_01443.jpg,Rusak
Train_Set/Aman/Aman_01880.jpg,Aman
Train_Set/Aman/Aman_01705.jpg,Aman
Train_Set/Rusak/Rusak_00893.jpg,Rusak
Train_Set/Rusak/Rusak_02522.jpg,Rusak
Train_Set/Aman/Aman_04840.jpg,Aman
Train_Set/Aman/Aman_01159.jpg,Aman
Train_Set/Aman/Aman_07039.jpg,Aman
Train_Set/Rusak/Rusak_00414.jpg,Rusak
Train_Set/Aman/Aman_02370.jpg,Aman
Train_Set/Aman/Aman_07641.jpg,Aman
Train_Set/Aman/Aman_04800.jpg,Aman
Train_Set/Aman/Aman_01503.jpg,Aman
Train_Set/Aman/Aman_00150.jpg,Aman
Train_Set/Aman/Aman_07383.jpg,Aman
Train_Set/Aman/Aman_01580.jpg,Aman
Train_Set/Rusak/Rusak_02336.jpg,Rusak
Train_Set/Aman/Aman_05375.jpg,Aman
Train_Set/Aman/Aman_01618.jpg,Aman
Train_Set/Rusak/Rusak_00543.jpg,Rusak
Train_Set/Lainnya/Lainnya_00422.jpg,Lainnya
Train_Set/Aman/Aman_02806.jpg,Aman
Train_Set/Rusak/Rusak_01851.jpg,Rusak
Train_Set/Aman/Aman_08166.jpg,Aman
Train_Set/Aman/Aman_06206.jpg,Aman
Train_Set/Aman/Aman_01607.jpg,Aman
Train_Set/Aman/Aman_01351.jpg,Aman
Train_Set/Aman/Aman_03316.jpg,Aman
Train_Set/Rusak/Rusak_02787.jpg,Rusak
Train_Set/Aman/Aman_07682.jpg,Aman
Train_Set/Aman/Aman_01884.jpg,Aman
Train_Set/Aman/Aman_05217.jpg,Aman
Train_Set/Aman/Aman_02784.jpg,Aman
Train_Set/Aman/Aman_01651.jpg,Aman
Train_Set/Aman/Aman_00982.jpg,Aman
Train_Set/Aman/Aman_08727.jpg,Aman
Train_Set/Aman/Aman_06711.jpg,Aman
Train_Set/Aman/Aman_02749.jpg,Aman
Train_Set/Aman/Aman_03724.jpg,Aman
Train_Set/Aman/Aman_05804.jpg,Aman
Train_Set/Rusak/Rusak_00386.jpg,Rusak
Train_Set/Aman/Aman_05093.jpg,Aman
Train_Set/Aman/Aman_01374.jpg,Aman
Train_Set/Aman/Aman_06347.jpg,Aman
Train_Set/Aman/Aman_01994.jpg,Aman
Train_Set/Aman/Aman_07671.jpg,Aman
Train_Set/Aman/Aman_07584.jpg,Aman
Train_Set/Rusak/Rusak_01857.jpg,Rusak
Train_Set/Aman/Aman_06902.jpg,Aman
Train_Set/Rusak/Rusak_00124.jpg,Rusak
Train_Set/Aman/Aman_06257.jpg,Aman
Train_Set/Aman/Aman_06479.jpg,Aman
Train_Set/Aman/Aman_03218.jpg,Aman
Train_Set/Rusak/Rusak_01593.jpg,Rusak
Train_Set/Aman/Aman_06019.jpg,Aman
Train_Set/Aman/Aman_00630.jpg,Aman
Train_Set/Aman/Aman_03424.jpg,Aman
Train_Set/Aman/Aman_04609.jpg,Aman
Train_Set/Aman/Aman_01800.jpg,Aman
Train_Set/Aman/Aman_01863.jpg,Aman
Train_Set/Aman/Aman_04757.jpg,Aman
Train_Set/Rusak/Rusak_01191.jpg,Rusak
Train_Set/Aman/Aman_06438.jpg,Aman
Train_Set/Rusak/Rusak_00774.jpg,Rusak
Train_Set/Aman/Aman_02307.jpg,Aman
Train_Set/Aman/Aman_07457.jpg,Aman
Train_Set/Aman/Aman_02279.jpg,Aman
Train_Set/Aman/Aman_05483.jpg,Aman
Train_Set/Aman/Aman_01303.jpg,Aman
Train_Set/Aman/Aman_03717.jpg,Aman
Train_Set/Aman/Aman_08559.jpg,Aman
Train_Set/Aman/Aman_02017.jpg,Aman
Train_Set/Rusak/Rusak_02931.jpg,Rusak
Train_Set/Aman/Aman_08133.jpg,Aman
Train_Set/Rusak/Rusak_00144.jpg,Rusak
Train_Set/Lainnya/Lainnya_00090.jpg,Lainnya
Train_Set/Aman/Aman_00300.jpg,Aman
Train_Set/Aman/Aman_00497.jpg,Aman
Train_Set/Rusak/Rusak_00217.jpg,Rusak
Train_Set/Aman/Aman_00476.jpg,Aman
Train_Set/Rusak/Rusak_02520.jpg,Rusak
Train_Set/Aman/Aman_05068.jpg,Aman
Train_Set/Aman/Aman_03011.jpg,Aman
Train_Set/Rusak/Rusak_01854.jpg,Rusak
Train_Set/Aman/Aman_04184.jpg,Aman
Train_Set/Aman/Aman_07074.jpg,Aman
Train_Set/Aman/Aman_04501.jpg,Aman
Train_Set/Rusak/Rusak_02717.jpg,Rusak
Train_Set/Rusak/Rusak_01134.jpg,Rusak
Train_Set/Aman/Aman_08720.jpg,Aman
Train_Set/Aman/Aman_05517.jpg,Aman
Train_Set/Aman/Aman_01856.jpg,Aman
Train_Set/Aman/Aman_00084.jpg,Aman
Train_Set/Aman/Aman_02384.jpg,Aman
Train_Set/Aman/Aman_06991.jpg,Aman
Train_Set/Aman/Aman_00893.jpg,Aman
Train_Set/Rusak/Rusak_02174.jpg,Rusak
Train_Set/Rusak/Rusak_02194.jpg,Rusak
Train_Set/Aman/Aman_06832.jpg,Aman
Train_Set/Rusak/Rusak_02911.jpg,Rusak
Train_Set/Aman/Aman_07620.jpg,Aman
Train_Set/Rusak/Rusak_01474.jpg,Rusak
Train_Set/Rusak/Rusak_00684.jpg,Rusak
Train_Set/Aman/Aman_00320.jpg,Aman
Train_Set/Aman/Aman_05666.jpg,Aman
Train_Set/Aman/Aman_07427.jpg,Aman
Train_Set/Aman/Aman_07368.jpg,Aman
Train_Set/Aman/Aman_00016.jpg,Aman
Train_Set/Aman/Aman_00123.jpg,Aman
Train_Set/Aman/Aman_04392.jpg,Aman
Train_Set/Aman/Aman_04089.jpg,Aman
Train_Set/Aman/Aman_03166.jpg,Aman
Train_Set/Rusak/Rusak_00147.jpg,Rusak
Train_Set/Rusak/Rusak_02747.jpg,Rusak
Train_Set/Rusak/Rusak_02885.jpg,Rusak
Train_Set/Aman/Aman_04535.jpg,Aman
Train_Set/Aman/Aman_01857.jpg,Aman
Train_Set/Aman/Aman_05859.jpg,Aman
Train_Set/Aman/Aman_07619.jpg,Aman
Train_Set/Rusak/Rusak_00872.jpg,Rusak
Train_Set/Aman/Aman_06193.jpg,Aman
Train_Set/Aman/Aman_02663.jpg,Aman
Train_Set/Aman/Aman_01905.jpg,Aman
Train_Set/Aman/Aman_07402.jpg,Aman
Train_Set/Aman/Aman_04372.jpg,Aman
Train_Set/Aman/Aman_06897.jpg,Aman
Train_Set/Aman/Aman_03927.jpg,Aman
Train_Set/Aman/Aman_03754.jpg,Aman
Train_Set/Aman/Aman_02382.jpg,Aman
Train_Set/Aman/Aman_00494.jpg,Aman
Train_Set/Aman/Aman_05713.jpg,Aman
Train_Set/Aman/Aman_04832.jpg,Aman
Train_Set/Aman/Aman_04265.jpg,Aman
Train_Set/Aman/Aman_08410.jpg,Aman
Train_Set/Aman/Aman_06579.jpg,Aman
Train_Set/Aman/Aman_04260.jpg,Aman
Train_Set/Aman/Aman_02759.jpg,Aman
Train_Set/Aman/Aman_08042.jpg,Aman
Train_Set/Rusak/Rusak_01552.jpg,Rusak
Train_Set/Aman/Aman_03327.jpg,Aman
Train_Set/Aman/Aman_04976.jpg,Aman
Train_Set/Aman/Aman_01997.jpg,Aman
Train_Set/Aman/Aman_00312.jpg,Aman
Train_Set/Aman/Aman_03350.jpg,Aman
Train_Set/Aman/Aman_05307.jpg,Aman
Train_Set/Aman/Aman_03239.jpg,Aman
Train_Set/Aman/Aman_04506.jpg,Aman
Train_Set/Aman/Aman_07114.jpg,Aman
Train_Set/Aman/Aman_01193.jpg,Aman
Train_Set/Aman/Aman_03199.jpg,Aman
Train_Set/Aman/Aman_04846.jpg,Aman
Train_Set/Aman/Aman_01091.jpg,Aman
Train_Set/Aman/Aman_06130.jpg,Aman
Train_Set/Rusak/Rusak_02259.jpg,Rusak
Train_Set/Rusak/Rusak_00938.jpg,Rusak
Train_Set/Aman/Aman_05943.jpg,Aman
Train_Set/Aman/Aman_07258.jpg,Aman
Train_Set/Aman/Aman_01097.jpg,Aman
Train_Set/Aman/Aman_08247.jpg,Aman
Train_Set/Rusak/Rusak_00061.jpg,Rusak
Train_Set/Aman/Aman_03512.jpg,Aman
Train_Set/Aman/Aman_07728.jpg,Aman
Train_Set/Aman/Aman_06023.jpg,Aman
Train_Set/Aman/Aman_06350.jpg,Aman
Train_Set/Aman/Aman_05810.jpg,Aman
Train_Set/Rusak/Rusak_00923.jpg,Rusak
Train_Set/Aman/Aman_00374.jpg,Aman
Train_Set/Rusak/Rusak_01026.jpg,Rusak
Train_Set/Aman/Aman_05652.jpg,Aman
Train_Set/Aman/Aman_00194.jpg,Aman
Train_Set/Aman/Aman_02526.jpg,Aman
Train_Set/Aman/Aman_07138.jpg,Aman
Train_Set/Lainnya/Lainnya_00045.jpg,Lainnya
Train_Set/Aman/Aman_01569.jpg,Aman
Train_Set/Aman/Aman_04819.jpg,Aman
Train_Set/Aman/Aman_01627.jpg,Aman
Train_Set/Aman/Aman_07493.jpg,Aman
Train_Set/Rusak/Rusak_00485.jpg,Rusak
Train_Set/Aman/Aman_03342.jpg,Aman
Train_Set/Aman/Aman_07163.jpg,Aman
Train_Set/Aman/Aman_07848.jpg,Aman
Train_Set/Aman/Aman_02773.jpg,Aman
Train_Set/Aman/Aman_06638.jpg,Aman
Train_Set/Rusak/Rusak_00501.jpg,Rusak
Train_Set/Aman/Aman_04963.jpg,Aman
Train_Set/Aman/Aman_04886.jpg,Aman
Train_Set/Aman/Aman_05876.jpg,Aman
Train_Set/Aman/Aman_06179.jpg,Aman
Train_Set/Aman/Aman_01716.jpg,Aman
Train_Set/Aman/Aman_08228.jpg,Aman
Train_Set/Aman/Aman_03967.jpg,Aman
Train_Set/Aman/Aman_06540.jpg,Aman
Train_Set/Rusak/Rusak_00559.jpg,Rusak
Train_Set/Aman/Aman_08044.jpg,Aman
Train_Set/Rusak/Rusak_01804.jpg,Rusak
Train_Set/Aman/Aman_05255.jpg,Aman
Train_Set/Aman/Aman_02942.jpg,Aman
Train_Set/Rusak/Rusak_00952.jpg,Rusak
Train_Set/Aman/Aman_08513.jpg,Aman
Train_Set/Aman/Aman_02756.jpg,Aman
Train_Set/Aman/Aman_02478.jpg,Aman
Train_Set/Aman/Aman_05079.jpg,Aman
Train_Set/Aman/Aman_02827.jpg,Aman
Train_Set/Aman/Aman_02070.jpg,Aman
Train_Set/Aman/Aman_06683.jpg,Aman
Train_Set/Aman/Aman_07912.jpg,Aman
Train_Set/Aman/Aman_02808.jpg,Aman
Train_Set/Rusak/Rusak_00135.jpg,Rusak
Train_Set/Aman/Aman_05073.jpg,Aman
Train_Set/Lainnya/Lainnya_00235.jpg,Lainnya
Train_Set/Aman/Aman_00156.jpg,Aman
Train_Set/Aman/Aman_02292.jpg,Aman
Train_Set/Rusak/Rusak_01090.jpg,Rusak
Train_Set/Aman/Aman_03056.jpg,Aman
Train_Set/Rusak/Rusak_00960.jpg,Rusak
Train_Set/Aman/Aman_07320.jpg,Aman
Train_Set/Rusak/Rusak_00864.jpg,Rusak
Train_Set/Aman/Aman_02330.jpg,Aman
Train_Set/Rusak/Rusak_01849.jpg,Rusak
Train_Set/Aman/Aman_06797.jpg,Aman
Train_Set/Aman/Aman_06799.jpg,Aman
Train_Set/Aman/Aman_03291.jpg,Aman
Train_Set/Aman/Aman_07986.jpg,Aman
Train_Set/Aman/Aman_06833.jpg,Aman
Train_Set/Rusak/Rusak_02607.jpg,Rusak
Train_Set/Aman/Aman_00583.jpg,Aman
Train_Set/Rusak/Rusak_00702.jpg,Rusak
Train_Set/Aman/Aman_04481.jpg,Aman
Train_Set/Aman/Aman_06704.jpg,Aman
Train_Set/Aman/Aman_03298.jpg,Aman
Train_Set/Aman/Aman_07705.jpg,Aman
Train_Set/Aman/Aman_04277.jpg,Aman
Train_Set/Aman/Aman_07656.jpg,Aman
Train_Set/Aman/Aman_00335.jpg,Aman
Train_Set/Rusak/Rusak_02175.jpg,Rusak
Train_Set/Aman/Aman_04724.jpg,Aman
Train_Set/Aman/Aman_07925.jpg,Aman
Train_Set/Rusak/Rusak_02452.jpg,Rusak
Train_Set/Aman/Aman_02668.jpg,Aman
Train_Set/Aman/Aman_08278.jpg,Aman
Train_Set/Aman/Aman_03335.jpg,Aman
Train_Set/Aman/Aman_06084.jpg,Aman
Train_Set/Aman/Aman_07775.jpg,Aman
Train_Set/Aman/Aman_02472.jpg,Aman
Train_Set/Rusak/Rusak_00173.jpg,Rusak
Train_Set/Rusak/Rusak_00098.jpg,Rusak
Train_Set/Aman/Aman_01562.jpg,Aman
Train_Set/Aman/Aman_08659.jpg,Aman
Train_Set/Aman/Aman_07020.jpg,Aman
Train_Set/Aman/Aman_00698.jpg,Aman
Train_Set/Aman/Aman_04948.jpg,Aman
Train_Set/Aman/Aman_00669.jpg,Aman
Train_Set/Aman/Aman_00605.jpg,Aman
Train_Set/Aman/Aman_04956.jpg,Aman
Train_Set/Aman/Aman_00292.jpg,Aman
Train_Set/Aman/Aman_08500.jpg,Aman
Train_Set/Aman/Aman_00801.jpg,Aman
Train_Set/Lainnya/Lainnya_00207.jpg,Lainnya
Train_Set/Lainnya/Lainnya_00348.jpg,Lainnya
Train_Set/Aman/Aman_02530.jpg,Aman
Train_Set/Rusak/Rusak_00194.jpg,Rusak
Train_Set/Rusak/Rusak_02285.jpg,Rusak
Train_Set/Aman/Aman_01980.jpg,Aman
Train_Set/Aman/Aman_08238.jpg,Aman
Train_Set/Aman/Aman_06157.jpg,Aman
Train_Set/Aman/Aman_06164.jpg,Aman
Train_Set/Aman/Aman_06548.jpg,Aman
Train_Set/Rusak/Rusak_00620.jpg,Rusak
Train_Set/Aman/Aman_05062.jpg,Aman
Train_Set/Aman/Aman_05242.jpg,Aman
Train_Set/Rusak/Rusak_00405.jpg,Rusak
Train_Set/Aman/Aman_02644.jpg,Aman
Train_Set/Lainnya/Lainnya_00267.jpg,Lainnya
Train_Set/Aman/Aman_02514.jpg,Aman
Train_Set/Aman/Aman_05815.jpg,Aman
Train_Set/Aman/Aman_06053.jpg,Aman
Train_Set/Aman/Aman_07497.jpg,Aman
Train_Set/Aman/Aman_08357.jpg,Aman
Train_Set/Aman/Aman_07593.jpg,Aman
Train_Set/Aman/Aman_02859.jpg,Aman
Train_Set/Aman/Aman_08578.jpg,Aman
Train_Set/Aman/Aman_02496.jpg,Aman
Train_Set/Rusak/Rusak_00258.jpg,Rusak
Train_Set/Rusak/Rusak_00400.jpg,Rusak
Train_Set/Aman/Aman_02336.jpg,Aman
Train_Set/Aman/Aman_06592.jpg,Aman
Train_Set/Rusak/Rusak_00924.jpg,Rusak
Train_Set/Rusak/Rusak_02301.jpg,Rusak
Train_Set/Aman/Aman_08406.jpg,Aman
Train_Set/Aman/Aman_01697.jpg,Aman
Train_Set/Aman/Aman_02255.jpg,Aman
Train_Set/Aman/Aman_06925.jpg,Aman
Train_Set/Rusak/Rusak_02395.jpg,Rusak
Train_Set/Lainnya/Lainnya_00125.jpg,Lainnya
Train_Set/Aman/Aman_04439.jpg,Aman
Train_Set/Rusak/Rusak_00908.jpg,Rusak
Train_Set/Aman/Aman_01365.jpg,Aman
Train_Set/Aman/Aman_06007.jpg,Aman
Train_Set/Rusak/Rusak_00852.jpg,Rusak
Train_Set/Aman/Aman_03261.jpg,Aman
Train_Set/Aman/Aman_06720.jpg,Aman
Train_Set/Rusak/Rusak_00554.jpg,Rusak
Train_Set/Aman/Aman_02058.jpg,Aman
Train_Set/Rusak/Rusak_01283.jpg,Rusak
Train_Set/Aman/Aman_01126.jpg,Aman
Train_Set/Aman/Aman_03415.jpg,Aman
Train_Set/Aman/Aman_02941.jpg,Aman
Train_Set/Rusak/Rusak_00461.jpg,Rusak
Train_Set/Rusak/Rusak_02962.jpg,Rusak
Train_Set/Aman/Aman_06037.jpg,Aman
Train_Set/Aman/Aman_05753.jpg,Aman
Train_Set/Aman/Aman_02353.jpg,Aman
Train_Set/Aman/Aman_02268.jpg,Aman
Train_Set/Aman/Aman_05493.jpg,Aman
Train_Set/Rusak/Rusak_00780.jpg,Rusak
Train_Set/Aman/Aman_00627.jpg,Aman
Train_Set/Aman/Aman_03852.jpg,Aman
Train_Set/Aman/Aman_05745.jpg,Aman
Train_Set/Rusak/Rusak_01681.jpg,Rusak
Train_Set/Rusak/Rusak_02317.jpg,Rusak
Train_Set/Aman/Aman_07116.jpg,Aman
Train_Set/Aman/Aman_00144.jpg,Aman
Train_Set/Aman/Aman_05628.jpg,Aman
Train_Set/Lainnya/Lainnya_00375.jpg,Lainnya
Train_Set/Aman/Aman_02180.jpg,Aman
Train_Set/Rusak/Rusak_01779.jpg,Rusak
Train_Set/Rusak/Rusak_02360.jpg,Rusak
Train_Set/Aman/Aman_06345.jpg,Aman
Train_Set/Lainnya/Lainnya_00378.jpg,Lainnya
Train_Set/Aman/Aman_00195.jpg,Aman
Train_Set/Lainnya/Lainnya_00052.jpg,Lainnya
Train_Set/Rusak/Rusak_00243.jpg,Rusak
Train_Set/Aman/Aman_02361.jpg,Aman
Train_Set/Aman/Aman_07498.jpg,Aman
Train_Set/Aman/Aman_04256.jpg,Aman
Train_Set/Rusak/Rusak_00196.jpg,Rusak
Train_Set/Aman/Aman_04903.jpg,Aman
Train_Set/Aman/Aman_03190.jpg,Aman
Train_Set/Rusak/Rusak_00374.jpg,Rusak
Train_Set/Aman/Aman_03774.jpg,Aman
Train_Set/Rusak/Rusak_02957.jpg,Rusak
Train_Set/Aman/Aman_07454.jpg,Aman
Train_Set/Aman/Aman_07345.jpg,Aman
Train_Set/Aman/Aman_05295.jpg,Aman
Train_Set/Aman/Aman_05549.jpg,Aman
Train_Set/Rusak/Rusak_02840.jpg,Rusak
Train_Set/Rusak/Rusak_00411.jpg,Rusak
Train_Set/Rusak/Rusak_02084.jpg,Rusak
Train_Set/Aman/Aman_06468.jpg,Aman
Train_Set/Rusak/Rusak_02162.jpg,Rusak
Train_Set/Aman/Aman_02329.jpg,Aman
Train_Set/Aman/Aman_03040.jpg,Aman
Train_Set/Rusak/Rusak_01939.jpg,Rusak
Train_Set/Aman/Aman_04866.jpg,Aman
Train_Set/Rusak/Rusak_01206.jpg,Rusak
Train_Set/Aman/Aman_00183.jpg,Aman
Train_Set/Aman/Aman_03876.jpg,Aman
Train_Set/Aman/Aman_05051.jpg,Aman
Train_Set/Rusak/Rusak_02477.jpg,Rusak
Train_Set/Rusak/Rusak_02638.jpg,Rusak
Train_Set/Aman/Aman_00991.jpg,Aman
Train_Set/Aman/Aman_03154.jpg,Aman
Train_Set/Aman/Aman_05495.jpg,Aman
Train_Set/Aman/Aman_01691.jpg,Aman
Train_Set/Aman/Aman_06500.jpg,Aman
Train_Set/Aman/Aman_01247.jpg,Aman
Train_Set/Aman/Aman_04513.jpg,Aman
Train_Set/Aman/Aman_01746.jpg,Aman
Train_Set/Aman/Aman_03360.jpg,Aman
Train_Set/Aman/Aman_00501.jpg,Aman
Train_Set/Aman/Aman_03569.jpg,Aman
Train_Set/Aman/Aman_08594.jpg,Aman
Train_Set/Aman/Aman_00942.jpg,Aman
Train_Set/Aman/Aman_05017.jpg,Aman
Train_Set/Aman/Aman_07108.jpg,Aman
Train_Set/Aman/Aman_04112.jpg,Aman
Train_Set/Rusak/Rusak_02710.jpg,Rusak
Train_Set/Rusak/Rusak_02418.jpg,Rusak
Train_Set/Aman/Aman_08712.jpg,Aman
Train_Set/Aman/Aman_07487.jpg,Aman
Train_Set/Rusak/Rusak_00132.jpg,Rusak
Train_Set/Aman/Aman_02730.jpg,Aman
Train_Set/Aman/Aman_01320.jpg,Aman
Train_Set/Aman/Aman_03889.jpg,Aman
Train_Set/Rusak/Rusak_00209.jpg,Rusak
Train_Set/Aman/Aman_05219.jpg,Aman
Train_Set/Aman/Aman_04582.jpg,Aman
Train_Set/Aman/Aman_02570.jpg,Aman
Train_Set/Aman/Aman_07311.jpg,Aman
Train_Set/Aman/Aman_04408.jpg,Aman
Train_Set/Aman/Aman_07094.jpg,Aman
Train_Set/Rusak/Rusak_02179.jpg,Rusak
Train_Set/Rusak/Rusak_01185.jpg,Rusak
Train_Set/Rusak/Rusak_02109.jpg,Rusak
Train_Set/Rusak/Rusak_02966.jpg,Rusak
Train_Set/Rusak/Rusak_00899.jpg,Rusak
Train_Set/Aman/Aman_06249.jpg,Aman
Train_Set/Rusak/Rusak_02617.jpg,Rusak
Train_Set/Rusak/Rusak_00575.jpg,Rusak
Train_Set/Rusak/Rusak_02148.jpg,Rusak
Train_Set/Aman/Aman_05433.jpg,Aman
Train_Set/Aman/Aman_03414.jpg,Aman
Train_Set/Rusak/Rusak_00664.jpg,Rusak
Train_Set/Rusak/Rusak_02102.jpg,Rusak
Train_Set/Aman/Aman_01388.jpg,Aman
Train_Set/Aman/Aman_06791.jpg,Aman
Train_Set/Aman/Aman_08317.jpg,Aman
Train_Set/Rusak/Rusak_02930.jpg,Rusak
Train_Set/Rusak/Rusak_01192.jpg,Rusak
Train_Set/Aman/Aman_04940.jpg,Aman
Train_Set/Aman/Aman_05475.jpg,Aman
Train_Set/Aman/Aman_07803.jpg,Aman
Train_Set/Rusak/Rusak_00263.jpg,Rusak
Train_Set/Rusak/Rusak_01129.jpg,Rusak
Train_Set/Lainnya/Lainnya_00075.jpg,Lainnya
Train_Set/Rusak/Rusak_01434.jpg,Rusak
Train_Set/Aman/Aman_03238.jpg,Aman
Train_Set/Rusak/Rusak_01472.jpg,Rusak
Train_Set/Aman/Aman_03937.jpg,Aman
Train_Set/Rusak/Rusak_02165.jpg,Rusak
Train_Set/Rusak/Rusak_00366.jpg,Rusak
Train_Set/Aman/Aman_03650.jpg,Aman
Train_Set/Aman/Aman_00866.jpg,Aman
Train_Set/Aman/Aman_03475.jpg,Aman
Train_Set/Aman/Aman_01642.jpg,Aman
Train_Set/Aman/Aman_04604.jpg,Aman
Train_Set/Lainnya/Lainnya_00175.jpg,Lainnya
Train_Set/Aman/Aman_04483.jpg,Aman
Train_Set/Aman/Aman_00313.jpg,Aman
Train_Set/Aman/Aman_05454.jpg,Aman
Train_Set/Aman/Aman_06319.jpg,Aman
Train_Set/Rusak/Rusak_00158.jpg,Rusak
Train_Set/Aman/Aman_05120.jpg,Aman
Train_Set/Aman/Aman_05884.jpg,Aman
Train_Set/Aman/Aman_01473.jpg,Aman
Train_Set/Aman/Aman_01537.jpg,Aman
Train_Set/Rusak/Rusak_02624.jpg,Rusak
Train_Set/Aman/Aman_08038.jpg,Aman
Train_Set/Rusak/Rusak_02299.jpg,Rusak
Train_Set/Rusak/Rusak_02794.jpg,Rusak
Train_Set/Rusak/Rusak_01005.jpg,Rusak
Train_Set/Rusak/Rusak_00803.jpg,Rusak
Train_Set/Aman/Aman_02826.jpg,Aman
Train_Set/Aman/Aman_00279.jpg,Aman
Train_Set/Aman/Aman_03102.jpg,Aman
Train_Set/Aman/Aman_01685.jpg,Aman
Train_Set/Aman/Aman_02208.jpg,Aman
Train_Set/Aman/Aman_08658.jpg,Aman
Train_Set/Aman/Aman_06060.jpg,Aman
Train_Set/Aman/Aman_02909.jpg,Aman
Train_Set/Aman/Aman_00696.jpg,Aman
Train_Set/Aman/Aman_06660.jpg,Aman
Train_Set/Aman/Aman_04553.jpg,Aman
Train_Set/Rusak/Rusak_02356.jpg,Rusak
Train_Set/Rusak/Rusak_00948.jpg,Rusak
Train_Set/Aman/Aman_06960.jpg,Aman
Train_Set/Aman/Aman_02727.jpg,Aman
Train_Set/Aman/Aman_06076.jpg,Aman
Train_Set/Aman/Aman_07142.jpg,Aman
Train_Set/Aman/Aman_02703.jpg,Aman
Train_Set/Rusak/Rusak_02426.jpg,Rusak
Train_Set/Aman/Aman_02724.jpg,Aman
Train_Set/Rusak/Rusak_01966.jpg,Rusak
Train_Set/Aman/Aman_06052.jpg,Aman
Train_Set/Aman/Aman_01673.jpg,Aman
Train_Set/Aman/Aman_05929.jpg,Aman
Train_Set/Aman/Aman_00691.jpg,Aman
Train_Set/Aman/Aman_00793.jpg,Aman
Train_Set/Rusak/Rusak_00801.jpg,Rusak
Train_Set/Aman/Aman_02772.jpg,Aman
Train_Set/Rusak/Rusak_00115.jpg,Rusak
Train_Set/Rusak/Rusak_01091.jpg,Rusak
Train_Set/Rusak/Rusak_01976.jpg,Rusak
Train_Set/Aman/Aman_04013.jpg,Aman
Train_Set/Aman/Aman_05185.jpeg,Aman
Train_Set/Aman/Aman_03332.jpg,Aman
Train_Set/Lainnya/Lainnya_00419.jpg,Lainnya
Train_Set/Rusak/Rusak_02639.jpg,Rusak
Train_Set/Aman/Aman_02226.jpg,Aman
Train_Set/Aman/Aman_00327.jpg,Aman
Train_Set/Lainnya/Lainnya_00039.jpg,Lainnya
Train_Set/Aman/Aman_04234.png,Aman
Train_Set/Aman/Aman_02286.jpg,Aman
Train_Set/Aman/Aman_07904.jpg,Aman
Train_Set/Aman/Aman_01376.jpg,Aman
Train_Set/Aman/Aman_03314.jpg,Aman
Train_Set/Rusak/Rusak_02382.jpg,Rusak
Train_Set/Aman/Aman_03014.jpg,Aman
Train_Set/Aman/Aman_06505.jpg,Aman
Train_Set/Aman/Aman_05102.jpg,Aman
Train_Set/Aman/Aman_06123.jpg,Aman
Train_Set/Aman/Aman_06064.jpg,Aman
Train_Set/Aman/Aman_05858.jpg,Aman
Train_Set/Rusak/Rusak_01539.jpg,Rusak
Train_Set/Rusak/Rusak_00006.jpg,Rusak
Train_Set/Aman/Aman_07441.jpg,Aman
Train_Set/Aman/Aman_02979.jpg,Aman
Train_Set/Rusak/Rusak_01037.jpg,Rusak
Train_Set/Aman/Aman_03815.jpg,Aman
Train_Set/Aman/Aman_04148.jpg,Aman
Train_Set/Aman/Aman_03642.jpg,Aman
Train_Set/Aman/Aman_00446.jpg,Aman
Train_Set/Aman/Aman_00978.jpg,Aman
Train_Set/Aman/Aman_04488.jpg,Aman
Train_Set/Rusak/Rusak_00335.jpg,Rusak
Train_Set/Aman/Aman_02609.jpg,Aman
Train_Set/Aman/Aman_03468.jpg,Aman
Train_Set/Rusak/Rusak_02042.jpg,Rusak
Train_Set/Rusak/Rusak_02394.jpg,Rusak
Train_Set/Aman/Aman_07189.jpeg,Aman
Train_Set/Aman/Aman_07432.jpg,Aman
Train_Set/Aman/Aman_06030.jpg,Aman
Train_Set/Aman/Aman_08101.jpg,Aman
Train_Set/Aman/Aman_05005.jpg,Aman
Train_Set/Aman/Aman_06975.jpg,Aman
Train_Set/Aman/Aman_02575.jpg,Aman
Train_Set/Aman/Aman_08114.jpg,Aman
Train_Set/Rusak/Rusak_01027.jpg,Rusak
Train_Set/Aman/Aman_01464.jpg,Aman
Train_Set/Lainnya/Lainnya_00218.jpg,Lainnya
Train_Set/Aman/Aman_02218.jpg,Aman
Train_Set/Aman/Aman_05318.jpg,Aman
Train_Set/Aman/Aman_06851.jpg,Aman
Train_Set/Aman/Aman_04249.png,Aman
Train_Set/Aman/Aman_05770.jpg,Aman
Train_Set/Aman/Aman_07585.jpg,Aman
Train_Set/Rusak/Rusak_00229.jpg,Rusak
Train_Set/Aman/Aman_02339.jpg,Aman
Train_Set/Aman/Aman_02846.jpg,Aman
Train_Set/Aman/Aman_04918.jpg,Aman
Train_Set/Aman/Aman_03529.jpg,Aman
Train_Set/Aman/Aman_04330.png,Aman
Train_Set/Lainnya/Lainnya_00055.jpg,Lainnya
Train_Set/Aman/Aman_01951.jpg,Aman
Train_Set/Rusak/Rusak_00200.jpg,Rusak
Train_Set/Aman/Aman_05170.jpg,Aman
Train_Set/Aman/Aman_05085.jpg,Aman
Train_Set/Aman/Aman_07414.jpg,Aman
Train_Set/Aman/Aman_02992.jpg,Aman
Train_Set/Rusak/Rusak_01318.jpg,Rusak
Train_Set/Aman/Aman_01826.jpg,Aman
Train_Set/Aman/Aman_00813.jpg,Aman
Train_Set/Aman/Aman_07361.jpg,Aman
Train_Set/Aman/Aman_03978.jpg,Aman
Train_Set/Aman/Aman_02901.jpg,Aman
Train_Set/Aman/Aman_01747.jpg,Aman
Train_Set/Aman/Aman_07264.jpg,Aman
Train_Set/Aman/Aman_04484.jpg,Aman
Train_Set/Rusak/Rusak_01239.jpg,Rusak
Train_Set/Aman/Aman_05147.jpg,Aman
Train_Set/Lainnya/Lainnya_00091.jpg,Lainnya
Train_Set/Aman/Aman_01799.jpg,Aman
Train_Set/Aman/Aman_02560.jpg,Aman
Train_Set/Rusak/Rusak_01315.jpg,Rusak
Train_Set/Rusak/Rusak_02204.jpg,Rusak
Train_Set/Rusak/Rusak_02409.jpg,Rusak
Train_Set/Aman/Aman_07935.jpg,Aman
Train_Set/Lainnya/Lainnya_00265.jpg,Lainnya
Train_Set/Aman/Aman_06391.jpg,Aman
Train_Set/Aman/Aman_02961.jpg,Aman
Train_Set/Rusak/Rusak_01228.jpg,Rusak
Train_Set/Aman/Aman_07624.jpg,Aman
Train_Set/Aman/Aman_04502.jpg,Aman
Train_Set/Aman/Aman_02198.jpg,Aman
Train_Set/Rusak/Rusak_02870.jpg,Rusak
Train_Set/Aman/Aman_07238.jpg,Aman
Train_Set/Aman/Aman_05956.jpg,Aman
Train_Set/Aman/Aman_01889.jpg,Aman
Train_Set/Aman/Aman_07538.jpg,Aman
Train_Set/Rusak/Rusak_01341.jpg,Rusak
Train_Set/Aman/Aman_05435.jpg,Aman
Train_Set/Aman/Aman_03115.jpg,Aman
Train_Set/Aman/Aman_03066.jpg,Aman
Train_Set/Aman/Aman_06526.jpg,Aman
Train_Set/Aman/Aman_00977.jpg,Aman
Train_Set/Rusak/Rusak_02304.jpg,Rusak
Train_Set/Aman/Aman_03323.jpg,Aman
Train_Set/Rusak/Rusak_01336.jpg,Rusak
Train_Set/Aman/Aman_08576.jpg,Aman
Train_Set/Aman/Aman_04875.jpg,Aman
Train_Set/Aman/Aman_01424.jpg,Aman
Train_Set/Aman/Aman_02762.jpg,Aman
Train_Set/Aman/Aman_04665.jpg,Aman
Train_Set/Aman/Aman_07550.jpg,Aman
Train_Set/Rusak/Rusak_00398.jpg,Rusak
Train_Set/Rusak/Rusak_00623.jpg,Rusak
Train_Set/Aman/Aman_02880.jpg,Aman
Train_Set/Rusak/Rusak_02268.jpg,Rusak
Train_Set/Aman/Aman_02679.jpg,Aman
Train_Set/Aman/Aman_06013.jpg,Aman
Train_Set/Aman/Aman_02698.jpg,Aman
Train_Set/Aman/Aman_07160.jpg,Aman
Train_Set/Rusak/Rusak_01051.jpg,Rusak
Train_Set/Aman/Aman_02357.jpg,Aman
Train_Set/Rusak/Rusak_02943.jpg,Rusak
Train_Set/Rusak/Rusak_02367.jpg,Rusak
Train_Set/Aman/Aman_03833.jpg,Aman
Train_Set/Rusak/Rusak_00436.jpg,Rusak
Train_Set/Aman/Aman_02243.jpg,Aman
Train_Set/Rusak/Rusak_00058.jpg,Rusak
Train_Set/Rusak/Rusak_00741.jpg,Rusak
Train_Set/Aman/Aman_07833.jpg,Aman
Train_Set/Aman/Aman_00681.jpg,Aman
Train_Set/Aman/Aman_04688.jpg,Aman
Train_Set/Rusak/Rusak_00710.jpg,Rusak
Train_Set/Aman/Aman_00567.jpg,Aman
Train_Set/Aman/Aman_08242.jpg,Aman
Train_Set/Aman/Aman_04380.jpg,Aman
Train_Set/Aman/Aman_05521.jpg,Aman
Train_Set/Aman/Aman_01600.jpg,Aman
Train_Set/Aman/Aman_00201.jpg,Aman
Train_Set/Aman/Aman_07284.jpg,Aman
Train_Set/Aman/Aman_07304.jpg,Aman
Train_Set/Aman/Aman_02068.jpg,Aman
Train_Set/Aman/Aman_02342.jpg,Aman
Train_Set/Aman/Aman_08528.jpg,Aman
Train_Set/Aman/Aman_08221.jpg,Aman
Train_Set/Aman/Aman_04755.jpg,Aman
Train_Set/Aman/Aman_02905.jpg,Aman
Train_Set/Aman/Aman_00472.jpg,Aman
Train_Set/Aman/Aman_00465.jpg,Aman
Train_Set/Aman/Aman_04585.jpg,Aman
Train_Set/Aman/Aman_04615.jpg,Aman
Train_Set/Aman/Aman_04642.jpg,Aman
Train_Set/Aman/Aman_00818.jpg,Aman
Train_Set/Rusak/Rusak_02078.jpg,Rusak
Train_Set/Aman/Aman_07096.jpg,Aman
Train_Set/Rusak/Rusak_01242.jpg,Rusak
Train_Set/Aman/Aman_00848.jpg,Aman
Train_Set/Aman/Aman_06990.jpg,Aman
Train_Set/Aman/Aman_05039.jpg,Aman
Train_Set/Aman/Aman_02940.jpg,Aman
Train_Set/Aman/Aman_03789.jpg,Aman
Train_Set/Aman/Aman_02726.jpg,Aman
Train_Set/Rusak/Rusak_00255.jpg,Rusak
Train_Set/Aman/Aman_04650.jpg,Aman
Train_Set/Rusak/Rusak_00721.jpg,Rusak
Train_Set/Aman/Aman_06093.jpg,Aman
Train_Set/Aman/Aman_02548.jpg,Aman
Train_Set/Aman/Aman_00479.jpg,Aman
Train_Set/Rusak/Rusak_00213.jpg,Rusak
Train_Set/Aman/Aman_06731.jpg,Aman
Train_Set/Aman/Aman_03132.jpg,Aman
Train_Set/Aman/Aman_07815.jpg,Aman
Train_Set/Aman/Aman_04646.jpg,Aman
Train_Set/Aman/Aman_05643.jpg,Aman
Train_Set/Aman/Aman_08372.jpg,Aman
Train_Set/Aman/Aman_06775.jpg,Aman
Train_Set/Aman/Aman_02320.jpg,Aman
Train_Set/Aman/Aman_05614.jpg,Aman
Train_Set/Aman/Aman_05748.jpg,Aman
Train_Set/Aman/Aman_04503.jpg,Aman
